[2026-05-07 22:09:17] production.ERROR: SQLSTATE[HY000] [1045] Access denied for user 'sufocani_athletliv'@'p32.server.hostpoint.internal' (using password: YES) (Connection: mysql, Host: sufocani.mysql.db.internal, Port: 3306, Database: sufocani_athletlive, SQL: select exists (select 1 from information_schema.tables where table_schema = schema() and table_name = 'migrations' and table_type in ('BASE TABLE', 'SYSTEM VERSIONED')) as `exists`) {"exception":"[object] (Illuminate\\Database\\QueryException(code: 1045): SQLSTATE[HY000] [1045] Access denied for user 'sufocani_athletliv'@'p32.server.hostpoint.internal' (using password: YES) (Connection: mysql, Host: sufocani.mysql.db.internal, Port: 3306, Database: sufocani_athletlive, SQL: select exists (select 1 from information_schema.tables where table_schema = schema() and table_name = 'migrations' and table_type in ('BASE TABLE', 'SYSTEM VERSIONED')) as `exists`) at /home/sufocani/www/app.arssporttraining.ch/vendor/laravel/framework/src/Illuminate/Database/Connection.php:838)
[stacktrace]
#0 /home/sufocani/www/app.arssporttraining.ch/vendor/laravel/framework/src/Illuminate/Database/Connection.php(999): Illuminate\\Database\\Connection->runQueryCallback()
#1 /home/sufocani/www/app.arssporttraining.ch/vendor/laravel/framework/src/Illuminate/Database/Connection.php(978): Illuminate\\Database\\Connection->tryAgainIfCausedByLostConnection()
#2 /home/sufocani/www/app.arssporttraining.ch/vendor/laravel/framework/src/Illuminate/Database/Connection.php(796): Illuminate\\Database\\Connection->handleQueryException()
#3 /home/sufocani/www/app.arssporttraining.ch/vendor/laravel/framework/src/Illuminate/Database/Connection.php(411): Illuminate\\Database\\Connection->run()
#4 /home/sufocani/www/app.arssporttraining.ch/vendor/laravel/framework/src/Illuminate/Database/Connection.php(357): Illuminate\\Database\\Connection->select()
#5 /home/sufocani/www/app.arssporttraining.ch/vendor/laravel/framework/src/Illuminate/Database/Connection.php(374): Illuminate\\Database\\Connection->selectOne()
#6 /home/sufocani/www/app.arssporttraining.ch/vendor/laravel/framework/src/Illuminate/Database/Schema/Builder.php(176): Illuminate\\Database\\Connection->scalar()
#7 /home/sufocani/www/app.arssporttraining.ch/vendor/laravel/framework/src/Illuminate/Database/Migrations/DatabaseMigrationRepository.php(185): Illuminate\\Database\\Schema\\Builder->hasTable()
#8 /home/sufocani/www/app.arssporttraining.ch/vendor/laravel/framework/src/Illuminate/Database/Migrations/Migrator.php(758): Illuminate\\Database\\Migrations\\DatabaseMigrationRepository->repositoryExists()
#9 /home/sufocani/www/app.arssporttraining.ch/vendor/laravel/framework/src/Illuminate/Database/Console/Migrations/MigrateCommand.php(164): Illuminate\\Database\\Migrations\\Migrator->repositoryExists()
#10 /home/sufocani/www/app.arssporttraining.ch/vendor/laravel/framework/src/Illuminate/Support/helpers.php(328): Illuminate\\Database\\Console\\Migrations\\MigrateCommand->{closure:Illuminate\\Database\\Console\\Migrations\\MigrateCommand::repositoryExists():164}()
#11 /home/sufocani/www/app.arssporttraining.ch/vendor/laravel/framework/src/Illuminate/Database/Console/Migrations/MigrateCommand.php(164): retry()
#12 /home/sufocani/www/app.arssporttraining.ch/vendor/laravel/framework/src/Illuminate/Database/Console/Migrations/MigrateCommand.php(140): Illuminate\\Database\\Console\\Migrations\\MigrateCommand->repositoryExists()
#13 /home/sufocani/www/app.arssporttraining.ch/vendor/laravel/framework/src/Illuminate/Database/Console/Migrations/MigrateCommand.php(110): Illuminate\\Database\\Console\\Migrations\\MigrateCommand->prepareDatabase()
#14 /home/sufocani/www/app.arssporttraining.ch/vendor/laravel/framework/src/Illuminate/Database/Migrations/Migrator.php(671): Illuminate\\Database\\Console\\Migrations\\MigrateCommand->{closure:Illuminate\\Database\\Console\\Migrations\\MigrateCommand::runMigrations():109}()
#15 /home/sufocani/www/app.arssporttraining.ch/vendor/laravel/framework/src/Illuminate/Database/Console/Migrations/MigrateCommand.php(109): Illuminate\\Database\\Migrations\\Migrator->usingConnection()
#16 /home/sufocani/www/app.arssporttraining.ch/vendor/laravel/framework/src/Illuminate/Database/Console/Migrations/MigrateCommand.php(88): Illuminate\\Database\\Console\\Migrations\\MigrateCommand->runMigrations()
#17 /home/sufocani/www/app.arssporttraining.ch/vendor/laravel/framework/src/Illuminate/Container/BoundMethod.php(36): Illuminate\\Database\\Console\\Migrations\\MigrateCommand->handle()
#18 /home/sufocani/www/app.arssporttraining.ch/vendor/laravel/framework/src/Illuminate/Container/Util.php(43): Illuminate\\Container\\BoundMethod::{closure:Illuminate\\Container\\BoundMethod::call():35}()
#19 /home/sufocani/www/app.arssporttraining.ch/vendor/laravel/framework/src/Illuminate/Container/BoundMethod.php(96): Illuminate\\Container\\Util::unwrapIfClosure()
#20 /home/sufocani/www/app.arssporttraining.ch/vendor/laravel/framework/src/Illuminate/Container/BoundMethod.php(35): Illuminate\\Container\\BoundMethod::callBoundMethod()
#21 /home/sufocani/www/app.arssporttraining.ch/vendor/laravel/framework/src/Illuminate/Container/Container.php(799): Illuminate\\Container\\BoundMethod::call()
#22 /home/sufocani/www/app.arssporttraining.ch/vendor/laravel/framework/src/Illuminate/Console/Command.php(211): Illuminate\\Container\\Container->call()
#23 /home/sufocani/www/app.arssporttraining.ch/vendor/symfony/console/Command/Command.php(341): Illuminate\\Console\\Command->execute()
#24 /home/sufocani/www/app.arssporttraining.ch/vendor/laravel/framework/src/Illuminate/Console/Command.php(180): Symfony\\Component\\Console\\Command\\Command->run()
#25 /home/sufocani/www/app.arssporttraining.ch/vendor/laravel/framework/src/Illuminate/Console/Concerns/CallsCommands.php(68): Illuminate\\Console\\Command->run()
#26 /home/sufocani/www/app.arssporttraining.ch/vendor/laravel/framework/src/Illuminate/Console/Concerns/CallsCommands.php(29): Illuminate\\Console\\Command->runCommand()
#27 /home/sufocani/www/app.arssporttraining.ch/vendor/laravel/framework/src/Illuminate/Database/Console/Migrations/FreshCommand.php(88): Illuminate\\Console\\Command->call()
#28 /home/sufocani/www/app.arssporttraining.ch/vendor/laravel/framework/src/Illuminate/Container/BoundMethod.php(36): Illuminate\\Database\\Console\\Migrations\\FreshCommand->handle()
#29 /home/sufocani/www/app.arssporttraining.ch/vendor/laravel/framework/src/Illuminate/Container/Util.php(43): Illuminate\\Container\\BoundMethod::{closure:Illuminate\\Container\\BoundMethod::call():35}()
#30 /home/sufocani/www/app.arssporttraining.ch/vendor/laravel/framework/src/Illuminate/Container/BoundMethod.php(96): Illuminate\\Container\\Util::unwrapIfClosure()
#31 /home/sufocani/www/app.arssporttraining.ch/vendor/laravel/framework/src/Illuminate/Container/BoundMethod.php(35): Illuminate\\Container\\BoundMethod::callBoundMethod()
#32 /home/sufocani/www/app.arssporttraining.ch/vendor/laravel/framework/src/Illuminate/Container/Container.php(799): Illuminate\\Container\\BoundMethod::call()
#33 /home/sufocani/www/app.arssporttraining.ch/vendor/laravel/framework/src/Illuminate/Console/Command.php(211): Illuminate\\Container\\Container->call()
#34 /home/sufocani/www/app.arssporttraining.ch/vendor/symfony/console/Command/Command.php(341): Illuminate\\Console\\Command->execute()
#35 /home/sufocani/www/app.arssporttraining.ch/vendor/laravel/framework/src/Illuminate/Console/Command.php(180): Symfony\\Component\\Console\\Command\\Command->run()
#36 /home/sufocani/www/app.arssporttraining.ch/vendor/symfony/console/Application.php(1117): Illuminate\\Console\\Command->run()
#37 /home/sufocani/www/app.arssporttraining.ch/vendor/symfony/console/Application.php(356): Symfony\\Component\\Console\\Application->doRunCommand()
#38 /home/sufocani/www/app.arssporttraining.ch/vendor/symfony/console/Application.php(195): Symfony\\Component\\Console\\Application->doRun()
#39 /home/sufocani/www/app.arssporttraining.ch/vendor/laravel/framework/src/Illuminate/Foundation/Console/Kernel.php(198): Symfony\\Component\\Console\\Application->run()
#40 /home/sufocani/www/app.arssporttraining.ch/vendor/laravel/framework/src/Illuminate/Foundation/Application.php(1235): Illuminate\\Foundation\\Console\\Kernel->handle()
#41 /home/sufocani/www/app.arssporttraining.ch/artisan(16): Illuminate\\Foundation\\Application->handleCommand()
#42 {main}

[previous exception] [object] (PDOException(code: 1045): SQLSTATE[HY000] [1045] Access denied for user 'sufocani_athletliv'@'p32.server.hostpoint.internal' (using password: YES) at /home/sufocani/www/app.arssporttraining.ch/vendor/laravel/framework/src/Illuminate/Database/Connectors/Connector.php:67)
[stacktrace]
#0 /home/sufocani/www/app.arssporttraining.ch/vendor/laravel/framework/src/Illuminate/Database/Connectors/Connector.php(67): PDO::connect()
#1 /home/sufocani/www/app.arssporttraining.ch/vendor/laravel/framework/src/Illuminate/Database/Connectors/Connector.php(85): Illuminate\\Database\\Connectors\\Connector->createPdoConnection()
#2 /home/sufocani/www/app.arssporttraining.ch/vendor/laravel/framework/src/Illuminate/Database/Connectors/Connector.php(48): Illuminate\\Database\\Connectors\\Connector->tryAgainIfCausedByLostConnection()
#3 /home/sufocani/www/app.arssporttraining.ch/vendor/laravel/framework/src/Illuminate/Database/Connectors/MySqlConnector.php(24): Illuminate\\Database\\Connectors\\Connector->createConnection()
#4 /home/sufocani/www/app.arssporttraining.ch/vendor/laravel/framework/src/Illuminate/Database/Connectors/ConnectionFactory.php(186): Illuminate\\Database\\Connectors\\MySqlConnector->connect()
#5 [internal function]: Illuminate\\Database\\Connectors\\ConnectionFactory->{closure:Illuminate\\Database\\Connectors\\ConnectionFactory::createPdoResolverWithHosts():181}()
#6 /home/sufocani/www/app.arssporttraining.ch/vendor/laravel/framework/src/Illuminate/Database/Connection.php(1257): call_user_func()
#7 /home/sufocani/www/app.arssporttraining.ch/vendor/laravel/framework/src/Illuminate/Database/Connection.php(1295): Illuminate\\Database\\Connection->getPdo()
#8 /home/sufocani/www/app.arssporttraining.ch/vendor/laravel/framework/src/Illuminate/Database/Connection.php(525): Illuminate\\Database\\Connection->getReadPdo()
#9 /home/sufocani/www/app.arssporttraining.ch/vendor/laravel/framework/src/Illuminate/Database/Connection.php(420): Illuminate\\Database\\Connection->getPdoForSelect()
#10 /home/sufocani/www/app.arssporttraining.ch/vendor/laravel/framework/src/Illuminate/Database/Connection.php(827): Illuminate\\Database\\Connection->{closure:Illuminate\\Database\\Connection::select():411}()
#11 /home/sufocani/www/app.arssporttraining.ch/vendor/laravel/framework/src/Illuminate/Database/Connection.php(999): Illuminate\\Database\\Connection->runQueryCallback()
#12 /home/sufocani/www/app.arssporttraining.ch/vendor/laravel/framework/src/Illuminate/Database/Connection.php(978): Illuminate\\Database\\Connection->tryAgainIfCausedByLostConnection()
#13 /home/sufocani/www/app.arssporttraining.ch/vendor/laravel/framework/src/Illuminate/Database/Connection.php(796): Illuminate\\Database\\Connection->handleQueryException()
#14 /home/sufocani/www/app.arssporttraining.ch/vendor/laravel/framework/src/Illuminate/Database/Connection.php(411): Illuminate\\Database\\Connection->run()
#15 /home/sufocani/www/app.arssporttraining.ch/vendor/laravel/framework/src/Illuminate/Database/Connection.php(357): Illuminate\\Database\\Connection->select()
#16 /home/sufocani/www/app.arssporttraining.ch/vendor/laravel/framework/src/Illuminate/Database/Connection.php(374): Illuminate\\Database\\Connection->selectOne()
#17 /home/sufocani/www/app.arssporttraining.ch/vendor/laravel/framework/src/Illuminate/Database/Schema/Builder.php(176): Illuminate\\Database\\Connection->scalar()
#18 /home/sufocani/www/app.arssporttraining.ch/vendor/laravel/framework/src/Illuminate/Database/Migrations/DatabaseMigrationRepository.php(185): Illuminate\\Database\\Schema\\Builder->hasTable()
#19 /home/sufocani/www/app.arssporttraining.ch/vendor/laravel/framework/src/Illuminate/Database/Migrations/Migrator.php(758): Illuminate\\Database\\Migrations\\DatabaseMigrationRepository->repositoryExists()
#20 /home/sufocani/www/app.arssporttraining.ch/vendor/laravel/framework/src/Illuminate/Database/Console/Migrations/MigrateCommand.php(164): Illuminate\\Database\\Migrations\\Migrator->repositoryExists()
#21 /home/sufocani/www/app.arssporttraining.ch/vendor/laravel/framework/src/Illuminate/Support/helpers.php(328): Illuminate\\Database\\Console\\Migrations\\MigrateCommand->{closure:Illuminate\\Database\\Console\\Migrations\\MigrateCommand::repositoryExists():164}()
#22 /home/sufocani/www/app.arssporttraining.ch/vendor/laravel/framework/src/Illuminate/Database/Console/Migrations/MigrateCommand.php(164): retry()
#23 /home/sufocani/www/app.arssporttraining.ch/vendor/laravel/framework/src/Illuminate/Database/Console/Migrations/MigrateCommand.php(140): Illuminate\\Database\\Console\\Migrations\\MigrateCommand->repositoryExists()
#24 /home/sufocani/www/app.arssporttraining.ch/vendor/laravel/framework/src/Illuminate/Database/Console/Migrations/MigrateCommand.php(110): Illuminate\\Database\\Console\\Migrations\\MigrateCommand->prepareDatabase()
#25 /home/sufocani/www/app.arssporttraining.ch/vendor/laravel/framework/src/Illuminate/Database/Migrations/Migrator.php(671): Illuminate\\Database\\Console\\Migrations\\MigrateCommand->{closure:Illuminate\\Database\\Console\\Migrations\\MigrateCommand::runMigrations():109}()
#26 /home/sufocani/www/app.arssporttraining.ch/vendor/laravel/framework/src/Illuminate/Database/Console/Migrations/MigrateCommand.php(109): Illuminate\\Database\\Migrations\\Migrator->usingConnection()
#27 /home/sufocani/www/app.arssporttraining.ch/vendor/laravel/framework/src/Illuminate/Database/Console/Migrations/MigrateCommand.php(88): Illuminate\\Database\\Console\\Migrations\\MigrateCommand->runMigrations()
#28 /home/sufocani/www/app.arssporttraining.ch/vendor/laravel/framework/src/Illuminate/Container/BoundMethod.php(36): Illuminate\\Database\\Console\\Migrations\\MigrateCommand->handle()
#29 /home/sufocani/www/app.arssporttraining.ch/vendor/laravel/framework/src/Illuminate/Container/Util.php(43): Illuminate\\Container\\BoundMethod::{closure:Illuminate\\Container\\BoundMethod::call():35}()
#30 /home/sufocani/www/app.arssporttraining.ch/vendor/laravel/framework/src/Illuminate/Container/BoundMethod.php(96): Illuminate\\Container\\Util::unwrapIfClosure()
#31 /home/sufocani/www/app.arssporttraining.ch/vendor/laravel/framework/src/Illuminate/Container/BoundMethod.php(35): Illuminate\\Container\\BoundMethod::callBoundMethod()
#32 /home/sufocani/www/app.arssporttraining.ch/vendor/laravel/framework/src/Illuminate/Container/Container.php(799): Illuminate\\Container\\BoundMethod::call()
#33 /home/sufocani/www/app.arssporttraining.ch/vendor/laravel/framework/src/Illuminate/Console/Command.php(211): Illuminate\\Container\\Container->call()
#34 /home/sufocani/www/app.arssporttraining.ch/vendor/symfony/console/Command/Command.php(341): Illuminate\\Console\\Command->execute()
#35 /home/sufocani/www/app.arssporttraining.ch/vendor/laravel/framework/src/Illuminate/Console/Command.php(180): Symfony\\Component\\Console\\Command\\Command->run()
#36 /home/sufocani/www/app.arssporttraining.ch/vendor/laravel/framework/src/Illuminate/Console/Concerns/CallsCommands.php(68): Illuminate\\Console\\Command->run()
#37 /home/sufocani/www/app.arssporttraining.ch/vendor/laravel/framework/src/Illuminate/Console/Concerns/CallsCommands.php(29): Illuminate\\Console\\Command->runCommand()
#38 /home/sufocani/www/app.arssporttraining.ch/vendor/laravel/framework/src/Illuminate/Database/Console/Migrations/FreshCommand.php(88): Illuminate\\Console\\Command->call()
#39 /home/sufocani/www/app.arssporttraining.ch/vendor/laravel/framework/src/Illuminate/Container/BoundMethod.php(36): Illuminate\\Database\\Console\\Migrations\\FreshCommand->handle()
#40 /home/sufocani/www/app.arssporttraining.ch/vendor/laravel/framework/src/Illuminate/Container/Util.php(43): Illuminate\\Container\\BoundMethod::{closure:Illuminate\\Container\\BoundMethod::call():35}()
#41 /home/sufocani/www/app.arssporttraining.ch/vendor/laravel/framework/src/Illuminate/Container/BoundMethod.php(96): Illuminate\\Container\\Util::unwrapIfClosure()
#42 /home/sufocani/www/app.arssporttraining.ch/vendor/laravel/framework/src/Illuminate/Container/BoundMethod.php(35): Illuminate\\Container\\BoundMethod::callBoundMethod()
#43 /home/sufocani/www/app.arssporttraining.ch/vendor/laravel/framework/src/Illuminate/Container/Container.php(799): Illuminate\\Container\\BoundMethod::call()
#44 /home/sufocani/www/app.arssporttraining.ch/vendor/laravel/framework/src/Illuminate/Console/Command.php(211): Illuminate\\Container\\Container->call()
#45 /home/sufocani/www/app.arssporttraining.ch/vendor/symfony/console/Command/Command.php(341): Illuminate\\Console\\Command->execute()
#46 /home/sufocani/www/app.arssporttraining.ch/vendor/laravel/framework/src/Illuminate/Console/Command.php(180): Symfony\\Component\\Console\\Command\\Command->run()
#47 /home/sufocani/www/app.arssporttraining.ch/vendor/symfony/console/Application.php(1117): Illuminate\\Console\\Command->run()
#48 /home/sufocani/www/app.arssporttraining.ch/vendor/symfony/console/Application.php(356): Symfony\\Component\\Console\\Application->doRunCommand()
#49 /home/sufocani/www/app.arssporttraining.ch/vendor/symfony/console/Application.php(195): Symfony\\Component\\Console\\Application->doRun()
#50 /home/sufocani/www/app.arssporttraining.ch/vendor/laravel/framework/src/Illuminate/Foundation/Console/Kernel.php(198): Symfony\\Component\\Console\\Application->run()
#51 /home/sufocani/www/app.arssporttraining.ch/vendor/laravel/framework/src/Illuminate/Foundation/Application.php(1235): Illuminate\\Foundation\\Console\\Kernel->handle()
#52 /home/sufocani/www/app.arssporttraining.ch/artisan(16): Illuminate\\Foundation\\Application->handleCommand()
#53 {main}
"} 
[2026-05-07 22:10:47] production.ERROR: The "/home/sufocani/www/app.arssporttraining.ch/import/database" directory does not exist. {"exception":"[object] (Symfony\\Component\\Finder\\Exception\\DirectoryNotFoundException(code: 0): The \"/home/sufocani/www/app.arssporttraining.ch/import/database\" directory does not exist. at /home/sufocani/www/app.arssporttraining.ch/vendor/symfony/finder/Finder.php:648)
[stacktrace]
#0 /home/sufocani/www/app.arssporttraining.ch/vendor/laravel/framework/src/Illuminate/Filesystem/Filesystem.php(615): Symfony\\Component\\Finder\\Finder->in()
#1 /home/sufocani/www/app.arssporttraining.ch/vendor/laravel/framework/src/Illuminate/Support/Facades/Facade.php(363): Illuminate\\Filesystem\\Filesystem->directories()
#2 /home/sufocani/www/app.arssporttraining.ch/database/seeders/DatabaseImportSeeder.php(752): Illuminate\\Support\\Facades\\Facade::__callStatic()
#3 /home/sufocani/www/app.arssporttraining.ch/database/seeders/DatabaseImportSeeder.php(66): Database\\Seeders\\DatabaseImportSeeder->resolveImportPath()
#4 /home/sufocani/www/app.arssporttraining.ch/database/seeders/DatabaseSeeder.php(38): Database\\Seeders\\DatabaseImportSeeder->run()
#5 /home/sufocani/www/app.arssporttraining.ch/database/seeders/DatabaseSeeder.php(19): Database\\Seeders\\DatabaseSeeder->runContentImportWithConallFixture()
#6 /home/sufocani/www/app.arssporttraining.ch/vendor/laravel/framework/src/Illuminate/Container/BoundMethod.php(36): Database\\Seeders\\DatabaseSeeder->run()
#7 /home/sufocani/www/app.arssporttraining.ch/vendor/laravel/framework/src/Illuminate/Container/Util.php(43): Illuminate\\Container\\BoundMethod::{closure:Illuminate\\Container\\BoundMethod::call():35}()
#8 /home/sufocani/www/app.arssporttraining.ch/vendor/laravel/framework/src/Illuminate/Container/BoundMethod.php(96): Illuminate\\Container\\Util::unwrapIfClosure()
#9 /home/sufocani/www/app.arssporttraining.ch/vendor/laravel/framework/src/Illuminate/Container/BoundMethod.php(35): Illuminate\\Container\\BoundMethod::callBoundMethod()
#10 /home/sufocani/www/app.arssporttraining.ch/vendor/laravel/framework/src/Illuminate/Container/Container.php(799): Illuminate\\Container\\BoundMethod::call()
#11 /home/sufocani/www/app.arssporttraining.ch/vendor/laravel/framework/src/Illuminate/Database/Seeder.php(184): Illuminate\\Container\\Container->call()
#12 /home/sufocani/www/app.arssporttraining.ch/vendor/laravel/framework/src/Illuminate/Database/Seeder.php(193): Illuminate\\Database\\Seeder->{closure:Illuminate\\Database\\Seeder::__invoke():183}()
#13 /home/sufocani/www/app.arssporttraining.ch/vendor/laravel/framework/src/Illuminate/Database/Console/Seeds/SeedCommand.php(71): Illuminate\\Database\\Seeder->__invoke()
#14 /home/sufocani/www/app.arssporttraining.ch/vendor/laravel/framework/src/Illuminate/Database/Eloquent/Concerns/GuardsAttributes.php(157): Illuminate\\Database\\Console\\Seeds\\SeedCommand->{closure:Illuminate\\Database\\Console\\Seeds\\SeedCommand::handle():70}()
#15 /home/sufocani/www/app.arssporttraining.ch/vendor/laravel/framework/src/Illuminate/Database/Console/Seeds/SeedCommand.php(70): Illuminate\\Database\\Eloquent\\Model::unguarded()
#16 /home/sufocani/www/app.arssporttraining.ch/vendor/laravel/framework/src/Illuminate/Container/BoundMethod.php(36): Illuminate\\Database\\Console\\Seeds\\SeedCommand->handle()
#17 /home/sufocani/www/app.arssporttraining.ch/vendor/laravel/framework/src/Illuminate/Container/Util.php(43): Illuminate\\Container\\BoundMethod::{closure:Illuminate\\Container\\BoundMethod::call():35}()
#18 /home/sufocani/www/app.arssporttraining.ch/vendor/laravel/framework/src/Illuminate/Container/BoundMethod.php(96): Illuminate\\Container\\Util::unwrapIfClosure()
#19 /home/sufocani/www/app.arssporttraining.ch/vendor/laravel/framework/src/Illuminate/Container/BoundMethod.php(35): Illuminate\\Container\\BoundMethod::callBoundMethod()
#20 /home/sufocani/www/app.arssporttraining.ch/vendor/laravel/framework/src/Illuminate/Container/Container.php(799): Illuminate\\Container\\BoundMethod::call()
#21 /home/sufocani/www/app.arssporttraining.ch/vendor/laravel/framework/src/Illuminate/Console/Command.php(211): Illuminate\\Container\\Container->call()
#22 /home/sufocani/www/app.arssporttraining.ch/vendor/symfony/console/Command/Command.php(341): Illuminate\\Console\\Command->execute()
#23 /home/sufocani/www/app.arssporttraining.ch/vendor/laravel/framework/src/Illuminate/Console/Command.php(180): Symfony\\Component\\Console\\Command\\Command->run()
#24 /home/sufocani/www/app.arssporttraining.ch/vendor/laravel/framework/src/Illuminate/Console/Concerns/CallsCommands.php(68): Illuminate\\Console\\Command->run()
#25 /home/sufocani/www/app.arssporttraining.ch/vendor/laravel/framework/src/Illuminate/Console/Concerns/CallsCommands.php(29): Illuminate\\Console\\Command->runCommand()
#26 /home/sufocani/www/app.arssporttraining.ch/vendor/laravel/framework/src/Illuminate/Database/Console/Migrations/FreshCommand.php(128): Illuminate\\Console\\Command->call()
#27 /home/sufocani/www/app.arssporttraining.ch/vendor/laravel/framework/src/Illuminate/Database/Console/Migrations/FreshCommand.php(104): Illuminate\\Database\\Console\\Migrations\\FreshCommand->runSeeder()
#28 /home/sufocani/www/app.arssporttraining.ch/vendor/laravel/framework/src/Illuminate/Container/BoundMethod.php(36): Illuminate\\Database\\Console\\Migrations\\FreshCommand->handle()
#29 /home/sufocani/www/app.arssporttraining.ch/vendor/laravel/framework/src/Illuminate/Container/Util.php(43): Illuminate\\Container\\BoundMethod::{closure:Illuminate\\Container\\BoundMethod::call():35}()
#30 /home/sufocani/www/app.arssporttraining.ch/vendor/laravel/framework/src/Illuminate/Container/BoundMethod.php(96): Illuminate\\Container\\Util::unwrapIfClosure()
#31 /home/sufocani/www/app.arssporttraining.ch/vendor/laravel/framework/src/Illuminate/Container/BoundMethod.php(35): Illuminate\\Container\\BoundMethod::callBoundMethod()
#32 /home/sufocani/www/app.arssporttraining.ch/vendor/laravel/framework/src/Illuminate/Container/Container.php(799): Illuminate\\Container\\BoundMethod::call()
#33 /home/sufocani/www/app.arssporttraining.ch/vendor/laravel/framework/src/Illuminate/Console/Command.php(211): Illuminate\\Container\\Container->call()
#34 /home/sufocani/www/app.arssporttraining.ch/vendor/symfony/console/Command/Command.php(341): Illuminate\\Console\\Command->execute()
#35 /home/sufocani/www/app.arssporttraining.ch/vendor/laravel/framework/src/Illuminate/Console/Command.php(180): Symfony\\Component\\Console\\Command\\Command->run()
#36 /home/sufocani/www/app.arssporttraining.ch/vendor/symfony/console/Application.php(1117): Illuminate\\Console\\Command->run()
#37 /home/sufocani/www/app.arssporttraining.ch/vendor/symfony/console/Application.php(356): Symfony\\Component\\Console\\Application->doRunCommand()
#38 /home/sufocani/www/app.arssporttraining.ch/vendor/symfony/console/Application.php(195): Symfony\\Component\\Console\\Application->doRun()
#39 /home/sufocani/www/app.arssporttraining.ch/vendor/laravel/framework/src/Illuminate/Foundation/Console/Kernel.php(198): Symfony\\Component\\Console\\Application->run()
#40 /home/sufocani/www/app.arssporttraining.ch/vendor/laravel/framework/src/Illuminate/Foundation/Application.php(1235): Illuminate\\Foundation\\Console\\Kernel->handle()
#41 /home/sufocani/www/app.arssporttraining.ch/artisan(16): Illuminate\\Foundation\\Application->handleCommand()
#42 {main}
"} 
[2026-05-08 16:25:02] production.INFO: request_timing {"method":"POST","path":"/telescope/telescope-api/requests","route":null,"controller":"Laravel\\Telescope\\Http\\Controllers\\RequestsController@index","status":200,"duration_ms":18.6,"memory_mb":26.0} 
[2026-05-09 04:11:03] production.ERROR: Class "App\Livewire\Training\Concerns\MetricSubmissionData" not found {"userId":2,"exception":"[object] (Error(code: 0): Class \"App\\Livewire\\Training\\Concerns\\MetricSubmissionData\" not found at /home/sufocani/www/app.arssporttraining.ch/app/Livewire/Training/Concerns/WithCalendarPlan.php:770)
[stacktrace]
#0 /home/sufocani/www/app.arssporttraining.ch/vendor/laravel/framework/src/Illuminate/Container/BoundMethod.php(36): App\\Livewire\\Training\\CalendarIndex->onPlanMetricFormSubmitted()
#1 /home/sufocani/www/app.arssporttraining.ch/vendor/laravel/framework/src/Illuminate/Container/Util.php(43): Illuminate\\Container\\BoundMethod::{closure:Illuminate\\Container\\BoundMethod::call():35}()
#2 /home/sufocani/www/app.arssporttraining.ch/vendor/laravel/framework/src/Illuminate/Container/BoundMethod.php(96): Illuminate\\Container\\Util::unwrapIfClosure()
#3 /home/sufocani/www/app.arssporttraining.ch/vendor/laravel/framework/src/Illuminate/Container/BoundMethod.php(35): Illuminate\\Container\\BoundMethod::callBoundMethod()
#4 /home/sufocani/www/app.arssporttraining.ch/vendor/livewire/livewire/src/Wrapped.php(23): Illuminate\\Container\\BoundMethod::call()
#5 /home/sufocani/www/app.arssporttraining.ch/vendor/livewire/livewire/src/Features/SupportEvents/SupportEvents.php(29): Livewire\\Wrapped->__call()
#6 /home/sufocani/www/app.arssporttraining.ch/vendor/livewire/livewire/src/ComponentHook.php(41): Livewire\\Features\\SupportEvents\\SupportEvents->call()
#7 /home/sufocani/www/app.arssporttraining.ch/vendor/livewire/livewire/src/ComponentHookRegistry.php(114): Livewire\\ComponentHook->callCall()
#8 /home/sufocani/www/app.arssporttraining.ch/vendor/livewire/livewire/src/ComponentHookRegistry.php(65): Livewire\\ComponentHookRegistry::{closure:Livewire\\ComponentHookRegistry::proxyCallToHooks():110}()
#9 /home/sufocani/www/app.arssporttraining.ch/vendor/livewire/livewire/src/EventBus.php(87): Livewire\\ComponentHookRegistry::{closure:Livewire\\ComponentHookRegistry::boot():64}()
#10 /home/sufocani/www/app.arssporttraining.ch/vendor/livewire/livewire/src/helpers.php(98): Livewire\\EventBus->trigger()
#11 /home/sufocani/www/app.arssporttraining.ch/vendor/livewire/livewire/src/Mechanisms/HandleComponents/HandleComponents.php(664): Livewire\\trigger()
#12 /home/sufocani/www/app.arssporttraining.ch/vendor/livewire/livewire/src/Mechanisms/HandleComponents/HandleComponents.php(240): Livewire\\Mechanisms\\HandleComponents\\HandleComponents->callMethods()
#13 /home/sufocani/www/app.arssporttraining.ch/vendor/livewire/livewire/src/LivewireManager.php(131): Livewire\\Mechanisms\\HandleComponents\\HandleComponents->update()
#14 /home/sufocani/www/app.arssporttraining.ch/vendor/livewire/livewire/src/Mechanisms/HandleRequests/HandleRequests.php(190): Livewire\\LivewireManager->update()
#15 /home/sufocani/www/app.arssporttraining.ch/vendor/laravel/framework/src/Illuminate/Routing/ControllerDispatcher.php(46): Livewire\\Mechanisms\\HandleRequests\\HandleRequests->handleUpdate()
#16 /home/sufocani/www/app.arssporttraining.ch/vendor/laravel/framework/src/Illuminate/Routing/Route.php(265): Illuminate\\Routing\\ControllerDispatcher->dispatch()
#17 /home/sufocani/www/app.arssporttraining.ch/vendor/laravel/framework/src/Illuminate/Routing/Route.php(211): Illuminate\\Routing\\Route->runController()
#18 /home/sufocani/www/app.arssporttraining.ch/vendor/laravel/framework/src/Illuminate/Routing/Router.php(822): Illuminate\\Routing\\Route->run()
#19 /home/sufocani/www/app.arssporttraining.ch/vendor/laravel/framework/src/Illuminate/Pipeline/Pipeline.php(180): Illuminate\\Routing\\Router->{closure:Illuminate\\Routing\\Router::runRouteWithinStack():821}()
#20 /home/sufocani/www/app.arssporttraining.ch/vendor/livewire/livewire/src/Mechanisms/HandleRequests/RequireLivewireHeaders.php(19): Illuminate\\Pipeline\\Pipeline->{closure:Illuminate\\Pipeline\\Pipeline::prepareDestination():178}()
#21 /home/sufocani/www/app.arssporttraining.ch/vendor/laravel/framework/src/Illuminate/Pipeline/Pipeline.php(219): Livewire\\Mechanisms\\HandleRequests\\RequireLivewireHeaders->handle()
#22 /home/sufocani/www/app.arssporttraining.ch/vendor/barryvdh/laravel-debugbar/src/Middleware/InjectDebugbar.php(59): Illuminate\\Pipeline\\Pipeline->{closure:{closure:Illuminate\\Pipeline\\Pipeline::carry():194}:195}()
#23 /home/sufocani/www/app.arssporttraining.ch/vendor/laravel/framework/src/Illuminate/Pipeline/Pipeline.php(219): Barryvdh\\Debugbar\\Middleware\\InjectDebugbar->handle()
#24 /home/sufocani/www/app.arssporttraining.ch/vendor/laravel/framework/src/Illuminate/Routing/Middleware/SubstituteBindings.php(50): Illuminate\\Pipeline\\Pipeline->{closure:{closure:Illuminate\\Pipeline\\Pipeline::carry():194}:195}()
#25 /home/sufocani/www/app.arssporttraining.ch/vendor/laravel/framework/src/Illuminate/Pipeline/Pipeline.php(219): Illuminate\\Routing\\Middleware\\SubstituteBindings->handle()
#26 /home/sufocani/www/app.arssporttraining.ch/vendor/laravel/framework/src/Illuminate/Foundation/Http/Middleware/VerifyCsrfToken.php(87): Illuminate\\Pipeline\\Pipeline->{closure:{closure:Illuminate\\Pipeline\\Pipeline::carry():194}:195}()
#27 /home/sufocani/www/app.arssporttraining.ch/vendor/laravel/framework/src/Illuminate/Pipeline/Pipeline.php(219): Illuminate\\Foundation\\Http\\Middleware\\VerifyCsrfToken->handle()
#28 /home/sufocani/www/app.arssporttraining.ch/vendor/laravel/framework/src/Illuminate/View/Middleware/ShareErrorsFromSession.php(48): Illuminate\\Pipeline\\Pipeline->{closure:{closure:Illuminate\\Pipeline\\Pipeline::carry():194}:195}()
#29 /home/sufocani/www/app.arssporttraining.ch/vendor/laravel/framework/src/Illuminate/Pipeline/Pipeline.php(219): Illuminate\\View\\Middleware\\ShareErrorsFromSession->handle()
#30 /home/sufocani/www/app.arssporttraining.ch/vendor/laravel/framework/src/Illuminate/Session/Middleware/StartSession.php(120): Illuminate\\Pipeline\\Pipeline->{closure:{closure:Illuminate\\Pipeline\\Pipeline::carry():194}:195}()
#31 /home/sufocani/www/app.arssporttraining.ch/vendor/laravel/framework/src/Illuminate/Session/Middleware/StartSession.php(63): Illuminate\\Session\\Middleware\\StartSession->handleStatefulRequest()
#32 /home/sufocani/www/app.arssporttraining.ch/vendor/laravel/framework/src/Illuminate/Pipeline/Pipeline.php(219): Illuminate\\Session\\Middleware\\StartSession->handle()
#33 /home/sufocani/www/app.arssporttraining.ch/vendor/laravel/framework/src/Illuminate/Cookie/Middleware/AddQueuedCookiesToResponse.php(36): Illuminate\\Pipeline\\Pipeline->{closure:{closure:Illuminate\\Pipeline\\Pipeline::carry():194}:195}()
#34 /home/sufocani/www/app.arssporttraining.ch/vendor/laravel/framework/src/Illuminate/Pipeline/Pipeline.php(219): Illuminate\\Cookie\\Middleware\\AddQueuedCookiesToResponse->handle()
#35 /home/sufocani/www/app.arssporttraining.ch/vendor/laravel/framework/src/Illuminate/Cookie/Middleware/EncryptCookies.php(74): Illuminate\\Pipeline\\Pipeline->{closure:{closure:Illuminate\\Pipeline\\Pipeline::carry():194}:195}()
#36 /home/sufocani/www/app.arssporttraining.ch/vendor/laravel/framework/src/Illuminate/Pipeline/Pipeline.php(219): Illuminate\\Cookie\\Middleware\\EncryptCookies->handle()
#37 /home/sufocani/www/app.arssporttraining.ch/vendor/laravel/framework/src/Illuminate/Pipeline/Pipeline.php(137): Illuminate\\Pipeline\\Pipeline->{closure:{closure:Illuminate\\Pipeline\\Pipeline::carry():194}:195}()
#38 /home/sufocani/www/app.arssporttraining.ch/vendor/laravel/framework/src/Illuminate/Routing/Router.php(821): Illuminate\\Pipeline\\Pipeline->then()
#39 /home/sufocani/www/app.arssporttraining.ch/vendor/laravel/framework/src/Illuminate/Routing/Router.php(800): Illuminate\\Routing\\Router->runRouteWithinStack()
#40 /home/sufocani/www/app.arssporttraining.ch/vendor/laravel/framework/src/Illuminate/Routing/Router.php(764): Illuminate\\Routing\\Router->runRoute()
#41 /home/sufocani/www/app.arssporttraining.ch/vendor/laravel/framework/src/Illuminate/Routing/Router.php(753): Illuminate\\Routing\\Router->dispatchToRoute()
#42 /home/sufocani/www/app.arssporttraining.ch/vendor/laravel/framework/src/Illuminate/Foundation/Http/Kernel.php(200): Illuminate\\Routing\\Router->dispatch()
#43 /home/sufocani/www/app.arssporttraining.ch/vendor/laravel/framework/src/Illuminate/Pipeline/Pipeline.php(180): Illuminate\\Foundation\\Http\\Kernel->{closure:Illuminate\\Foundation\\Http\\Kernel::dispatchToRouter():197}()
#44 /home/sufocani/www/app.arssporttraining.ch/vendor/livewire/livewire/src/Features/SupportDisablingBackButtonCache/DisableBackButtonCacheMiddleware.php(19): Illuminate\\Pipeline\\Pipeline->{closure:Illuminate\\Pipeline\\Pipeline::prepareDestination():178}()
#45 /home/sufocani/www/app.arssporttraining.ch/vendor/laravel/framework/src/Illuminate/Pipeline/Pipeline.php(219): Livewire\\Features\\SupportDisablingBackButtonCache\\DisableBackButtonCacheMiddleware->handle()
#46 /home/sufocani/www/app.arssporttraining.ch/vendor/barryvdh/laravel-debugbar/src/Middleware/InjectDebugbar.php(59): Illuminate\\Pipeline\\Pipeline->{closure:{closure:Illuminate\\Pipeline\\Pipeline::carry():194}:195}()
#47 /home/sufocani/www/app.arssporttraining.ch/vendor/laravel/framework/src/Illuminate/Pipeline/Pipeline.php(219): Barryvdh\\Debugbar\\Middleware\\InjectDebugbar->handle()
#48 /home/sufocani/www/app.arssporttraining.ch/app/Http/Middleware/LogRequestTiming.php(14): Illuminate\\Pipeline\\Pipeline->{closure:{closure:Illuminate\\Pipeline\\Pipeline::carry():194}:195}()
#49 /home/sufocani/www/app.arssporttraining.ch/vendor/laravel/framework/src/Illuminate/Pipeline/Pipeline.php(219): App\\Http\\Middleware\\LogRequestTiming->handle()
#50 /home/sufocani/www/app.arssporttraining.ch/vendor/laravel/framework/src/Illuminate/Foundation/Http/Middleware/ConvertEmptyStringsToNull.php(27): Illuminate\\Pipeline\\Pipeline->{closure:{closure:Illuminate\\Pipeline\\Pipeline::carry():194}:195}()
#51 /home/sufocani/www/app.arssporttraining.ch/vendor/laravel/framework/src/Illuminate/Pipeline/Pipeline.php(219): Illuminate\\Foundation\\Http\\Middleware\\ConvertEmptyStringsToNull->handle()
#52 /home/sufocani/www/app.arssporttraining.ch/vendor/laravel/framework/src/Illuminate/Foundation/Http/Middleware/TrimStrings.php(47): Illuminate\\Pipeline\\Pipeline->{closure:{closure:Illuminate\\Pipeline\\Pipeline::carry():194}:195}()
#53 /home/sufocani/www/app.arssporttraining.ch/vendor/laravel/framework/src/Illuminate/Pipeline/Pipeline.php(219): Illuminate\\Foundation\\Http\\Middleware\\TrimStrings->handle()
#54 /home/sufocani/www/app.arssporttraining.ch/vendor/laravel/framework/src/Illuminate/Http/Middleware/ValidatePostSize.php(27): Illuminate\\Pipeline\\Pipeline->{closure:{closure:Illuminate\\Pipeline\\Pipeline::carry():194}:195}()
#55 /home/sufocani/www/app.arssporttraining.ch/vendor/laravel/framework/src/Illuminate/Pipeline/Pipeline.php(219): Illuminate\\Http\\Middleware\\ValidatePostSize->handle()
#56 /home/sufocani/www/app.arssporttraining.ch/vendor/laravel/framework/src/Illuminate/Foundation/Http/Middleware/PreventRequestsDuringMaintenance.php(109): Illuminate\\Pipeline\\Pipeline->{closure:{closure:Illuminate\\Pipeline\\Pipeline::carry():194}:195}()
#57 /home/sufocani/www/app.arssporttraining.ch/vendor/laravel/framework/src/Illuminate/Pipeline/Pipeline.php(219): Illuminate\\Foundation\\Http\\Middleware\\PreventRequestsDuringMaintenance->handle()
#58 /home/sufocani/www/app.arssporttraining.ch/vendor/laravel/framework/src/Illuminate/Http/Middleware/HandleCors.php(61): Illuminate\\Pipeline\\Pipeline->{closure:{closure:Illuminate\\Pipeline\\Pipeline::carry():194}:195}()
#59 /home/sufocani/www/app.arssporttraining.ch/vendor/laravel/framework/src/Illuminate/Pipeline/Pipeline.php(219): Illuminate\\Http\\Middleware\\HandleCors->handle()
#60 /home/sufocani/www/app.arssporttraining.ch/vendor/laravel/framework/src/Illuminate/Http/Middleware/TrustProxies.php(58): Illuminate\\Pipeline\\Pipeline->{closure:{closure:Illuminate\\Pipeline\\Pipeline::carry():194}:195}()
#61 /home/sufocani/www/app.arssporttraining.ch/vendor/laravel/framework/src/Illuminate/Pipeline/Pipeline.php(219): Illuminate\\Http\\Middleware\\TrustProxies->handle()
#62 /home/sufocani/www/app.arssporttraining.ch/vendor/laravel/framework/src/Illuminate/Foundation/Http/Middleware/InvokeDeferredCallbacks.php(22): Illuminate\\Pipeline\\Pipeline->{closure:{closure:Illuminate\\Pipeline\\Pipeline::carry():194}:195}()
#63 /home/sufocani/www/app.arssporttraining.ch/vendor/laravel/framework/src/Illuminate/Pipeline/Pipeline.php(219): Illuminate\\Foundation\\Http\\Middleware\\InvokeDeferredCallbacks->handle()
#64 /home/sufocani/www/app.arssporttraining.ch/vendor/laravel/framework/src/Illuminate/Http/Middleware/ValidatePathEncoding.php(26): Illuminate\\Pipeline\\Pipeline->{closure:{closure:Illuminate\\Pipeline\\Pipeline::carry():194}:195}()
#65 /home/sufocani/www/app.arssporttraining.ch/vendor/laravel/framework/src/Illuminate/Pipeline/Pipeline.php(219): Illuminate\\Http\\Middleware\\ValidatePathEncoding->handle()
#66 /home/sufocani/www/app.arssporttraining.ch/vendor/laravel/framework/src/Illuminate/Pipeline/Pipeline.php(137): Illuminate\\Pipeline\\Pipeline->{closure:{closure:Illuminate\\Pipeline\\Pipeline::carry():194}:195}()
#67 /home/sufocani/www/app.arssporttraining.ch/vendor/laravel/framework/src/Illuminate/Foundation/Http/Kernel.php(175): Illuminate\\Pipeline\\Pipeline->then()
#68 /home/sufocani/www/app.arssporttraining.ch/vendor/laravel/framework/src/Illuminate/Foundation/Http/Kernel.php(144): Illuminate\\Foundation\\Http\\Kernel->sendRequestThroughRouter()
#69 /home/sufocani/www/app.arssporttraining.ch/vendor/laravel/framework/src/Illuminate/Foundation/Application.php(1220): Illuminate\\Foundation\\Http\\Kernel->handle()
#70 /home/sufocani/www/app.arssporttraining.ch/public/index.php(20): Illuminate\\Foundation\\Application->handleRequest()
#71 {main}
"} 
[2026-05-09 04:11:15] production.ERROR: Class "App\Livewire\Training\Concerns\MetricSubmissionData" not found {"userId":2,"exception":"[object] (Error(code: 0): Class \"App\\Livewire\\Training\\Concerns\\MetricSubmissionData\" not found at /home/sufocani/www/app.arssporttraining.ch/app/Livewire/Training/Concerns/WithCalendarPlan.php:770)
[stacktrace]
#0 /home/sufocani/www/app.arssporttraining.ch/vendor/laravel/framework/src/Illuminate/Container/BoundMethod.php(36): App\\Livewire\\Training\\CalendarIndex->onPlanMetricFormSubmitted()
#1 /home/sufocani/www/app.arssporttraining.ch/vendor/laravel/framework/src/Illuminate/Container/Util.php(43): Illuminate\\Container\\BoundMethod::{closure:Illuminate\\Container\\BoundMethod::call():35}()
#2 /home/sufocani/www/app.arssporttraining.ch/vendor/laravel/framework/src/Illuminate/Container/BoundMethod.php(96): Illuminate\\Container\\Util::unwrapIfClosure()
#3 /home/sufocani/www/app.arssporttraining.ch/vendor/laravel/framework/src/Illuminate/Container/BoundMethod.php(35): Illuminate\\Container\\BoundMethod::callBoundMethod()
#4 /home/sufocani/www/app.arssporttraining.ch/vendor/livewire/livewire/src/Wrapped.php(23): Illuminate\\Container\\BoundMethod::call()
#5 /home/sufocani/www/app.arssporttraining.ch/vendor/livewire/livewire/src/Features/SupportEvents/SupportEvents.php(29): Livewire\\Wrapped->__call()
#6 /home/sufocani/www/app.arssporttraining.ch/vendor/livewire/livewire/src/ComponentHook.php(41): Livewire\\Features\\SupportEvents\\SupportEvents->call()
#7 /home/sufocani/www/app.arssporttraining.ch/vendor/livewire/livewire/src/ComponentHookRegistry.php(114): Livewire\\ComponentHook->callCall()
#8 /home/sufocani/www/app.arssporttraining.ch/vendor/livewire/livewire/src/ComponentHookRegistry.php(65): Livewire\\ComponentHookRegistry::{closure:Livewire\\ComponentHookRegistry::proxyCallToHooks():110}()
#9 /home/sufocani/www/app.arssporttraining.ch/vendor/livewire/livewire/src/EventBus.php(87): Livewire\\ComponentHookRegistry::{closure:Livewire\\ComponentHookRegistry::boot():64}()
#10 /home/sufocani/www/app.arssporttraining.ch/vendor/livewire/livewire/src/helpers.php(98): Livewire\\EventBus->trigger()
#11 /home/sufocani/www/app.arssporttraining.ch/vendor/livewire/livewire/src/Mechanisms/HandleComponents/HandleComponents.php(664): Livewire\\trigger()
#12 /home/sufocani/www/app.arssporttraining.ch/vendor/livewire/livewire/src/Mechanisms/HandleComponents/HandleComponents.php(240): Livewire\\Mechanisms\\HandleComponents\\HandleComponents->callMethods()
#13 /home/sufocani/www/app.arssporttraining.ch/vendor/livewire/livewire/src/LivewireManager.php(131): Livewire\\Mechanisms\\HandleComponents\\HandleComponents->update()
#14 /home/sufocani/www/app.arssporttraining.ch/vendor/livewire/livewire/src/Mechanisms/HandleRequests/HandleRequests.php(190): Livewire\\LivewireManager->update()
#15 /home/sufocani/www/app.arssporttraining.ch/vendor/laravel/framework/src/Illuminate/Routing/ControllerDispatcher.php(46): Livewire\\Mechanisms\\HandleRequests\\HandleRequests->handleUpdate()
#16 /home/sufocani/www/app.arssporttraining.ch/vendor/laravel/framework/src/Illuminate/Routing/Route.php(265): Illuminate\\Routing\\ControllerDispatcher->dispatch()
#17 /home/sufocani/www/app.arssporttraining.ch/vendor/laravel/framework/src/Illuminate/Routing/Route.php(211): Illuminate\\Routing\\Route->runController()
#18 /home/sufocani/www/app.arssporttraining.ch/vendor/laravel/framework/src/Illuminate/Routing/Router.php(822): Illuminate\\Routing\\Route->run()
#19 /home/sufocani/www/app.arssporttraining.ch/vendor/laravel/framework/src/Illuminate/Pipeline/Pipeline.php(180): Illuminate\\Routing\\Router->{closure:Illuminate\\Routing\\Router::runRouteWithinStack():821}()
#20 /home/sufocani/www/app.arssporttraining.ch/vendor/livewire/livewire/src/Mechanisms/HandleRequests/RequireLivewireHeaders.php(19): Illuminate\\Pipeline\\Pipeline->{closure:Illuminate\\Pipeline\\Pipeline::prepareDestination():178}()
#21 /home/sufocani/www/app.arssporttraining.ch/vendor/laravel/framework/src/Illuminate/Pipeline/Pipeline.php(219): Livewire\\Mechanisms\\HandleRequests\\RequireLivewireHeaders->handle()
#22 /home/sufocani/www/app.arssporttraining.ch/vendor/barryvdh/laravel-debugbar/src/Middleware/InjectDebugbar.php(59): Illuminate\\Pipeline\\Pipeline->{closure:{closure:Illuminate\\Pipeline\\Pipeline::carry():194}:195}()
#23 /home/sufocani/www/app.arssporttraining.ch/vendor/laravel/framework/src/Illuminate/Pipeline/Pipeline.php(219): Barryvdh\\Debugbar\\Middleware\\InjectDebugbar->handle()
#24 /home/sufocani/www/app.arssporttraining.ch/vendor/laravel/framework/src/Illuminate/Routing/Middleware/SubstituteBindings.php(50): Illuminate\\Pipeline\\Pipeline->{closure:{closure:Illuminate\\Pipeline\\Pipeline::carry():194}:195}()
#25 /home/sufocani/www/app.arssporttraining.ch/vendor/laravel/framework/src/Illuminate/Pipeline/Pipeline.php(219): Illuminate\\Routing\\Middleware\\SubstituteBindings->handle()
#26 /home/sufocani/www/app.arssporttraining.ch/vendor/laravel/framework/src/Illuminate/Foundation/Http/Middleware/VerifyCsrfToken.php(87): Illuminate\\Pipeline\\Pipeline->{closure:{closure:Illuminate\\Pipeline\\Pipeline::carry():194}:195}()
#27 /home/sufocani/www/app.arssporttraining.ch/vendor/laravel/framework/src/Illuminate/Pipeline/Pipeline.php(219): Illuminate\\Foundation\\Http\\Middleware\\VerifyCsrfToken->handle()
#28 /home/sufocani/www/app.arssporttraining.ch/vendor/laravel/framework/src/Illuminate/View/Middleware/ShareErrorsFromSession.php(48): Illuminate\\Pipeline\\Pipeline->{closure:{closure:Illuminate\\Pipeline\\Pipeline::carry():194}:195}()
#29 /home/sufocani/www/app.arssporttraining.ch/vendor/laravel/framework/src/Illuminate/Pipeline/Pipeline.php(219): Illuminate\\View\\Middleware\\ShareErrorsFromSession->handle()
#30 /home/sufocani/www/app.arssporttraining.ch/vendor/laravel/framework/src/Illuminate/Session/Middleware/StartSession.php(120): Illuminate\\Pipeline\\Pipeline->{closure:{closure:Illuminate\\Pipeline\\Pipeline::carry():194}:195}()
#31 /home/sufocani/www/app.arssporttraining.ch/vendor/laravel/framework/src/Illuminate/Session/Middleware/StartSession.php(63): Illuminate\\Session\\Middleware\\StartSession->handleStatefulRequest()
#32 /home/sufocani/www/app.arssporttraining.ch/vendor/laravel/framework/src/Illuminate/Pipeline/Pipeline.php(219): Illuminate\\Session\\Middleware\\StartSession->handle()
#33 /home/sufocani/www/app.arssporttraining.ch/vendor/laravel/framework/src/Illuminate/Cookie/Middleware/AddQueuedCookiesToResponse.php(36): Illuminate\\Pipeline\\Pipeline->{closure:{closure:Illuminate\\Pipeline\\Pipeline::carry():194}:195}()
#34 /home/sufocani/www/app.arssporttraining.ch/vendor/laravel/framework/src/Illuminate/Pipeline/Pipeline.php(219): Illuminate\\Cookie\\Middleware\\AddQueuedCookiesToResponse->handle()
#35 /home/sufocani/www/app.arssporttraining.ch/vendor/laravel/framework/src/Illuminate/Cookie/Middleware/EncryptCookies.php(74): Illuminate\\Pipeline\\Pipeline->{closure:{closure:Illuminate\\Pipeline\\Pipeline::carry():194}:195}()
#36 /home/sufocani/www/app.arssporttraining.ch/vendor/laravel/framework/src/Illuminate/Pipeline/Pipeline.php(219): Illuminate\\Cookie\\Middleware\\EncryptCookies->handle()
#37 /home/sufocani/www/app.arssporttraining.ch/vendor/laravel/framework/src/Illuminate/Pipeline/Pipeline.php(137): Illuminate\\Pipeline\\Pipeline->{closure:{closure:Illuminate\\Pipeline\\Pipeline::carry():194}:195}()
#38 /home/sufocani/www/app.arssporttraining.ch/vendor/laravel/framework/src/Illuminate/Routing/Router.php(821): Illuminate\\Pipeline\\Pipeline->then()
#39 /home/sufocani/www/app.arssporttraining.ch/vendor/laravel/framework/src/Illuminate/Routing/Router.php(800): Illuminate\\Routing\\Router->runRouteWithinStack()
#40 /home/sufocani/www/app.arssporttraining.ch/vendor/laravel/framework/src/Illuminate/Routing/Router.php(764): Illuminate\\Routing\\Router->runRoute()
#41 /home/sufocani/www/app.arssporttraining.ch/vendor/laravel/framework/src/Illuminate/Routing/Router.php(753): Illuminate\\Routing\\Router->dispatchToRoute()
#42 /home/sufocani/www/app.arssporttraining.ch/vendor/laravel/framework/src/Illuminate/Foundation/Http/Kernel.php(200): Illuminate\\Routing\\Router->dispatch()
#43 /home/sufocani/www/app.arssporttraining.ch/vendor/laravel/framework/src/Illuminate/Pipeline/Pipeline.php(180): Illuminate\\Foundation\\Http\\Kernel->{closure:Illuminate\\Foundation\\Http\\Kernel::dispatchToRouter():197}()
#44 /home/sufocani/www/app.arssporttraining.ch/vendor/livewire/livewire/src/Features/SupportDisablingBackButtonCache/DisableBackButtonCacheMiddleware.php(19): Illuminate\\Pipeline\\Pipeline->{closure:Illuminate\\Pipeline\\Pipeline::prepareDestination():178}()
#45 /home/sufocani/www/app.arssporttraining.ch/vendor/laravel/framework/src/Illuminate/Pipeline/Pipeline.php(219): Livewire\\Features\\SupportDisablingBackButtonCache\\DisableBackButtonCacheMiddleware->handle()
#46 /home/sufocani/www/app.arssporttraining.ch/vendor/barryvdh/laravel-debugbar/src/Middleware/InjectDebugbar.php(59): Illuminate\\Pipeline\\Pipeline->{closure:{closure:Illuminate\\Pipeline\\Pipeline::carry():194}:195}()
#47 /home/sufocani/www/app.arssporttraining.ch/vendor/laravel/framework/src/Illuminate/Pipeline/Pipeline.php(219): Barryvdh\\Debugbar\\Middleware\\InjectDebugbar->handle()
#48 /home/sufocani/www/app.arssporttraining.ch/app/Http/Middleware/LogRequestTiming.php(14): Illuminate\\Pipeline\\Pipeline->{closure:{closure:Illuminate\\Pipeline\\Pipeline::carry():194}:195}()
#49 /home/sufocani/www/app.arssporttraining.ch/vendor/laravel/framework/src/Illuminate/Pipeline/Pipeline.php(219): App\\Http\\Middleware\\LogRequestTiming->handle()
#50 /home/sufocani/www/app.arssporttraining.ch/vendor/laravel/framework/src/Illuminate/Foundation/Http/Middleware/ConvertEmptyStringsToNull.php(27): Illuminate\\Pipeline\\Pipeline->{closure:{closure:Illuminate\\Pipeline\\Pipeline::carry():194}:195}()
#51 /home/sufocani/www/app.arssporttraining.ch/vendor/laravel/framework/src/Illuminate/Pipeline/Pipeline.php(219): Illuminate\\Foundation\\Http\\Middleware\\ConvertEmptyStringsToNull->handle()
#52 /home/sufocani/www/app.arssporttraining.ch/vendor/laravel/framework/src/Illuminate/Foundation/Http/Middleware/TrimStrings.php(47): Illuminate\\Pipeline\\Pipeline->{closure:{closure:Illuminate\\Pipeline\\Pipeline::carry():194}:195}()
#53 /home/sufocani/www/app.arssporttraining.ch/vendor/laravel/framework/src/Illuminate/Pipeline/Pipeline.php(219): Illuminate\\Foundation\\Http\\Middleware\\TrimStrings->handle()
#54 /home/sufocani/www/app.arssporttraining.ch/vendor/laravel/framework/src/Illuminate/Http/Middleware/ValidatePostSize.php(27): Illuminate\\Pipeline\\Pipeline->{closure:{closure:Illuminate\\Pipeline\\Pipeline::carry():194}:195}()
#55 /home/sufocani/www/app.arssporttraining.ch/vendor/laravel/framework/src/Illuminate/Pipeline/Pipeline.php(219): Illuminate\\Http\\Middleware\\ValidatePostSize->handle()
#56 /home/sufocani/www/app.arssporttraining.ch/vendor/laravel/framework/src/Illuminate/Foundation/Http/Middleware/PreventRequestsDuringMaintenance.php(109): Illuminate\\Pipeline\\Pipeline->{closure:{closure:Illuminate\\Pipeline\\Pipeline::carry():194}:195}()
#57 /home/sufocani/www/app.arssporttraining.ch/vendor/laravel/framework/src/Illuminate/Pipeline/Pipeline.php(219): Illuminate\\Foundation\\Http\\Middleware\\PreventRequestsDuringMaintenance->handle()
#58 /home/sufocani/www/app.arssporttraining.ch/vendor/laravel/framework/src/Illuminate/Http/Middleware/HandleCors.php(61): Illuminate\\Pipeline\\Pipeline->{closure:{closure:Illuminate\\Pipeline\\Pipeline::carry():194}:195}()
#59 /home/sufocani/www/app.arssporttraining.ch/vendor/laravel/framework/src/Illuminate/Pipeline/Pipeline.php(219): Illuminate\\Http\\Middleware\\HandleCors->handle()
#60 /home/sufocani/www/app.arssporttraining.ch/vendor/laravel/framework/src/Illuminate/Http/Middleware/TrustProxies.php(58): Illuminate\\Pipeline\\Pipeline->{closure:{closure:Illuminate\\Pipeline\\Pipeline::carry():194}:195}()
#61 /home/sufocani/www/app.arssporttraining.ch/vendor/laravel/framework/src/Illuminate/Pipeline/Pipeline.php(219): Illuminate\\Http\\Middleware\\TrustProxies->handle()
#62 /home/sufocani/www/app.arssporttraining.ch/vendor/laravel/framework/src/Illuminate/Foundation/Http/Middleware/InvokeDeferredCallbacks.php(22): Illuminate\\Pipeline\\Pipeline->{closure:{closure:Illuminate\\Pipeline\\Pipeline::carry():194}:195}()
#63 /home/sufocani/www/app.arssporttraining.ch/vendor/laravel/framework/src/Illuminate/Pipeline/Pipeline.php(219): Illuminate\\Foundation\\Http\\Middleware\\InvokeDeferredCallbacks->handle()
#64 /home/sufocani/www/app.arssporttraining.ch/vendor/laravel/framework/src/Illuminate/Http/Middleware/ValidatePathEncoding.php(26): Illuminate\\Pipeline\\Pipeline->{closure:{closure:Illuminate\\Pipeline\\Pipeline::carry():194}:195}()
#65 /home/sufocani/www/app.arssporttraining.ch/vendor/laravel/framework/src/Illuminate/Pipeline/Pipeline.php(219): Illuminate\\Http\\Middleware\\ValidatePathEncoding->handle()
#66 /home/sufocani/www/app.arssporttraining.ch/vendor/laravel/framework/src/Illuminate/Pipeline/Pipeline.php(137): Illuminate\\Pipeline\\Pipeline->{closure:{closure:Illuminate\\Pipeline\\Pipeline::carry():194}:195}()
#67 /home/sufocani/www/app.arssporttraining.ch/vendor/laravel/framework/src/Illuminate/Foundation/Http/Kernel.php(175): Illuminate\\Pipeline\\Pipeline->then()
#68 /home/sufocani/www/app.arssporttraining.ch/vendor/laravel/framework/src/Illuminate/Foundation/Http/Kernel.php(144): Illuminate\\Foundation\\Http\\Kernel->sendRequestThroughRouter()
#69 /home/sufocani/www/app.arssporttraining.ch/vendor/laravel/framework/src/Illuminate/Foundation/Application.php(1220): Illuminate\\Foundation\\Http\\Kernel->handle()
#70 /home/sufocani/www/app.arssporttraining.ch/public/index.php(20): Illuminate\\Foundation\\Application->handleRequest()
#71 {main}
"} 
[2026-05-09 04:17:20] production.ERROR: Class "App\Livewire\Training\Concerns\MetricSubmissionData" not found {"userId":2,"exception":"[object] (Error(code: 0): Class \"App\\Livewire\\Training\\Concerns\\MetricSubmissionData\" not found at /home/sufocani/www/app.arssporttraining.ch/app/Livewire/Training/Concerns/WithCalendarPlan.php:770)
[stacktrace]
#0 /home/sufocani/www/app.arssporttraining.ch/vendor/laravel/framework/src/Illuminate/Container/BoundMethod.php(36): App\\Livewire\\Training\\CalendarIndex->onPlanMetricFormSubmitted()
#1 /home/sufocani/www/app.arssporttraining.ch/vendor/laravel/framework/src/Illuminate/Container/Util.php(43): Illuminate\\Container\\BoundMethod::{closure:Illuminate\\Container\\BoundMethod::call():35}()
#2 /home/sufocani/www/app.arssporttraining.ch/vendor/laravel/framework/src/Illuminate/Container/BoundMethod.php(96): Illuminate\\Container\\Util::unwrapIfClosure()
#3 /home/sufocani/www/app.arssporttraining.ch/vendor/laravel/framework/src/Illuminate/Container/BoundMethod.php(35): Illuminate\\Container\\BoundMethod::callBoundMethod()
#4 /home/sufocani/www/app.arssporttraining.ch/vendor/livewire/livewire/src/Wrapped.php(23): Illuminate\\Container\\BoundMethod::call()
#5 /home/sufocani/www/app.arssporttraining.ch/vendor/livewire/livewire/src/Features/SupportEvents/SupportEvents.php(29): Livewire\\Wrapped->__call()
#6 /home/sufocani/www/app.arssporttraining.ch/vendor/livewire/livewire/src/ComponentHook.php(41): Livewire\\Features\\SupportEvents\\SupportEvents->call()
#7 /home/sufocani/www/app.arssporttraining.ch/vendor/livewire/livewire/src/ComponentHookRegistry.php(114): Livewire\\ComponentHook->callCall()
#8 /home/sufocani/www/app.arssporttraining.ch/vendor/livewire/livewire/src/ComponentHookRegistry.php(65): Livewire\\ComponentHookRegistry::{closure:Livewire\\ComponentHookRegistry::proxyCallToHooks():110}()
#9 /home/sufocani/www/app.arssporttraining.ch/vendor/livewire/livewire/src/EventBus.php(87): Livewire\\ComponentHookRegistry::{closure:Livewire\\ComponentHookRegistry::boot():64}()
#10 /home/sufocani/www/app.arssporttraining.ch/vendor/livewire/livewire/src/helpers.php(98): Livewire\\EventBus->trigger()
#11 /home/sufocani/www/app.arssporttraining.ch/vendor/livewire/livewire/src/Mechanisms/HandleComponents/HandleComponents.php(664): Livewire\\trigger()
#12 /home/sufocani/www/app.arssporttraining.ch/vendor/livewire/livewire/src/Mechanisms/HandleComponents/HandleComponents.php(240): Livewire\\Mechanisms\\HandleComponents\\HandleComponents->callMethods()
#13 /home/sufocani/www/app.arssporttraining.ch/vendor/livewire/livewire/src/LivewireManager.php(131): Livewire\\Mechanisms\\HandleComponents\\HandleComponents->update()
#14 /home/sufocani/www/app.arssporttraining.ch/vendor/livewire/livewire/src/Mechanisms/HandleRequests/HandleRequests.php(190): Livewire\\LivewireManager->update()
#15 /home/sufocani/www/app.arssporttraining.ch/vendor/laravel/framework/src/Illuminate/Routing/ControllerDispatcher.php(46): Livewire\\Mechanisms\\HandleRequests\\HandleRequests->handleUpdate()
#16 /home/sufocani/www/app.arssporttraining.ch/vendor/laravel/framework/src/Illuminate/Routing/Route.php(265): Illuminate\\Routing\\ControllerDispatcher->dispatch()
#17 /home/sufocani/www/app.arssporttraining.ch/vendor/laravel/framework/src/Illuminate/Routing/Route.php(211): Illuminate\\Routing\\Route->runController()
#18 /home/sufocani/www/app.arssporttraining.ch/vendor/laravel/framework/src/Illuminate/Routing/Router.php(822): Illuminate\\Routing\\Route->run()
#19 /home/sufocani/www/app.arssporttraining.ch/vendor/laravel/framework/src/Illuminate/Pipeline/Pipeline.php(180): Illuminate\\Routing\\Router->{closure:Illuminate\\Routing\\Router::runRouteWithinStack():821}()
#20 /home/sufocani/www/app.arssporttraining.ch/vendor/livewire/livewire/src/Mechanisms/HandleRequests/RequireLivewireHeaders.php(19): Illuminate\\Pipeline\\Pipeline->{closure:Illuminate\\Pipeline\\Pipeline::prepareDestination():178}()
#21 /home/sufocani/www/app.arssporttraining.ch/vendor/laravel/framework/src/Illuminate/Pipeline/Pipeline.php(219): Livewire\\Mechanisms\\HandleRequests\\RequireLivewireHeaders->handle()
#22 /home/sufocani/www/app.arssporttraining.ch/vendor/barryvdh/laravel-debugbar/src/Middleware/InjectDebugbar.php(59): Illuminate\\Pipeline\\Pipeline->{closure:{closure:Illuminate\\Pipeline\\Pipeline::carry():194}:195}()
#23 /home/sufocani/www/app.arssporttraining.ch/vendor/laravel/framework/src/Illuminate/Pipeline/Pipeline.php(219): Barryvdh\\Debugbar\\Middleware\\InjectDebugbar->handle()
#24 /home/sufocani/www/app.arssporttraining.ch/vendor/laravel/framework/src/Illuminate/Routing/Middleware/SubstituteBindings.php(50): Illuminate\\Pipeline\\Pipeline->{closure:{closure:Illuminate\\Pipeline\\Pipeline::carry():194}:195}()
#25 /home/sufocani/www/app.arssporttraining.ch/vendor/laravel/framework/src/Illuminate/Pipeline/Pipeline.php(219): Illuminate\\Routing\\Middleware\\SubstituteBindings->handle()
#26 /home/sufocani/www/app.arssporttraining.ch/vendor/laravel/framework/src/Illuminate/Foundation/Http/Middleware/VerifyCsrfToken.php(87): Illuminate\\Pipeline\\Pipeline->{closure:{closure:Illuminate\\Pipeline\\Pipeline::carry():194}:195}()
#27 /home/sufocani/www/app.arssporttraining.ch/vendor/laravel/framework/src/Illuminate/Pipeline/Pipeline.php(219): Illuminate\\Foundation\\Http\\Middleware\\VerifyCsrfToken->handle()
#28 /home/sufocani/www/app.arssporttraining.ch/vendor/laravel/framework/src/Illuminate/View/Middleware/ShareErrorsFromSession.php(48): Illuminate\\Pipeline\\Pipeline->{closure:{closure:Illuminate\\Pipeline\\Pipeline::carry():194}:195}()
#29 /home/sufocani/www/app.arssporttraining.ch/vendor/laravel/framework/src/Illuminate/Pipeline/Pipeline.php(219): Illuminate\\View\\Middleware\\ShareErrorsFromSession->handle()
#30 /home/sufocani/www/app.arssporttraining.ch/vendor/laravel/framework/src/Illuminate/Session/Middleware/StartSession.php(120): Illuminate\\Pipeline\\Pipeline->{closure:{closure:Illuminate\\Pipeline\\Pipeline::carry():194}:195}()
#31 /home/sufocani/www/app.arssporttraining.ch/vendor/laravel/framework/src/Illuminate/Session/Middleware/StartSession.php(63): Illuminate\\Session\\Middleware\\StartSession->handleStatefulRequest()
#32 /home/sufocani/www/app.arssporttraining.ch/vendor/laravel/framework/src/Illuminate/Pipeline/Pipeline.php(219): Illuminate\\Session\\Middleware\\StartSession->handle()
#33 /home/sufocani/www/app.arssporttraining.ch/vendor/laravel/framework/src/Illuminate/Cookie/Middleware/AddQueuedCookiesToResponse.php(36): Illuminate\\Pipeline\\Pipeline->{closure:{closure:Illuminate\\Pipeline\\Pipeline::carry():194}:195}()
#34 /home/sufocani/www/app.arssporttraining.ch/vendor/laravel/framework/src/Illuminate/Pipeline/Pipeline.php(219): Illuminate\\Cookie\\Middleware\\AddQueuedCookiesToResponse->handle()
#35 /home/sufocani/www/app.arssporttraining.ch/vendor/laravel/framework/src/Illuminate/Cookie/Middleware/EncryptCookies.php(74): Illuminate\\Pipeline\\Pipeline->{closure:{closure:Illuminate\\Pipeline\\Pipeline::carry():194}:195}()
#36 /home/sufocani/www/app.arssporttraining.ch/vendor/laravel/framework/src/Illuminate/Pipeline/Pipeline.php(219): Illuminate\\Cookie\\Middleware\\EncryptCookies->handle()
#37 /home/sufocani/www/app.arssporttraining.ch/vendor/laravel/framework/src/Illuminate/Pipeline/Pipeline.php(137): Illuminate\\Pipeline\\Pipeline->{closure:{closure:Illuminate\\Pipeline\\Pipeline::carry():194}:195}()
#38 /home/sufocani/www/app.arssporttraining.ch/vendor/laravel/framework/src/Illuminate/Routing/Router.php(821): Illuminate\\Pipeline\\Pipeline->then()
#39 /home/sufocani/www/app.arssporttraining.ch/vendor/laravel/framework/src/Illuminate/Routing/Router.php(800): Illuminate\\Routing\\Router->runRouteWithinStack()
#40 /home/sufocani/www/app.arssporttraining.ch/vendor/laravel/framework/src/Illuminate/Routing/Router.php(764): Illuminate\\Routing\\Router->runRoute()
#41 /home/sufocani/www/app.arssporttraining.ch/vendor/laravel/framework/src/Illuminate/Routing/Router.php(753): Illuminate\\Routing\\Router->dispatchToRoute()
#42 /home/sufocani/www/app.arssporttraining.ch/vendor/laravel/framework/src/Illuminate/Foundation/Http/Kernel.php(200): Illuminate\\Routing\\Router->dispatch()
#43 /home/sufocani/www/app.arssporttraining.ch/vendor/laravel/framework/src/Illuminate/Pipeline/Pipeline.php(180): Illuminate\\Foundation\\Http\\Kernel->{closure:Illuminate\\Foundation\\Http\\Kernel::dispatchToRouter():197}()
#44 /home/sufocani/www/app.arssporttraining.ch/vendor/livewire/livewire/src/Features/SupportDisablingBackButtonCache/DisableBackButtonCacheMiddleware.php(19): Illuminate\\Pipeline\\Pipeline->{closure:Illuminate\\Pipeline\\Pipeline::prepareDestination():178}()
#45 /home/sufocani/www/app.arssporttraining.ch/vendor/laravel/framework/src/Illuminate/Pipeline/Pipeline.php(219): Livewire\\Features\\SupportDisablingBackButtonCache\\DisableBackButtonCacheMiddleware->handle()
#46 /home/sufocani/www/app.arssporttraining.ch/vendor/barryvdh/laravel-debugbar/src/Middleware/InjectDebugbar.php(59): Illuminate\\Pipeline\\Pipeline->{closure:{closure:Illuminate\\Pipeline\\Pipeline::carry():194}:195}()
#47 /home/sufocani/www/app.arssporttraining.ch/vendor/laravel/framework/src/Illuminate/Pipeline/Pipeline.php(219): Barryvdh\\Debugbar\\Middleware\\InjectDebugbar->handle()
#48 /home/sufocani/www/app.arssporttraining.ch/app/Http/Middleware/LogRequestTiming.php(14): Illuminate\\Pipeline\\Pipeline->{closure:{closure:Illuminate\\Pipeline\\Pipeline::carry():194}:195}()
#49 /home/sufocani/www/app.arssporttraining.ch/vendor/laravel/framework/src/Illuminate/Pipeline/Pipeline.php(219): App\\Http\\Middleware\\LogRequestTiming->handle()
#50 /home/sufocani/www/app.arssporttraining.ch/vendor/laravel/framework/src/Illuminate/Foundation/Http/Middleware/ConvertEmptyStringsToNull.php(27): Illuminate\\Pipeline\\Pipeline->{closure:{closure:Illuminate\\Pipeline\\Pipeline::carry():194}:195}()
#51 /home/sufocani/www/app.arssporttraining.ch/vendor/laravel/framework/src/Illuminate/Pipeline/Pipeline.php(219): Illuminate\\Foundation\\Http\\Middleware\\ConvertEmptyStringsToNull->handle()
#52 /home/sufocani/www/app.arssporttraining.ch/vendor/laravel/framework/src/Illuminate/Foundation/Http/Middleware/TrimStrings.php(47): Illuminate\\Pipeline\\Pipeline->{closure:{closure:Illuminate\\Pipeline\\Pipeline::carry():194}:195}()
#53 /home/sufocani/www/app.arssporttraining.ch/vendor/laravel/framework/src/Illuminate/Pipeline/Pipeline.php(219): Illuminate\\Foundation\\Http\\Middleware\\TrimStrings->handle()
#54 /home/sufocani/www/app.arssporttraining.ch/vendor/laravel/framework/src/Illuminate/Http/Middleware/ValidatePostSize.php(27): Illuminate\\Pipeline\\Pipeline->{closure:{closure:Illuminate\\Pipeline\\Pipeline::carry():194}:195}()
#55 /home/sufocani/www/app.arssporttraining.ch/vendor/laravel/framework/src/Illuminate/Pipeline/Pipeline.php(219): Illuminate\\Http\\Middleware\\ValidatePostSize->handle()
#56 /home/sufocani/www/app.arssporttraining.ch/vendor/laravel/framework/src/Illuminate/Foundation/Http/Middleware/PreventRequestsDuringMaintenance.php(109): Illuminate\\Pipeline\\Pipeline->{closure:{closure:Illuminate\\Pipeline\\Pipeline::carry():194}:195}()
#57 /home/sufocani/www/app.arssporttraining.ch/vendor/laravel/framework/src/Illuminate/Pipeline/Pipeline.php(219): Illuminate\\Foundation\\Http\\Middleware\\PreventRequestsDuringMaintenance->handle()
#58 /home/sufocani/www/app.arssporttraining.ch/vendor/laravel/framework/src/Illuminate/Http/Middleware/HandleCors.php(61): Illuminate\\Pipeline\\Pipeline->{closure:{closure:Illuminate\\Pipeline\\Pipeline::carry():194}:195}()
#59 /home/sufocani/www/app.arssporttraining.ch/vendor/laravel/framework/src/Illuminate/Pipeline/Pipeline.php(219): Illuminate\\Http\\Middleware\\HandleCors->handle()
#60 /home/sufocani/www/app.arssporttraining.ch/vendor/laravel/framework/src/Illuminate/Http/Middleware/TrustProxies.php(58): Illuminate\\Pipeline\\Pipeline->{closure:{closure:Illuminate\\Pipeline\\Pipeline::carry():194}:195}()
#61 /home/sufocani/www/app.arssporttraining.ch/vendor/laravel/framework/src/Illuminate/Pipeline/Pipeline.php(219): Illuminate\\Http\\Middleware\\TrustProxies->handle()
#62 /home/sufocani/www/app.arssporttraining.ch/vendor/laravel/framework/src/Illuminate/Foundation/Http/Middleware/InvokeDeferredCallbacks.php(22): Illuminate\\Pipeline\\Pipeline->{closure:{closure:Illuminate\\Pipeline\\Pipeline::carry():194}:195}()
#63 /home/sufocani/www/app.arssporttraining.ch/vendor/laravel/framework/src/Illuminate/Pipeline/Pipeline.php(219): Illuminate\\Foundation\\Http\\Middleware\\InvokeDeferredCallbacks->handle()
#64 /home/sufocani/www/app.arssporttraining.ch/vendor/laravel/framework/src/Illuminate/Http/Middleware/ValidatePathEncoding.php(26): Illuminate\\Pipeline\\Pipeline->{closure:{closure:Illuminate\\Pipeline\\Pipeline::carry():194}:195}()
#65 /home/sufocani/www/app.arssporttraining.ch/vendor/laravel/framework/src/Illuminate/Pipeline/Pipeline.php(219): Illuminate\\Http\\Middleware\\ValidatePathEncoding->handle()
#66 /home/sufocani/www/app.arssporttraining.ch/vendor/laravel/framework/src/Illuminate/Pipeline/Pipeline.php(137): Illuminate\\Pipeline\\Pipeline->{closure:{closure:Illuminate\\Pipeline\\Pipeline::carry():194}:195}()
#67 /home/sufocani/www/app.arssporttraining.ch/vendor/laravel/framework/src/Illuminate/Foundation/Http/Kernel.php(175): Illuminate\\Pipeline\\Pipeline->then()
#68 /home/sufocani/www/app.arssporttraining.ch/vendor/laravel/framework/src/Illuminate/Foundation/Http/Kernel.php(144): Illuminate\\Foundation\\Http\\Kernel->sendRequestThroughRouter()
#69 /home/sufocani/www/app.arssporttraining.ch/vendor/laravel/framework/src/Illuminate/Foundation/Application.php(1220): Illuminate\\Foundation\\Http\\Kernel->handle()
#70 /home/sufocani/www/app.arssporttraining.ch/public/index.php(20): Illuminate\\Foundation\\Application->handleRequest()
#71 {main}
"} 
[2026-05-09 04:17:55] production.ERROR: Class "App\Livewire\Training\Concerns\MetricSubmissionData" not found {"userId":2,"exception":"[object] (Error(code: 0): Class \"App\\Livewire\\Training\\Concerns\\MetricSubmissionData\" not found at /home/sufocani/www/app.arssporttraining.ch/app/Livewire/Training/Concerns/WithCalendarPlan.php:770)
[stacktrace]
#0 /home/sufocani/www/app.arssporttraining.ch/vendor/laravel/framework/src/Illuminate/Container/BoundMethod.php(36): App\\Livewire\\Training\\CalendarIndex->onPlanMetricFormSubmitted()
#1 /home/sufocani/www/app.arssporttraining.ch/vendor/laravel/framework/src/Illuminate/Container/Util.php(43): Illuminate\\Container\\BoundMethod::{closure:Illuminate\\Container\\BoundMethod::call():35}()
#2 /home/sufocani/www/app.arssporttraining.ch/vendor/laravel/framework/src/Illuminate/Container/BoundMethod.php(96): Illuminate\\Container\\Util::unwrapIfClosure()
#3 /home/sufocani/www/app.arssporttraining.ch/vendor/laravel/framework/src/Illuminate/Container/BoundMethod.php(35): Illuminate\\Container\\BoundMethod::callBoundMethod()
#4 /home/sufocani/www/app.arssporttraining.ch/vendor/livewire/livewire/src/Wrapped.php(23): Illuminate\\Container\\BoundMethod::call()
#5 /home/sufocani/www/app.arssporttraining.ch/vendor/livewire/livewire/src/Features/SupportEvents/SupportEvents.php(29): Livewire\\Wrapped->__call()
#6 /home/sufocani/www/app.arssporttraining.ch/vendor/livewire/livewire/src/ComponentHook.php(41): Livewire\\Features\\SupportEvents\\SupportEvents->call()
#7 /home/sufocani/www/app.arssporttraining.ch/vendor/livewire/livewire/src/ComponentHookRegistry.php(114): Livewire\\ComponentHook->callCall()
#8 /home/sufocani/www/app.arssporttraining.ch/vendor/livewire/livewire/src/ComponentHookRegistry.php(65): Livewire\\ComponentHookRegistry::{closure:Livewire\\ComponentHookRegistry::proxyCallToHooks():110}()
#9 /home/sufocani/www/app.arssporttraining.ch/vendor/livewire/livewire/src/EventBus.php(87): Livewire\\ComponentHookRegistry::{closure:Livewire\\ComponentHookRegistry::boot():64}()
#10 /home/sufocani/www/app.arssporttraining.ch/vendor/livewire/livewire/src/helpers.php(98): Livewire\\EventBus->trigger()
#11 /home/sufocani/www/app.arssporttraining.ch/vendor/livewire/livewire/src/Mechanisms/HandleComponents/HandleComponents.php(664): Livewire\\trigger()
#12 /home/sufocani/www/app.arssporttraining.ch/vendor/livewire/livewire/src/Mechanisms/HandleComponents/HandleComponents.php(240): Livewire\\Mechanisms\\HandleComponents\\HandleComponents->callMethods()
#13 /home/sufocani/www/app.arssporttraining.ch/vendor/livewire/livewire/src/LivewireManager.php(131): Livewire\\Mechanisms\\HandleComponents\\HandleComponents->update()
#14 /home/sufocani/www/app.arssporttraining.ch/vendor/livewire/livewire/src/Mechanisms/HandleRequests/HandleRequests.php(190): Livewire\\LivewireManager->update()
#15 /home/sufocani/www/app.arssporttraining.ch/vendor/laravel/framework/src/Illuminate/Routing/ControllerDispatcher.php(46): Livewire\\Mechanisms\\HandleRequests\\HandleRequests->handleUpdate()
#16 /home/sufocani/www/app.arssporttraining.ch/vendor/laravel/framework/src/Illuminate/Routing/Route.php(265): Illuminate\\Routing\\ControllerDispatcher->dispatch()
#17 /home/sufocani/www/app.arssporttraining.ch/vendor/laravel/framework/src/Illuminate/Routing/Route.php(211): Illuminate\\Routing\\Route->runController()
#18 /home/sufocani/www/app.arssporttraining.ch/vendor/laravel/framework/src/Illuminate/Routing/Router.php(822): Illuminate\\Routing\\Route->run()
#19 /home/sufocani/www/app.arssporttraining.ch/vendor/laravel/framework/src/Illuminate/Pipeline/Pipeline.php(180): Illuminate\\Routing\\Router->{closure:Illuminate\\Routing\\Router::runRouteWithinStack():821}()
#20 /home/sufocani/www/app.arssporttraining.ch/vendor/livewire/livewire/src/Mechanisms/HandleRequests/RequireLivewireHeaders.php(19): Illuminate\\Pipeline\\Pipeline->{closure:Illuminate\\Pipeline\\Pipeline::prepareDestination():178}()
#21 /home/sufocani/www/app.arssporttraining.ch/vendor/laravel/framework/src/Illuminate/Pipeline/Pipeline.php(219): Livewire\\Mechanisms\\HandleRequests\\RequireLivewireHeaders->handle()
#22 /home/sufocani/www/app.arssporttraining.ch/vendor/barryvdh/laravel-debugbar/src/Middleware/InjectDebugbar.php(59): Illuminate\\Pipeline\\Pipeline->{closure:{closure:Illuminate\\Pipeline\\Pipeline::carry():194}:195}()
#23 /home/sufocani/www/app.arssporttraining.ch/vendor/laravel/framework/src/Illuminate/Pipeline/Pipeline.php(219): Barryvdh\\Debugbar\\Middleware\\InjectDebugbar->handle()
#24 /home/sufocani/www/app.arssporttraining.ch/vendor/laravel/framework/src/Illuminate/Routing/Middleware/SubstituteBindings.php(50): Illuminate\\Pipeline\\Pipeline->{closure:{closure:Illuminate\\Pipeline\\Pipeline::carry():194}:195}()
#25 /home/sufocani/www/app.arssporttraining.ch/vendor/laravel/framework/src/Illuminate/Pipeline/Pipeline.php(219): Illuminate\\Routing\\Middleware\\SubstituteBindings->handle()
#26 /home/sufocani/www/app.arssporttraining.ch/vendor/laravel/framework/src/Illuminate/Foundation/Http/Middleware/VerifyCsrfToken.php(87): Illuminate\\Pipeline\\Pipeline->{closure:{closure:Illuminate\\Pipeline\\Pipeline::carry():194}:195}()
#27 /home/sufocani/www/app.arssporttraining.ch/vendor/laravel/framework/src/Illuminate/Pipeline/Pipeline.php(219): Illuminate\\Foundation\\Http\\Middleware\\VerifyCsrfToken->handle()
#28 /home/sufocani/www/app.arssporttraining.ch/vendor/laravel/framework/src/Illuminate/View/Middleware/ShareErrorsFromSession.php(48): Illuminate\\Pipeline\\Pipeline->{closure:{closure:Illuminate\\Pipeline\\Pipeline::carry():194}:195}()
#29 /home/sufocani/www/app.arssporttraining.ch/vendor/laravel/framework/src/Illuminate/Pipeline/Pipeline.php(219): Illuminate\\View\\Middleware\\ShareErrorsFromSession->handle()
#30 /home/sufocani/www/app.arssporttraining.ch/vendor/laravel/framework/src/Illuminate/Session/Middleware/StartSession.php(120): Illuminate\\Pipeline\\Pipeline->{closure:{closure:Illuminate\\Pipeline\\Pipeline::carry():194}:195}()
#31 /home/sufocani/www/app.arssporttraining.ch/vendor/laravel/framework/src/Illuminate/Session/Middleware/StartSession.php(63): Illuminate\\Session\\Middleware\\StartSession->handleStatefulRequest()
#32 /home/sufocani/www/app.arssporttraining.ch/vendor/laravel/framework/src/Illuminate/Pipeline/Pipeline.php(219): Illuminate\\Session\\Middleware\\StartSession->handle()
#33 /home/sufocani/www/app.arssporttraining.ch/vendor/laravel/framework/src/Illuminate/Cookie/Middleware/AddQueuedCookiesToResponse.php(36): Illuminate\\Pipeline\\Pipeline->{closure:{closure:Illuminate\\Pipeline\\Pipeline::carry():194}:195}()
#34 /home/sufocani/www/app.arssporttraining.ch/vendor/laravel/framework/src/Illuminate/Pipeline/Pipeline.php(219): Illuminate\\Cookie\\Middleware\\AddQueuedCookiesToResponse->handle()
#35 /home/sufocani/www/app.arssporttraining.ch/vendor/laravel/framework/src/Illuminate/Cookie/Middleware/EncryptCookies.php(74): Illuminate\\Pipeline\\Pipeline->{closure:{closure:Illuminate\\Pipeline\\Pipeline::carry():194}:195}()
#36 /home/sufocani/www/app.arssporttraining.ch/vendor/laravel/framework/src/Illuminate/Pipeline/Pipeline.php(219): Illuminate\\Cookie\\Middleware\\EncryptCookies->handle()
#37 /home/sufocani/www/app.arssporttraining.ch/vendor/laravel/framework/src/Illuminate/Pipeline/Pipeline.php(137): Illuminate\\Pipeline\\Pipeline->{closure:{closure:Illuminate\\Pipeline\\Pipeline::carry():194}:195}()
#38 /home/sufocani/www/app.arssporttraining.ch/vendor/laravel/framework/src/Illuminate/Routing/Router.php(821): Illuminate\\Pipeline\\Pipeline->then()
#39 /home/sufocani/www/app.arssporttraining.ch/vendor/laravel/framework/src/Illuminate/Routing/Router.php(800): Illuminate\\Routing\\Router->runRouteWithinStack()
#40 /home/sufocani/www/app.arssporttraining.ch/vendor/laravel/framework/src/Illuminate/Routing/Router.php(764): Illuminate\\Routing\\Router->runRoute()
#41 /home/sufocani/www/app.arssporttraining.ch/vendor/laravel/framework/src/Illuminate/Routing/Router.php(753): Illuminate\\Routing\\Router->dispatchToRoute()
#42 /home/sufocani/www/app.arssporttraining.ch/vendor/laravel/framework/src/Illuminate/Foundation/Http/Kernel.php(200): Illuminate\\Routing\\Router->dispatch()
#43 /home/sufocani/www/app.arssporttraining.ch/vendor/laravel/framework/src/Illuminate/Pipeline/Pipeline.php(180): Illuminate\\Foundation\\Http\\Kernel->{closure:Illuminate\\Foundation\\Http\\Kernel::dispatchToRouter():197}()
#44 /home/sufocani/www/app.arssporttraining.ch/vendor/livewire/livewire/src/Features/SupportDisablingBackButtonCache/DisableBackButtonCacheMiddleware.php(19): Illuminate\\Pipeline\\Pipeline->{closure:Illuminate\\Pipeline\\Pipeline::prepareDestination():178}()
#45 /home/sufocani/www/app.arssporttraining.ch/vendor/laravel/framework/src/Illuminate/Pipeline/Pipeline.php(219): Livewire\\Features\\SupportDisablingBackButtonCache\\DisableBackButtonCacheMiddleware->handle()
#46 /home/sufocani/www/app.arssporttraining.ch/vendor/barryvdh/laravel-debugbar/src/Middleware/InjectDebugbar.php(59): Illuminate\\Pipeline\\Pipeline->{closure:{closure:Illuminate\\Pipeline\\Pipeline::carry():194}:195}()
#47 /home/sufocani/www/app.arssporttraining.ch/vendor/laravel/framework/src/Illuminate/Pipeline/Pipeline.php(219): Barryvdh\\Debugbar\\Middleware\\InjectDebugbar->handle()
#48 /home/sufocani/www/app.arssporttraining.ch/app/Http/Middleware/LogRequestTiming.php(14): Illuminate\\Pipeline\\Pipeline->{closure:{closure:Illuminate\\Pipeline\\Pipeline::carry():194}:195}()
#49 /home/sufocani/www/app.arssporttraining.ch/vendor/laravel/framework/src/Illuminate/Pipeline/Pipeline.php(219): App\\Http\\Middleware\\LogRequestTiming->handle()
#50 /home/sufocani/www/app.arssporttraining.ch/vendor/laravel/framework/src/Illuminate/Foundation/Http/Middleware/ConvertEmptyStringsToNull.php(27): Illuminate\\Pipeline\\Pipeline->{closure:{closure:Illuminate\\Pipeline\\Pipeline::carry():194}:195}()
#51 /home/sufocani/www/app.arssporttraining.ch/vendor/laravel/framework/src/Illuminate/Pipeline/Pipeline.php(219): Illuminate\\Foundation\\Http\\Middleware\\ConvertEmptyStringsToNull->handle()
#52 /home/sufocani/www/app.arssporttraining.ch/vendor/laravel/framework/src/Illuminate/Foundation/Http/Middleware/TrimStrings.php(47): Illuminate\\Pipeline\\Pipeline->{closure:{closure:Illuminate\\Pipeline\\Pipeline::carry():194}:195}()
#53 /home/sufocani/www/app.arssporttraining.ch/vendor/laravel/framework/src/Illuminate/Pipeline/Pipeline.php(219): Illuminate\\Foundation\\Http\\Middleware\\TrimStrings->handle()
#54 /home/sufocani/www/app.arssporttraining.ch/vendor/laravel/framework/src/Illuminate/Http/Middleware/ValidatePostSize.php(27): Illuminate\\Pipeline\\Pipeline->{closure:{closure:Illuminate\\Pipeline\\Pipeline::carry():194}:195}()
#55 /home/sufocani/www/app.arssporttraining.ch/vendor/laravel/framework/src/Illuminate/Pipeline/Pipeline.php(219): Illuminate\\Http\\Middleware\\ValidatePostSize->handle()
#56 /home/sufocani/www/app.arssporttraining.ch/vendor/laravel/framework/src/Illuminate/Foundation/Http/Middleware/PreventRequestsDuringMaintenance.php(109): Illuminate\\Pipeline\\Pipeline->{closure:{closure:Illuminate\\Pipeline\\Pipeline::carry():194}:195}()
#57 /home/sufocani/www/app.arssporttraining.ch/vendor/laravel/framework/src/Illuminate/Pipeline/Pipeline.php(219): Illuminate\\Foundation\\Http\\Middleware\\PreventRequestsDuringMaintenance->handle()
#58 /home/sufocani/www/app.arssporttraining.ch/vendor/laravel/framework/src/Illuminate/Http/Middleware/HandleCors.php(61): Illuminate\\Pipeline\\Pipeline->{closure:{closure:Illuminate\\Pipeline\\Pipeline::carry():194}:195}()
#59 /home/sufocani/www/app.arssporttraining.ch/vendor/laravel/framework/src/Illuminate/Pipeline/Pipeline.php(219): Illuminate\\Http\\Middleware\\HandleCors->handle()
#60 /home/sufocani/www/app.arssporttraining.ch/vendor/laravel/framework/src/Illuminate/Http/Middleware/TrustProxies.php(58): Illuminate\\Pipeline\\Pipeline->{closure:{closure:Illuminate\\Pipeline\\Pipeline::carry():194}:195}()
#61 /home/sufocani/www/app.arssporttraining.ch/vendor/laravel/framework/src/Illuminate/Pipeline/Pipeline.php(219): Illuminate\\Http\\Middleware\\TrustProxies->handle()
#62 /home/sufocani/www/app.arssporttraining.ch/vendor/laravel/framework/src/Illuminate/Foundation/Http/Middleware/InvokeDeferredCallbacks.php(22): Illuminate\\Pipeline\\Pipeline->{closure:{closure:Illuminate\\Pipeline\\Pipeline::carry():194}:195}()
#63 /home/sufocani/www/app.arssporttraining.ch/vendor/laravel/framework/src/Illuminate/Pipeline/Pipeline.php(219): Illuminate\\Foundation\\Http\\Middleware\\InvokeDeferredCallbacks->handle()
#64 /home/sufocani/www/app.arssporttraining.ch/vendor/laravel/framework/src/Illuminate/Http/Middleware/ValidatePathEncoding.php(26): Illuminate\\Pipeline\\Pipeline->{closure:{closure:Illuminate\\Pipeline\\Pipeline::carry():194}:195}()
#65 /home/sufocani/www/app.arssporttraining.ch/vendor/laravel/framework/src/Illuminate/Pipeline/Pipeline.php(219): Illuminate\\Http\\Middleware\\ValidatePathEncoding->handle()
#66 /home/sufocani/www/app.arssporttraining.ch/vendor/laravel/framework/src/Illuminate/Pipeline/Pipeline.php(137): Illuminate\\Pipeline\\Pipeline->{closure:{closure:Illuminate\\Pipeline\\Pipeline::carry():194}:195}()
#67 /home/sufocani/www/app.arssporttraining.ch/vendor/laravel/framework/src/Illuminate/Foundation/Http/Kernel.php(175): Illuminate\\Pipeline\\Pipeline->then()
#68 /home/sufocani/www/app.arssporttraining.ch/vendor/laravel/framework/src/Illuminate/Foundation/Http/Kernel.php(144): Illuminate\\Foundation\\Http\\Kernel->sendRequestThroughRouter()
#69 /home/sufocani/www/app.arssporttraining.ch/vendor/laravel/framework/src/Illuminate/Foundation/Application.php(1220): Illuminate\\Foundation\\Http\\Kernel->handle()
#70 /home/sufocani/www/app.arssporttraining.ch/public/index.php(20): Illuminate\\Foundation\\Application->handleRequest()
#71 {main}
"} 
[2026-05-09 04:24:28] production.ERROR: Class "App\Livewire\Training\Concerns\MetricSubmissionData" not found {"userId":2,"exception":"[object] (Error(code: 0): Class \"App\\Livewire\\Training\\Concerns\\MetricSubmissionData\" not found at /home/sufocani/www/app.arssporttraining.ch/app/Livewire/Training/Concerns/WithCalendarPlan.php:770)
[stacktrace]
#0 /home/sufocani/www/app.arssporttraining.ch/vendor/laravel/framework/src/Illuminate/Container/BoundMethod.php(36): App\\Livewire\\Training\\CalendarIndex->onPlanMetricFormSubmitted()
#1 /home/sufocani/www/app.arssporttraining.ch/vendor/laravel/framework/src/Illuminate/Container/Util.php(43): Illuminate\\Container\\BoundMethod::{closure:Illuminate\\Container\\BoundMethod::call():35}()
#2 /home/sufocani/www/app.arssporttraining.ch/vendor/laravel/framework/src/Illuminate/Container/BoundMethod.php(96): Illuminate\\Container\\Util::unwrapIfClosure()
#3 /home/sufocani/www/app.arssporttraining.ch/vendor/laravel/framework/src/Illuminate/Container/BoundMethod.php(35): Illuminate\\Container\\BoundMethod::callBoundMethod()
#4 /home/sufocani/www/app.arssporttraining.ch/vendor/livewire/livewire/src/Wrapped.php(23): Illuminate\\Container\\BoundMethod::call()
#5 /home/sufocani/www/app.arssporttraining.ch/vendor/livewire/livewire/src/Features/SupportEvents/SupportEvents.php(29): Livewire\\Wrapped->__call()
#6 /home/sufocani/www/app.arssporttraining.ch/vendor/livewire/livewire/src/ComponentHook.php(41): Livewire\\Features\\SupportEvents\\SupportEvents->call()
#7 /home/sufocani/www/app.arssporttraining.ch/vendor/livewire/livewire/src/ComponentHookRegistry.php(114): Livewire\\ComponentHook->callCall()
#8 /home/sufocani/www/app.arssporttraining.ch/vendor/livewire/livewire/src/ComponentHookRegistry.php(65): Livewire\\ComponentHookRegistry::{closure:Livewire\\ComponentHookRegistry::proxyCallToHooks():110}()
#9 /home/sufocani/www/app.arssporttraining.ch/vendor/livewire/livewire/src/EventBus.php(87): Livewire\\ComponentHookRegistry::{closure:Livewire\\ComponentHookRegistry::boot():64}()
#10 /home/sufocani/www/app.arssporttraining.ch/vendor/livewire/livewire/src/helpers.php(98): Livewire\\EventBus->trigger()
#11 /home/sufocani/www/app.arssporttraining.ch/vendor/livewire/livewire/src/Mechanisms/HandleComponents/HandleComponents.php(664): Livewire\\trigger()
#12 /home/sufocani/www/app.arssporttraining.ch/vendor/livewire/livewire/src/Mechanisms/HandleComponents/HandleComponents.php(240): Livewire\\Mechanisms\\HandleComponents\\HandleComponents->callMethods()
#13 /home/sufocani/www/app.arssporttraining.ch/vendor/livewire/livewire/src/LivewireManager.php(131): Livewire\\Mechanisms\\HandleComponents\\HandleComponents->update()
#14 /home/sufocani/www/app.arssporttraining.ch/vendor/livewire/livewire/src/Mechanisms/HandleRequests/HandleRequests.php(190): Livewire\\LivewireManager->update()
#15 /home/sufocani/www/app.arssporttraining.ch/vendor/laravel/framework/src/Illuminate/Routing/ControllerDispatcher.php(46): Livewire\\Mechanisms\\HandleRequests\\HandleRequests->handleUpdate()
#16 /home/sufocani/www/app.arssporttraining.ch/vendor/laravel/framework/src/Illuminate/Routing/Route.php(265): Illuminate\\Routing\\ControllerDispatcher->dispatch()
#17 /home/sufocani/www/app.arssporttraining.ch/vendor/laravel/framework/src/Illuminate/Routing/Route.php(211): Illuminate\\Routing\\Route->runController()
#18 /home/sufocani/www/app.arssporttraining.ch/vendor/laravel/framework/src/Illuminate/Routing/Router.php(822): Illuminate\\Routing\\Route->run()
#19 /home/sufocani/www/app.arssporttraining.ch/vendor/laravel/framework/src/Illuminate/Pipeline/Pipeline.php(180): Illuminate\\Routing\\Router->{closure:Illuminate\\Routing\\Router::runRouteWithinStack():821}()
#20 /home/sufocani/www/app.arssporttraining.ch/vendor/livewire/livewire/src/Mechanisms/HandleRequests/RequireLivewireHeaders.php(19): Illuminate\\Pipeline\\Pipeline->{closure:Illuminate\\Pipeline\\Pipeline::prepareDestination():178}()
#21 /home/sufocani/www/app.arssporttraining.ch/vendor/laravel/framework/src/Illuminate/Pipeline/Pipeline.php(219): Livewire\\Mechanisms\\HandleRequests\\RequireLivewireHeaders->handle()
#22 /home/sufocani/www/app.arssporttraining.ch/vendor/barryvdh/laravel-debugbar/src/Middleware/InjectDebugbar.php(59): Illuminate\\Pipeline\\Pipeline->{closure:{closure:Illuminate\\Pipeline\\Pipeline::carry():194}:195}()
#23 /home/sufocani/www/app.arssporttraining.ch/vendor/laravel/framework/src/Illuminate/Pipeline/Pipeline.php(219): Barryvdh\\Debugbar\\Middleware\\InjectDebugbar->handle()
#24 /home/sufocani/www/app.arssporttraining.ch/vendor/laravel/framework/src/Illuminate/Routing/Middleware/SubstituteBindings.php(50): Illuminate\\Pipeline\\Pipeline->{closure:{closure:Illuminate\\Pipeline\\Pipeline::carry():194}:195}()
#25 /home/sufocani/www/app.arssporttraining.ch/vendor/laravel/framework/src/Illuminate/Pipeline/Pipeline.php(219): Illuminate\\Routing\\Middleware\\SubstituteBindings->handle()
#26 /home/sufocani/www/app.arssporttraining.ch/vendor/laravel/framework/src/Illuminate/Foundation/Http/Middleware/VerifyCsrfToken.php(87): Illuminate\\Pipeline\\Pipeline->{closure:{closure:Illuminate\\Pipeline\\Pipeline::carry():194}:195}()
#27 /home/sufocani/www/app.arssporttraining.ch/vendor/laravel/framework/src/Illuminate/Pipeline/Pipeline.php(219): Illuminate\\Foundation\\Http\\Middleware\\VerifyCsrfToken->handle()
#28 /home/sufocani/www/app.arssporttraining.ch/vendor/laravel/framework/src/Illuminate/View/Middleware/ShareErrorsFromSession.php(48): Illuminate\\Pipeline\\Pipeline->{closure:{closure:Illuminate\\Pipeline\\Pipeline::carry():194}:195}()
#29 /home/sufocani/www/app.arssporttraining.ch/vendor/laravel/framework/src/Illuminate/Pipeline/Pipeline.php(219): Illuminate\\View\\Middleware\\ShareErrorsFromSession->handle()
#30 /home/sufocani/www/app.arssporttraining.ch/vendor/laravel/framework/src/Illuminate/Session/Middleware/StartSession.php(120): Illuminate\\Pipeline\\Pipeline->{closure:{closure:Illuminate\\Pipeline\\Pipeline::carry():194}:195}()
#31 /home/sufocani/www/app.arssporttraining.ch/vendor/laravel/framework/src/Illuminate/Session/Middleware/StartSession.php(63): Illuminate\\Session\\Middleware\\StartSession->handleStatefulRequest()
#32 /home/sufocani/www/app.arssporttraining.ch/vendor/laravel/framework/src/Illuminate/Pipeline/Pipeline.php(219): Illuminate\\Session\\Middleware\\StartSession->handle()
#33 /home/sufocani/www/app.arssporttraining.ch/vendor/laravel/framework/src/Illuminate/Cookie/Middleware/AddQueuedCookiesToResponse.php(36): Illuminate\\Pipeline\\Pipeline->{closure:{closure:Illuminate\\Pipeline\\Pipeline::carry():194}:195}()
#34 /home/sufocani/www/app.arssporttraining.ch/vendor/laravel/framework/src/Illuminate/Pipeline/Pipeline.php(219): Illuminate\\Cookie\\Middleware\\AddQueuedCookiesToResponse->handle()
#35 /home/sufocani/www/app.arssporttraining.ch/vendor/laravel/framework/src/Illuminate/Cookie/Middleware/EncryptCookies.php(74): Illuminate\\Pipeline\\Pipeline->{closure:{closure:Illuminate\\Pipeline\\Pipeline::carry():194}:195}()
#36 /home/sufocani/www/app.arssporttraining.ch/vendor/laravel/framework/src/Illuminate/Pipeline/Pipeline.php(219): Illuminate\\Cookie\\Middleware\\EncryptCookies->handle()
#37 /home/sufocani/www/app.arssporttraining.ch/vendor/laravel/framework/src/Illuminate/Pipeline/Pipeline.php(137): Illuminate\\Pipeline\\Pipeline->{closure:{closure:Illuminate\\Pipeline\\Pipeline::carry():194}:195}()
#38 /home/sufocani/www/app.arssporttraining.ch/vendor/laravel/framework/src/Illuminate/Routing/Router.php(821): Illuminate\\Pipeline\\Pipeline->then()
#39 /home/sufocani/www/app.arssporttraining.ch/vendor/laravel/framework/src/Illuminate/Routing/Router.php(800): Illuminate\\Routing\\Router->runRouteWithinStack()
#40 /home/sufocani/www/app.arssporttraining.ch/vendor/laravel/framework/src/Illuminate/Routing/Router.php(764): Illuminate\\Routing\\Router->runRoute()
#41 /home/sufocani/www/app.arssporttraining.ch/vendor/laravel/framework/src/Illuminate/Routing/Router.php(753): Illuminate\\Routing\\Router->dispatchToRoute()
#42 /home/sufocani/www/app.arssporttraining.ch/vendor/laravel/framework/src/Illuminate/Foundation/Http/Kernel.php(200): Illuminate\\Routing\\Router->dispatch()
#43 /home/sufocani/www/app.arssporttraining.ch/vendor/laravel/framework/src/Illuminate/Pipeline/Pipeline.php(180): Illuminate\\Foundation\\Http\\Kernel->{closure:Illuminate\\Foundation\\Http\\Kernel::dispatchToRouter():197}()
#44 /home/sufocani/www/app.arssporttraining.ch/vendor/livewire/livewire/src/Features/SupportDisablingBackButtonCache/DisableBackButtonCacheMiddleware.php(19): Illuminate\\Pipeline\\Pipeline->{closure:Illuminate\\Pipeline\\Pipeline::prepareDestination():178}()
#45 /home/sufocani/www/app.arssporttraining.ch/vendor/laravel/framework/src/Illuminate/Pipeline/Pipeline.php(219): Livewire\\Features\\SupportDisablingBackButtonCache\\DisableBackButtonCacheMiddleware->handle()
#46 /home/sufocani/www/app.arssporttraining.ch/vendor/barryvdh/laravel-debugbar/src/Middleware/InjectDebugbar.php(59): Illuminate\\Pipeline\\Pipeline->{closure:{closure:Illuminate\\Pipeline\\Pipeline::carry():194}:195}()
#47 /home/sufocani/www/app.arssporttraining.ch/vendor/laravel/framework/src/Illuminate/Pipeline/Pipeline.php(219): Barryvdh\\Debugbar\\Middleware\\InjectDebugbar->handle()
#48 /home/sufocani/www/app.arssporttraining.ch/app/Http/Middleware/LogRequestTiming.php(14): Illuminate\\Pipeline\\Pipeline->{closure:{closure:Illuminate\\Pipeline\\Pipeline::carry():194}:195}()
#49 /home/sufocani/www/app.arssporttraining.ch/vendor/laravel/framework/src/Illuminate/Pipeline/Pipeline.php(219): App\\Http\\Middleware\\LogRequestTiming->handle()
#50 /home/sufocani/www/app.arssporttraining.ch/vendor/laravel/framework/src/Illuminate/Foundation/Http/Middleware/ConvertEmptyStringsToNull.php(27): Illuminate\\Pipeline\\Pipeline->{closure:{closure:Illuminate\\Pipeline\\Pipeline::carry():194}:195}()
#51 /home/sufocani/www/app.arssporttraining.ch/vendor/laravel/framework/src/Illuminate/Pipeline/Pipeline.php(219): Illuminate\\Foundation\\Http\\Middleware\\ConvertEmptyStringsToNull->handle()
#52 /home/sufocani/www/app.arssporttraining.ch/vendor/laravel/framework/src/Illuminate/Foundation/Http/Middleware/TrimStrings.php(47): Illuminate\\Pipeline\\Pipeline->{closure:{closure:Illuminate\\Pipeline\\Pipeline::carry():194}:195}()
#53 /home/sufocani/www/app.arssporttraining.ch/vendor/laravel/framework/src/Illuminate/Pipeline/Pipeline.php(219): Illuminate\\Foundation\\Http\\Middleware\\TrimStrings->handle()
#54 /home/sufocani/www/app.arssporttraining.ch/vendor/laravel/framework/src/Illuminate/Http/Middleware/ValidatePostSize.php(27): Illuminate\\Pipeline\\Pipeline->{closure:{closure:Illuminate\\Pipeline\\Pipeline::carry():194}:195}()
#55 /home/sufocani/www/app.arssporttraining.ch/vendor/laravel/framework/src/Illuminate/Pipeline/Pipeline.php(219): Illuminate\\Http\\Middleware\\ValidatePostSize->handle()
#56 /home/sufocani/www/app.arssporttraining.ch/vendor/laravel/framework/src/Illuminate/Foundation/Http/Middleware/PreventRequestsDuringMaintenance.php(109): Illuminate\\Pipeline\\Pipeline->{closure:{closure:Illuminate\\Pipeline\\Pipeline::carry():194}:195}()
#57 /home/sufocani/www/app.arssporttraining.ch/vendor/laravel/framework/src/Illuminate/Pipeline/Pipeline.php(219): Illuminate\\Foundation\\Http\\Middleware\\PreventRequestsDuringMaintenance->handle()
#58 /home/sufocani/www/app.arssporttraining.ch/vendor/laravel/framework/src/Illuminate/Http/Middleware/HandleCors.php(61): Illuminate\\Pipeline\\Pipeline->{closure:{closure:Illuminate\\Pipeline\\Pipeline::carry():194}:195}()
#59 /home/sufocani/www/app.arssporttraining.ch/vendor/laravel/framework/src/Illuminate/Pipeline/Pipeline.php(219): Illuminate\\Http\\Middleware\\HandleCors->handle()
#60 /home/sufocani/www/app.arssporttraining.ch/vendor/laravel/framework/src/Illuminate/Http/Middleware/TrustProxies.php(58): Illuminate\\Pipeline\\Pipeline->{closure:{closure:Illuminate\\Pipeline\\Pipeline::carry():194}:195}()
#61 /home/sufocani/www/app.arssporttraining.ch/vendor/laravel/framework/src/Illuminate/Pipeline/Pipeline.php(219): Illuminate\\Http\\Middleware\\TrustProxies->handle()
#62 /home/sufocani/www/app.arssporttraining.ch/vendor/laravel/framework/src/Illuminate/Foundation/Http/Middleware/InvokeDeferredCallbacks.php(22): Illuminate\\Pipeline\\Pipeline->{closure:{closure:Illuminate\\Pipeline\\Pipeline::carry():194}:195}()
#63 /home/sufocani/www/app.arssporttraining.ch/vendor/laravel/framework/src/Illuminate/Pipeline/Pipeline.php(219): Illuminate\\Foundation\\Http\\Middleware\\InvokeDeferredCallbacks->handle()
#64 /home/sufocani/www/app.arssporttraining.ch/vendor/laravel/framework/src/Illuminate/Http/Middleware/ValidatePathEncoding.php(26): Illuminate\\Pipeline\\Pipeline->{closure:{closure:Illuminate\\Pipeline\\Pipeline::carry():194}:195}()
#65 /home/sufocani/www/app.arssporttraining.ch/vendor/laravel/framework/src/Illuminate/Pipeline/Pipeline.php(219): Illuminate\\Http\\Middleware\\ValidatePathEncoding->handle()
#66 /home/sufocani/www/app.arssporttraining.ch/vendor/laravel/framework/src/Illuminate/Pipeline/Pipeline.php(137): Illuminate\\Pipeline\\Pipeline->{closure:{closure:Illuminate\\Pipeline\\Pipeline::carry():194}:195}()
#67 /home/sufocani/www/app.arssporttraining.ch/vendor/laravel/framework/src/Illuminate/Foundation/Http/Kernel.php(175): Illuminate\\Pipeline\\Pipeline->then()
#68 /home/sufocani/www/app.arssporttraining.ch/vendor/laravel/framework/src/Illuminate/Foundation/Http/Kernel.php(144): Illuminate\\Foundation\\Http\\Kernel->sendRequestThroughRouter()
#69 /home/sufocani/www/app.arssporttraining.ch/vendor/laravel/framework/src/Illuminate/Foundation/Application.php(1220): Illuminate\\Foundation\\Http\\Kernel->handle()
#70 /home/sufocani/www/app.arssporttraining.ch/public/index.php(20): Illuminate\\Foundation\\Application->handleRequest()
#71 {main}
"} 
[2026-05-15 09:41:59] production.ERROR: Class "App\Livewire\Training\Concerns\MetricSubmissionData" not found {"userId":2,"exception":"[object] (Error(code: 0): Class \"App\\Livewire\\Training\\Concerns\\MetricSubmissionData\" not found at /home/sufocani/www/app.arssporttraining.ch/app/Livewire/Training/Concerns/WithCalendarPlan.php:770)
[stacktrace]
#0 /home/sufocani/www/app.arssporttraining.ch/vendor/laravel/framework/src/Illuminate/Container/BoundMethod.php(36): App\\Livewire\\Training\\CalendarIndex->onPlanMetricFormSubmitted()
#1 /home/sufocani/www/app.arssporttraining.ch/vendor/laravel/framework/src/Illuminate/Container/Util.php(43): Illuminate\\Container\\BoundMethod::{closure:Illuminate\\Container\\BoundMethod::call():35}()
#2 /home/sufocani/www/app.arssporttraining.ch/vendor/laravel/framework/src/Illuminate/Container/BoundMethod.php(96): Illuminate\\Container\\Util::unwrapIfClosure()
#3 /home/sufocani/www/app.arssporttraining.ch/vendor/laravel/framework/src/Illuminate/Container/BoundMethod.php(35): Illuminate\\Container\\BoundMethod::callBoundMethod()
#4 /home/sufocani/www/app.arssporttraining.ch/vendor/livewire/livewire/src/Wrapped.php(23): Illuminate\\Container\\BoundMethod::call()
#5 /home/sufocani/www/app.arssporttraining.ch/vendor/livewire/livewire/src/Features/SupportEvents/SupportEvents.php(29): Livewire\\Wrapped->__call()
#6 /home/sufocani/www/app.arssporttraining.ch/vendor/livewire/livewire/src/ComponentHook.php(41): Livewire\\Features\\SupportEvents\\SupportEvents->call()
#7 /home/sufocani/www/app.arssporttraining.ch/vendor/livewire/livewire/src/ComponentHookRegistry.php(114): Livewire\\ComponentHook->callCall()
#8 /home/sufocani/www/app.arssporttraining.ch/vendor/livewire/livewire/src/ComponentHookRegistry.php(65): Livewire\\ComponentHookRegistry::{closure:Livewire\\ComponentHookRegistry::proxyCallToHooks():110}()
#9 /home/sufocani/www/app.arssporttraining.ch/vendor/livewire/livewire/src/EventBus.php(87): Livewire\\ComponentHookRegistry::{closure:Livewire\\ComponentHookRegistry::boot():64}()
#10 /home/sufocani/www/app.arssporttraining.ch/vendor/livewire/livewire/src/helpers.php(98): Livewire\\EventBus->trigger()
#11 /home/sufocani/www/app.arssporttraining.ch/vendor/livewire/livewire/src/Mechanisms/HandleComponents/HandleComponents.php(664): Livewire\\trigger()
#12 /home/sufocani/www/app.arssporttraining.ch/vendor/livewire/livewire/src/Mechanisms/HandleComponents/HandleComponents.php(240): Livewire\\Mechanisms\\HandleComponents\\HandleComponents->callMethods()
#13 /home/sufocani/www/app.arssporttraining.ch/vendor/livewire/livewire/src/LivewireManager.php(131): Livewire\\Mechanisms\\HandleComponents\\HandleComponents->update()
#14 /home/sufocani/www/app.arssporttraining.ch/vendor/livewire/livewire/src/Mechanisms/HandleRequests/HandleRequests.php(190): Livewire\\LivewireManager->update()
#15 /home/sufocani/www/app.arssporttraining.ch/vendor/laravel/framework/src/Illuminate/Routing/ControllerDispatcher.php(46): Livewire\\Mechanisms\\HandleRequests\\HandleRequests->handleUpdate()
#16 /home/sufocani/www/app.arssporttraining.ch/vendor/laravel/framework/src/Illuminate/Routing/Route.php(265): Illuminate\\Routing\\ControllerDispatcher->dispatch()
#17 /home/sufocani/www/app.arssporttraining.ch/vendor/laravel/framework/src/Illuminate/Routing/Route.php(211): Illuminate\\Routing\\Route->runController()
#18 /home/sufocani/www/app.arssporttraining.ch/vendor/laravel/framework/src/Illuminate/Routing/Router.php(822): Illuminate\\Routing\\Route->run()
#19 /home/sufocani/www/app.arssporttraining.ch/vendor/laravel/framework/src/Illuminate/Pipeline/Pipeline.php(180): Illuminate\\Routing\\Router->{closure:Illuminate\\Routing\\Router::runRouteWithinStack():821}()
#20 /home/sufocani/www/app.arssporttraining.ch/vendor/livewire/livewire/src/Mechanisms/HandleRequests/RequireLivewireHeaders.php(19): Illuminate\\Pipeline\\Pipeline->{closure:Illuminate\\Pipeline\\Pipeline::prepareDestination():178}()
#21 /home/sufocani/www/app.arssporttraining.ch/vendor/laravel/framework/src/Illuminate/Pipeline/Pipeline.php(219): Livewire\\Mechanisms\\HandleRequests\\RequireLivewireHeaders->handle()
#22 /home/sufocani/www/app.arssporttraining.ch/vendor/barryvdh/laravel-debugbar/src/Middleware/InjectDebugbar.php(59): Illuminate\\Pipeline\\Pipeline->{closure:{closure:Illuminate\\Pipeline\\Pipeline::carry():194}:195}()
#23 /home/sufocani/www/app.arssporttraining.ch/vendor/laravel/framework/src/Illuminate/Pipeline/Pipeline.php(219): Barryvdh\\Debugbar\\Middleware\\InjectDebugbar->handle()
#24 /home/sufocani/www/app.arssporttraining.ch/vendor/laravel/framework/src/Illuminate/Routing/Middleware/SubstituteBindings.php(50): Illuminate\\Pipeline\\Pipeline->{closure:{closure:Illuminate\\Pipeline\\Pipeline::carry():194}:195}()
#25 /home/sufocani/www/app.arssporttraining.ch/vendor/laravel/framework/src/Illuminate/Pipeline/Pipeline.php(219): Illuminate\\Routing\\Middleware\\SubstituteBindings->handle()
#26 /home/sufocani/www/app.arssporttraining.ch/vendor/laravel/framework/src/Illuminate/Foundation/Http/Middleware/VerifyCsrfToken.php(87): Illuminate\\Pipeline\\Pipeline->{closure:{closure:Illuminate\\Pipeline\\Pipeline::carry():194}:195}()
#27 /home/sufocani/www/app.arssporttraining.ch/vendor/laravel/framework/src/Illuminate/Pipeline/Pipeline.php(219): Illuminate\\Foundation\\Http\\Middleware\\VerifyCsrfToken->handle()
#28 /home/sufocani/www/app.arssporttraining.ch/vendor/laravel/framework/src/Illuminate/View/Middleware/ShareErrorsFromSession.php(48): Illuminate\\Pipeline\\Pipeline->{closure:{closure:Illuminate\\Pipeline\\Pipeline::carry():194}:195}()
#29 /home/sufocani/www/app.arssporttraining.ch/vendor/laravel/framework/src/Illuminate/Pipeline/Pipeline.php(219): Illuminate\\View\\Middleware\\ShareErrorsFromSession->handle()
#30 /home/sufocani/www/app.arssporttraining.ch/vendor/laravel/framework/src/Illuminate/Session/Middleware/StartSession.php(120): Illuminate\\Pipeline\\Pipeline->{closure:{closure:Illuminate\\Pipeline\\Pipeline::carry():194}:195}()
#31 /home/sufocani/www/app.arssporttraining.ch/vendor/laravel/framework/src/Illuminate/Session/Middleware/StartSession.php(63): Illuminate\\Session\\Middleware\\StartSession->handleStatefulRequest()
#32 /home/sufocani/www/app.arssporttraining.ch/vendor/laravel/framework/src/Illuminate/Pipeline/Pipeline.php(219): Illuminate\\Session\\Middleware\\StartSession->handle()
#33 /home/sufocani/www/app.arssporttraining.ch/vendor/laravel/framework/src/Illuminate/Cookie/Middleware/AddQueuedCookiesToResponse.php(36): Illuminate\\Pipeline\\Pipeline->{closure:{closure:Illuminate\\Pipeline\\Pipeline::carry():194}:195}()
#34 /home/sufocani/www/app.arssporttraining.ch/vendor/laravel/framework/src/Illuminate/Pipeline/Pipeline.php(219): Illuminate\\Cookie\\Middleware\\AddQueuedCookiesToResponse->handle()
#35 /home/sufocani/www/app.arssporttraining.ch/vendor/laravel/framework/src/Illuminate/Cookie/Middleware/EncryptCookies.php(74): Illuminate\\Pipeline\\Pipeline->{closure:{closure:Illuminate\\Pipeline\\Pipeline::carry():194}:195}()
#36 /home/sufocani/www/app.arssporttraining.ch/vendor/laravel/framework/src/Illuminate/Pipeline/Pipeline.php(219): Illuminate\\Cookie\\Middleware\\EncryptCookies->handle()
#37 /home/sufocani/www/app.arssporttraining.ch/vendor/laravel/framework/src/Illuminate/Pipeline/Pipeline.php(137): Illuminate\\Pipeline\\Pipeline->{closure:{closure:Illuminate\\Pipeline\\Pipeline::carry():194}:195}()
#38 /home/sufocani/www/app.arssporttraining.ch/vendor/laravel/framework/src/Illuminate/Routing/Router.php(821): Illuminate\\Pipeline\\Pipeline->then()
#39 /home/sufocani/www/app.arssporttraining.ch/vendor/laravel/framework/src/Illuminate/Routing/Router.php(800): Illuminate\\Routing\\Router->runRouteWithinStack()
#40 /home/sufocani/www/app.arssporttraining.ch/vendor/laravel/framework/src/Illuminate/Routing/Router.php(764): Illuminate\\Routing\\Router->runRoute()
#41 /home/sufocani/www/app.arssporttraining.ch/vendor/laravel/framework/src/Illuminate/Routing/Router.php(753): Illuminate\\Routing\\Router->dispatchToRoute()
#42 /home/sufocani/www/app.arssporttraining.ch/vendor/laravel/framework/src/Illuminate/Foundation/Http/Kernel.php(200): Illuminate\\Routing\\Router->dispatch()
#43 /home/sufocani/www/app.arssporttraining.ch/vendor/laravel/framework/src/Illuminate/Pipeline/Pipeline.php(180): Illuminate\\Foundation\\Http\\Kernel->{closure:Illuminate\\Foundation\\Http\\Kernel::dispatchToRouter():197}()
#44 /home/sufocani/www/app.arssporttraining.ch/vendor/livewire/livewire/src/Features/SupportDisablingBackButtonCache/DisableBackButtonCacheMiddleware.php(19): Illuminate\\Pipeline\\Pipeline->{closure:Illuminate\\Pipeline\\Pipeline::prepareDestination():178}()
#45 /home/sufocani/www/app.arssporttraining.ch/vendor/laravel/framework/src/Illuminate/Pipeline/Pipeline.php(219): Livewire\\Features\\SupportDisablingBackButtonCache\\DisableBackButtonCacheMiddleware->handle()
#46 /home/sufocani/www/app.arssporttraining.ch/vendor/barryvdh/laravel-debugbar/src/Middleware/InjectDebugbar.php(59): Illuminate\\Pipeline\\Pipeline->{closure:{closure:Illuminate\\Pipeline\\Pipeline::carry():194}:195}()
#47 /home/sufocani/www/app.arssporttraining.ch/vendor/laravel/framework/src/Illuminate/Pipeline/Pipeline.php(219): Barryvdh\\Debugbar\\Middleware\\InjectDebugbar->handle()
#48 /home/sufocani/www/app.arssporttraining.ch/app/Http/Middleware/LogRequestTiming.php(14): Illuminate\\Pipeline\\Pipeline->{closure:{closure:Illuminate\\Pipeline\\Pipeline::carry():194}:195}()
#49 /home/sufocani/www/app.arssporttraining.ch/vendor/laravel/framework/src/Illuminate/Pipeline/Pipeline.php(219): App\\Http\\Middleware\\LogRequestTiming->handle()
#50 /home/sufocani/www/app.arssporttraining.ch/vendor/laravel/framework/src/Illuminate/Foundation/Http/Middleware/ConvertEmptyStringsToNull.php(27): Illuminate\\Pipeline\\Pipeline->{closure:{closure:Illuminate\\Pipeline\\Pipeline::carry():194}:195}()
#51 /home/sufocani/www/app.arssporttraining.ch/vendor/laravel/framework/src/Illuminate/Pipeline/Pipeline.php(219): Illuminate\\Foundation\\Http\\Middleware\\ConvertEmptyStringsToNull->handle()
#52 /home/sufocani/www/app.arssporttraining.ch/vendor/laravel/framework/src/Illuminate/Foundation/Http/Middleware/TrimStrings.php(47): Illuminate\\Pipeline\\Pipeline->{closure:{closure:Illuminate\\Pipeline\\Pipeline::carry():194}:195}()
#53 /home/sufocani/www/app.arssporttraining.ch/vendor/laravel/framework/src/Illuminate/Pipeline/Pipeline.php(219): Illuminate\\Foundation\\Http\\Middleware\\TrimStrings->handle()
#54 /home/sufocani/www/app.arssporttraining.ch/vendor/laravel/framework/src/Illuminate/Http/Middleware/ValidatePostSize.php(27): Illuminate\\Pipeline\\Pipeline->{closure:{closure:Illuminate\\Pipeline\\Pipeline::carry():194}:195}()
#55 /home/sufocani/www/app.arssporttraining.ch/vendor/laravel/framework/src/Illuminate/Pipeline/Pipeline.php(219): Illuminate\\Http\\Middleware\\ValidatePostSize->handle()
#56 /home/sufocani/www/app.arssporttraining.ch/vendor/laravel/framework/src/Illuminate/Foundation/Http/Middleware/PreventRequestsDuringMaintenance.php(109): Illuminate\\Pipeline\\Pipeline->{closure:{closure:Illuminate\\Pipeline\\Pipeline::carry():194}:195}()
#57 /home/sufocani/www/app.arssporttraining.ch/vendor/laravel/framework/src/Illuminate/Pipeline/Pipeline.php(219): Illuminate\\Foundation\\Http\\Middleware\\PreventRequestsDuringMaintenance->handle()
#58 /home/sufocani/www/app.arssporttraining.ch/vendor/laravel/framework/src/Illuminate/Http/Middleware/HandleCors.php(61): Illuminate\\Pipeline\\Pipeline->{closure:{closure:Illuminate\\Pipeline\\Pipeline::carry():194}:195}()
#59 /home/sufocani/www/app.arssporttraining.ch/vendor/laravel/framework/src/Illuminate/Pipeline/Pipeline.php(219): Illuminate\\Http\\Middleware\\HandleCors->handle()
#60 /home/sufocani/www/app.arssporttraining.ch/vendor/laravel/framework/src/Illuminate/Http/Middleware/TrustProxies.php(58): Illuminate\\Pipeline\\Pipeline->{closure:{closure:Illuminate\\Pipeline\\Pipeline::carry():194}:195}()
#61 /home/sufocani/www/app.arssporttraining.ch/vendor/laravel/framework/src/Illuminate/Pipeline/Pipeline.php(219): Illuminate\\Http\\Middleware\\TrustProxies->handle()
#62 /home/sufocani/www/app.arssporttraining.ch/vendor/laravel/framework/src/Illuminate/Foundation/Http/Middleware/InvokeDeferredCallbacks.php(22): Illuminate\\Pipeline\\Pipeline->{closure:{closure:Illuminate\\Pipeline\\Pipeline::carry():194}:195}()
#63 /home/sufocani/www/app.arssporttraining.ch/vendor/laravel/framework/src/Illuminate/Pipeline/Pipeline.php(219): Illuminate\\Foundation\\Http\\Middleware\\InvokeDeferredCallbacks->handle()
#64 /home/sufocani/www/app.arssporttraining.ch/vendor/laravel/framework/src/Illuminate/Http/Middleware/ValidatePathEncoding.php(26): Illuminate\\Pipeline\\Pipeline->{closure:{closure:Illuminate\\Pipeline\\Pipeline::carry():194}:195}()
#65 /home/sufocani/www/app.arssporttraining.ch/vendor/laravel/framework/src/Illuminate/Pipeline/Pipeline.php(219): Illuminate\\Http\\Middleware\\ValidatePathEncoding->handle()
#66 /home/sufocani/www/app.arssporttraining.ch/vendor/laravel/framework/src/Illuminate/Pipeline/Pipeline.php(137): Illuminate\\Pipeline\\Pipeline->{closure:{closure:Illuminate\\Pipeline\\Pipeline::carry():194}:195}()
#67 /home/sufocani/www/app.arssporttraining.ch/vendor/laravel/framework/src/Illuminate/Foundation/Http/Kernel.php(175): Illuminate\\Pipeline\\Pipeline->then()
#68 /home/sufocani/www/app.arssporttraining.ch/vendor/laravel/framework/src/Illuminate/Foundation/Http/Kernel.php(144): Illuminate\\Foundation\\Http\\Kernel->sendRequestThroughRouter()
#69 /home/sufocani/www/app.arssporttraining.ch/vendor/laravel/framework/src/Illuminate/Foundation/Application.php(1220): Illuminate\\Foundation\\Http\\Kernel->handle()
#70 /home/sufocani/www/app.arssporttraining.ch/public/index.php(20): Illuminate\\Foundation\\Application->handleRequest()
#71 {main}
"} 
[2026-05-16 02:16:01] production.ERROR: Class "App\Support\TopicFieldDebugLogger" not found {"userId":2,"exception":"[object] (Error(code: 0): Class \"App\\Support\\TopicFieldDebugLogger\" not found at /home/sufocani/www/app.arssporttraining.ch/vendor/coda/cms/src/Livewire/AbstractModelDetailsPage.php:182)
[stacktrace]
#0 /home/sufocani/www/app.arssporttraining.ch/vendor/laravel/framework/src/Illuminate/Container/BoundMethod.php(36): Coda\\Cms\\Livewire\\AbstractModelDetailsPage->save()
#1 /home/sufocani/www/app.arssporttraining.ch/vendor/laravel/framework/src/Illuminate/Container/Util.php(43): Illuminate\\Container\\BoundMethod::{closure:Illuminate\\Container\\BoundMethod::call():35}()
#2 /home/sufocani/www/app.arssporttraining.ch/vendor/laravel/framework/src/Illuminate/Container/BoundMethod.php(96): Illuminate\\Container\\Util::unwrapIfClosure()
#3 /home/sufocani/www/app.arssporttraining.ch/vendor/laravel/framework/src/Illuminate/Container/BoundMethod.php(35): Illuminate\\Container\\BoundMethod::callBoundMethod()
#4 /home/sufocani/www/app.arssporttraining.ch/vendor/livewire/livewire/src/Wrapped.php(23): Illuminate\\Container\\BoundMethod::call()
#5 /home/sufocani/www/app.arssporttraining.ch/vendor/livewire/livewire/src/Mechanisms/HandleComponents/HandleComponents.php(685): Livewire\\Wrapped->__call()
#6 /home/sufocani/www/app.arssporttraining.ch/vendor/livewire/livewire/src/Mechanisms/HandleComponents/HandleComponents.php(240): Livewire\\Mechanisms\\HandleComponents\\HandleComponents->callMethods()
#7 /home/sufocani/www/app.arssporttraining.ch/vendor/livewire/livewire/src/LivewireManager.php(131): Livewire\\Mechanisms\\HandleComponents\\HandleComponents->update()
#8 /home/sufocani/www/app.arssporttraining.ch/vendor/livewire/livewire/src/Mechanisms/HandleRequests/HandleRequests.php(190): Livewire\\LivewireManager->update()
#9 /home/sufocani/www/app.arssporttraining.ch/vendor/laravel/framework/src/Illuminate/Routing/ControllerDispatcher.php(46): Livewire\\Mechanisms\\HandleRequests\\HandleRequests->handleUpdate()
#10 /home/sufocani/www/app.arssporttraining.ch/vendor/laravel/framework/src/Illuminate/Routing/Route.php(265): Illuminate\\Routing\\ControllerDispatcher->dispatch()
#11 /home/sufocani/www/app.arssporttraining.ch/vendor/laravel/framework/src/Illuminate/Routing/Route.php(211): Illuminate\\Routing\\Route->runController()
#12 /home/sufocani/www/app.arssporttraining.ch/vendor/laravel/framework/src/Illuminate/Routing/Router.php(822): Illuminate\\Routing\\Route->run()
#13 /home/sufocani/www/app.arssporttraining.ch/vendor/laravel/framework/src/Illuminate/Pipeline/Pipeline.php(180): Illuminate\\Routing\\Router->{closure:Illuminate\\Routing\\Router::runRouteWithinStack():821}()
#14 /home/sufocani/www/app.arssporttraining.ch/vendor/livewire/livewire/src/Mechanisms/HandleRequests/RequireLivewireHeaders.php(19): Illuminate\\Pipeline\\Pipeline->{closure:Illuminate\\Pipeline\\Pipeline::prepareDestination():178}()
#15 /home/sufocani/www/app.arssporttraining.ch/vendor/laravel/framework/src/Illuminate/Pipeline/Pipeline.php(219): Livewire\\Mechanisms\\HandleRequests\\RequireLivewireHeaders->handle()
#16 /home/sufocani/www/app.arssporttraining.ch/vendor/barryvdh/laravel-debugbar/src/Middleware/InjectDebugbar.php(59): Illuminate\\Pipeline\\Pipeline->{closure:{closure:Illuminate\\Pipeline\\Pipeline::carry():194}:195}()
#17 /home/sufocani/www/app.arssporttraining.ch/vendor/laravel/framework/src/Illuminate/Pipeline/Pipeline.php(219): Barryvdh\\Debugbar\\Middleware\\InjectDebugbar->handle()
#18 /home/sufocani/www/app.arssporttraining.ch/vendor/laravel/framework/src/Illuminate/Routing/Middleware/SubstituteBindings.php(50): Illuminate\\Pipeline\\Pipeline->{closure:{closure:Illuminate\\Pipeline\\Pipeline::carry():194}:195}()
#19 /home/sufocani/www/app.arssporttraining.ch/vendor/laravel/framework/src/Illuminate/Pipeline/Pipeline.php(219): Illuminate\\Routing\\Middleware\\SubstituteBindings->handle()
#20 /home/sufocani/www/app.arssporttraining.ch/vendor/laravel/framework/src/Illuminate/Foundation/Http/Middleware/VerifyCsrfToken.php(87): Illuminate\\Pipeline\\Pipeline->{closure:{closure:Illuminate\\Pipeline\\Pipeline::carry():194}:195}()
#21 /home/sufocani/www/app.arssporttraining.ch/vendor/laravel/framework/src/Illuminate/Pipeline/Pipeline.php(219): Illuminate\\Foundation\\Http\\Middleware\\VerifyCsrfToken->handle()
#22 /home/sufocani/www/app.arssporttraining.ch/vendor/laravel/framework/src/Illuminate/View/Middleware/ShareErrorsFromSession.php(48): Illuminate\\Pipeline\\Pipeline->{closure:{closure:Illuminate\\Pipeline\\Pipeline::carry():194}:195}()
#23 /home/sufocani/www/app.arssporttraining.ch/vendor/laravel/framework/src/Illuminate/Pipeline/Pipeline.php(219): Illuminate\\View\\Middleware\\ShareErrorsFromSession->handle()
#24 /home/sufocani/www/app.arssporttraining.ch/vendor/laravel/framework/src/Illuminate/Session/Middleware/StartSession.php(120): Illuminate\\Pipeline\\Pipeline->{closure:{closure:Illuminate\\Pipeline\\Pipeline::carry():194}:195}()
#25 /home/sufocani/www/app.arssporttraining.ch/vendor/laravel/framework/src/Illuminate/Session/Middleware/StartSession.php(63): Illuminate\\Session\\Middleware\\StartSession->handleStatefulRequest()
#26 /home/sufocani/www/app.arssporttraining.ch/vendor/laravel/framework/src/Illuminate/Pipeline/Pipeline.php(219): Illuminate\\Session\\Middleware\\StartSession->handle()
#27 /home/sufocani/www/app.arssporttraining.ch/vendor/laravel/framework/src/Illuminate/Cookie/Middleware/AddQueuedCookiesToResponse.php(36): Illuminate\\Pipeline\\Pipeline->{closure:{closure:Illuminate\\Pipeline\\Pipeline::carry():194}:195}()
#28 /home/sufocani/www/app.arssporttraining.ch/vendor/laravel/framework/src/Illuminate/Pipeline/Pipeline.php(219): Illuminate\\Cookie\\Middleware\\AddQueuedCookiesToResponse->handle()
#29 /home/sufocani/www/app.arssporttraining.ch/vendor/laravel/framework/src/Illuminate/Cookie/Middleware/EncryptCookies.php(74): Illuminate\\Pipeline\\Pipeline->{closure:{closure:Illuminate\\Pipeline\\Pipeline::carry():194}:195}()
#30 /home/sufocani/www/app.arssporttraining.ch/vendor/laravel/framework/src/Illuminate/Pipeline/Pipeline.php(219): Illuminate\\Cookie\\Middleware\\EncryptCookies->handle()
#31 /home/sufocani/www/app.arssporttraining.ch/vendor/laravel/framework/src/Illuminate/Pipeline/Pipeline.php(137): Illuminate\\Pipeline\\Pipeline->{closure:{closure:Illuminate\\Pipeline\\Pipeline::carry():194}:195}()
#32 /home/sufocani/www/app.arssporttraining.ch/vendor/laravel/framework/src/Illuminate/Routing/Router.php(821): Illuminate\\Pipeline\\Pipeline->then()
#33 /home/sufocani/www/app.arssporttraining.ch/vendor/laravel/framework/src/Illuminate/Routing/Router.php(800): Illuminate\\Routing\\Router->runRouteWithinStack()
#34 /home/sufocani/www/app.arssporttraining.ch/vendor/laravel/framework/src/Illuminate/Routing/Router.php(764): Illuminate\\Routing\\Router->runRoute()
#35 /home/sufocani/www/app.arssporttraining.ch/vendor/laravel/framework/src/Illuminate/Routing/Router.php(753): Illuminate\\Routing\\Router->dispatchToRoute()
#36 /home/sufocani/www/app.arssporttraining.ch/vendor/laravel/framework/src/Illuminate/Foundation/Http/Kernel.php(200): Illuminate\\Routing\\Router->dispatch()
#37 /home/sufocani/www/app.arssporttraining.ch/vendor/laravel/framework/src/Illuminate/Pipeline/Pipeline.php(180): Illuminate\\Foundation\\Http\\Kernel->{closure:Illuminate\\Foundation\\Http\\Kernel::dispatchToRouter():197}()
#38 /home/sufocani/www/app.arssporttraining.ch/vendor/livewire/livewire/src/Features/SupportDisablingBackButtonCache/DisableBackButtonCacheMiddleware.php(19): Illuminate\\Pipeline\\Pipeline->{closure:Illuminate\\Pipeline\\Pipeline::prepareDestination():178}()
#39 /home/sufocani/www/app.arssporttraining.ch/vendor/laravel/framework/src/Illuminate/Pipeline/Pipeline.php(219): Livewire\\Features\\SupportDisablingBackButtonCache\\DisableBackButtonCacheMiddleware->handle()
#40 /home/sufocani/www/app.arssporttraining.ch/vendor/barryvdh/laravel-debugbar/src/Middleware/InjectDebugbar.php(59): Illuminate\\Pipeline\\Pipeline->{closure:{closure:Illuminate\\Pipeline\\Pipeline::carry():194}:195}()
#41 /home/sufocani/www/app.arssporttraining.ch/vendor/laravel/framework/src/Illuminate/Pipeline/Pipeline.php(219): Barryvdh\\Debugbar\\Middleware\\InjectDebugbar->handle()
#42 /home/sufocani/www/app.arssporttraining.ch/app/Http/Middleware/LogRequestTiming.php(14): Illuminate\\Pipeline\\Pipeline->{closure:{closure:Illuminate\\Pipeline\\Pipeline::carry():194}:195}()
#43 /home/sufocani/www/app.arssporttraining.ch/vendor/laravel/framework/src/Illuminate/Pipeline/Pipeline.php(219): App\\Http\\Middleware\\LogRequestTiming->handle()
#44 /home/sufocani/www/app.arssporttraining.ch/vendor/laravel/framework/src/Illuminate/Foundation/Http/Middleware/ConvertEmptyStringsToNull.php(27): Illuminate\\Pipeline\\Pipeline->{closure:{closure:Illuminate\\Pipeline\\Pipeline::carry():194}:195}()
#45 /home/sufocani/www/app.arssporttraining.ch/vendor/laravel/framework/src/Illuminate/Pipeline/Pipeline.php(219): Illuminate\\Foundation\\Http\\Middleware\\ConvertEmptyStringsToNull->handle()
#46 /home/sufocani/www/app.arssporttraining.ch/vendor/laravel/framework/src/Illuminate/Foundation/Http/Middleware/TrimStrings.php(47): Illuminate\\Pipeline\\Pipeline->{closure:{closure:Illuminate\\Pipeline\\Pipeline::carry():194}:195}()
#47 /home/sufocani/www/app.arssporttraining.ch/vendor/laravel/framework/src/Illuminate/Pipeline/Pipeline.php(219): Illuminate\\Foundation\\Http\\Middleware\\TrimStrings->handle()
#48 /home/sufocani/www/app.arssporttraining.ch/vendor/laravel/framework/src/Illuminate/Http/Middleware/ValidatePostSize.php(27): Illuminate\\Pipeline\\Pipeline->{closure:{closure:Illuminate\\Pipeline\\Pipeline::carry():194}:195}()
#49 /home/sufocani/www/app.arssporttraining.ch/vendor/laravel/framework/src/Illuminate/Pipeline/Pipeline.php(219): Illuminate\\Http\\Middleware\\ValidatePostSize->handle()
#50 /home/sufocani/www/app.arssporttraining.ch/vendor/laravel/framework/src/Illuminate/Foundation/Http/Middleware/PreventRequestsDuringMaintenance.php(109): Illuminate\\Pipeline\\Pipeline->{closure:{closure:Illuminate\\Pipeline\\Pipeline::carry():194}:195}()
#51 /home/sufocani/www/app.arssporttraining.ch/vendor/laravel/framework/src/Illuminate/Pipeline/Pipeline.php(219): Illuminate\\Foundation\\Http\\Middleware\\PreventRequestsDuringMaintenance->handle()
#52 /home/sufocani/www/app.arssporttraining.ch/vendor/laravel/framework/src/Illuminate/Http/Middleware/HandleCors.php(61): Illuminate\\Pipeline\\Pipeline->{closure:{closure:Illuminate\\Pipeline\\Pipeline::carry():194}:195}()
#53 /home/sufocani/www/app.arssporttraining.ch/vendor/laravel/framework/src/Illuminate/Pipeline/Pipeline.php(219): Illuminate\\Http\\Middleware\\HandleCors->handle()
#54 /home/sufocani/www/app.arssporttraining.ch/vendor/laravel/framework/src/Illuminate/Http/Middleware/TrustProxies.php(58): Illuminate\\Pipeline\\Pipeline->{closure:{closure:Illuminate\\Pipeline\\Pipeline::carry():194}:195}()
#55 /home/sufocani/www/app.arssporttraining.ch/vendor/laravel/framework/src/Illuminate/Pipeline/Pipeline.php(219): Illuminate\\Http\\Middleware\\TrustProxies->handle()
#56 /home/sufocani/www/app.arssporttraining.ch/vendor/laravel/framework/src/Illuminate/Foundation/Http/Middleware/InvokeDeferredCallbacks.php(22): Illuminate\\Pipeline\\Pipeline->{closure:{closure:Illuminate\\Pipeline\\Pipeline::carry():194}:195}()
#57 /home/sufocani/www/app.arssporttraining.ch/vendor/laravel/framework/src/Illuminate/Pipeline/Pipeline.php(219): Illuminate\\Foundation\\Http\\Middleware\\InvokeDeferredCallbacks->handle()
#58 /home/sufocani/www/app.arssporttraining.ch/vendor/laravel/framework/src/Illuminate/Http/Middleware/ValidatePathEncoding.php(26): Illuminate\\Pipeline\\Pipeline->{closure:{closure:Illuminate\\Pipeline\\Pipeline::carry():194}:195}()
#59 /home/sufocani/www/app.arssporttraining.ch/vendor/laravel/framework/src/Illuminate/Pipeline/Pipeline.php(219): Illuminate\\Http\\Middleware\\ValidatePathEncoding->handle()
#60 /home/sufocani/www/app.arssporttraining.ch/vendor/laravel/framework/src/Illuminate/Pipeline/Pipeline.php(137): Illuminate\\Pipeline\\Pipeline->{closure:{closure:Illuminate\\Pipeline\\Pipeline::carry():194}:195}()
#61 /home/sufocani/www/app.arssporttraining.ch/vendor/laravel/framework/src/Illuminate/Foundation/Http/Kernel.php(175): Illuminate\\Pipeline\\Pipeline->then()
#62 /home/sufocani/www/app.arssporttraining.ch/vendor/laravel/framework/src/Illuminate/Foundation/Http/Kernel.php(144): Illuminate\\Foundation\\Http\\Kernel->sendRequestThroughRouter()
#63 /home/sufocani/www/app.arssporttraining.ch/vendor/laravel/framework/src/Illuminate/Foundation/Application.php(1220): Illuminate\\Foundation\\Http\\Kernel->handle()
#64 /home/sufocani/www/app.arssporttraining.ch/public/index.php(20): Illuminate\\Foundation\\Application->handleRequest()
#65 {main}
"} 
[2026-05-16 02:16:50] production.ERROR: Class "App\Support\TopicFieldDebugLogger" not found {"userId":2,"exception":"[object] (Error(code: 0): Class \"App\\Support\\TopicFieldDebugLogger\" not found at /home/sufocani/www/app.arssporttraining.ch/vendor/coda/cms/src/Livewire/AbstractModelDetailsPage.php:182)
[stacktrace]
#0 /home/sufocani/www/app.arssporttraining.ch/vendor/laravel/framework/src/Illuminate/Container/BoundMethod.php(36): Coda\\Cms\\Livewire\\AbstractModelDetailsPage->save()
#1 /home/sufocani/www/app.arssporttraining.ch/vendor/laravel/framework/src/Illuminate/Container/Util.php(43): Illuminate\\Container\\BoundMethod::{closure:Illuminate\\Container\\BoundMethod::call():35}()
#2 /home/sufocani/www/app.arssporttraining.ch/vendor/laravel/framework/src/Illuminate/Container/BoundMethod.php(96): Illuminate\\Container\\Util::unwrapIfClosure()
#3 /home/sufocani/www/app.arssporttraining.ch/vendor/laravel/framework/src/Illuminate/Container/BoundMethod.php(35): Illuminate\\Container\\BoundMethod::callBoundMethod()
#4 /home/sufocani/www/app.arssporttraining.ch/vendor/livewire/livewire/src/Wrapped.php(23): Illuminate\\Container\\BoundMethod::call()
#5 /home/sufocani/www/app.arssporttraining.ch/vendor/livewire/livewire/src/Mechanisms/HandleComponents/HandleComponents.php(685): Livewire\\Wrapped->__call()
#6 /home/sufocani/www/app.arssporttraining.ch/vendor/livewire/livewire/src/Mechanisms/HandleComponents/HandleComponents.php(240): Livewire\\Mechanisms\\HandleComponents\\HandleComponents->callMethods()
#7 /home/sufocani/www/app.arssporttraining.ch/vendor/livewire/livewire/src/LivewireManager.php(131): Livewire\\Mechanisms\\HandleComponents\\HandleComponents->update()
#8 /home/sufocani/www/app.arssporttraining.ch/vendor/livewire/livewire/src/Mechanisms/HandleRequests/HandleRequests.php(190): Livewire\\LivewireManager->update()
#9 /home/sufocani/www/app.arssporttraining.ch/vendor/laravel/framework/src/Illuminate/Routing/ControllerDispatcher.php(46): Livewire\\Mechanisms\\HandleRequests\\HandleRequests->handleUpdate()
#10 /home/sufocani/www/app.arssporttraining.ch/vendor/laravel/framework/src/Illuminate/Routing/Route.php(265): Illuminate\\Routing\\ControllerDispatcher->dispatch()
#11 /home/sufocani/www/app.arssporttraining.ch/vendor/laravel/framework/src/Illuminate/Routing/Route.php(211): Illuminate\\Routing\\Route->runController()
#12 /home/sufocani/www/app.arssporttraining.ch/vendor/laravel/framework/src/Illuminate/Routing/Router.php(822): Illuminate\\Routing\\Route->run()
#13 /home/sufocani/www/app.arssporttraining.ch/vendor/laravel/framework/src/Illuminate/Pipeline/Pipeline.php(180): Illuminate\\Routing\\Router->{closure:Illuminate\\Routing\\Router::runRouteWithinStack():821}()
#14 /home/sufocani/www/app.arssporttraining.ch/vendor/livewire/livewire/src/Mechanisms/HandleRequests/RequireLivewireHeaders.php(19): Illuminate\\Pipeline\\Pipeline->{closure:Illuminate\\Pipeline\\Pipeline::prepareDestination():178}()
#15 /home/sufocani/www/app.arssporttraining.ch/vendor/laravel/framework/src/Illuminate/Pipeline/Pipeline.php(219): Livewire\\Mechanisms\\HandleRequests\\RequireLivewireHeaders->handle()
#16 /home/sufocani/www/app.arssporttraining.ch/vendor/barryvdh/laravel-debugbar/src/Middleware/InjectDebugbar.php(59): Illuminate\\Pipeline\\Pipeline->{closure:{closure:Illuminate\\Pipeline\\Pipeline::carry():194}:195}()
#17 /home/sufocani/www/app.arssporttraining.ch/vendor/laravel/framework/src/Illuminate/Pipeline/Pipeline.php(219): Barryvdh\\Debugbar\\Middleware\\InjectDebugbar->handle()
#18 /home/sufocani/www/app.arssporttraining.ch/vendor/laravel/framework/src/Illuminate/Routing/Middleware/SubstituteBindings.php(50): Illuminate\\Pipeline\\Pipeline->{closure:{closure:Illuminate\\Pipeline\\Pipeline::carry():194}:195}()
#19 /home/sufocani/www/app.arssporttraining.ch/vendor/laravel/framework/src/Illuminate/Pipeline/Pipeline.php(219): Illuminate\\Routing\\Middleware\\SubstituteBindings->handle()
#20 /home/sufocani/www/app.arssporttraining.ch/vendor/laravel/framework/src/Illuminate/Foundation/Http/Middleware/VerifyCsrfToken.php(87): Illuminate\\Pipeline\\Pipeline->{closure:{closure:Illuminate\\Pipeline\\Pipeline::carry():194}:195}()
#21 /home/sufocani/www/app.arssporttraining.ch/vendor/laravel/framework/src/Illuminate/Pipeline/Pipeline.php(219): Illuminate\\Foundation\\Http\\Middleware\\VerifyCsrfToken->handle()
#22 /home/sufocani/www/app.arssporttraining.ch/vendor/laravel/framework/src/Illuminate/View/Middleware/ShareErrorsFromSession.php(48): Illuminate\\Pipeline\\Pipeline->{closure:{closure:Illuminate\\Pipeline\\Pipeline::carry():194}:195}()
#23 /home/sufocani/www/app.arssporttraining.ch/vendor/laravel/framework/src/Illuminate/Pipeline/Pipeline.php(219): Illuminate\\View\\Middleware\\ShareErrorsFromSession->handle()
#24 /home/sufocani/www/app.arssporttraining.ch/vendor/laravel/framework/src/Illuminate/Session/Middleware/StartSession.php(120): Illuminate\\Pipeline\\Pipeline->{closure:{closure:Illuminate\\Pipeline\\Pipeline::carry():194}:195}()
#25 /home/sufocani/www/app.arssporttraining.ch/vendor/laravel/framework/src/Illuminate/Session/Middleware/StartSession.php(63): Illuminate\\Session\\Middleware\\StartSession->handleStatefulRequest()
#26 /home/sufocani/www/app.arssporttraining.ch/vendor/laravel/framework/src/Illuminate/Pipeline/Pipeline.php(219): Illuminate\\Session\\Middleware\\StartSession->handle()
#27 /home/sufocani/www/app.arssporttraining.ch/vendor/laravel/framework/src/Illuminate/Cookie/Middleware/AddQueuedCookiesToResponse.php(36): Illuminate\\Pipeline\\Pipeline->{closure:{closure:Illuminate\\Pipeline\\Pipeline::carry():194}:195}()
#28 /home/sufocani/www/app.arssporttraining.ch/vendor/laravel/framework/src/Illuminate/Pipeline/Pipeline.php(219): Illuminate\\Cookie\\Middleware\\AddQueuedCookiesToResponse->handle()
#29 /home/sufocani/www/app.arssporttraining.ch/vendor/laravel/framework/src/Illuminate/Cookie/Middleware/EncryptCookies.php(74): Illuminate\\Pipeline\\Pipeline->{closure:{closure:Illuminate\\Pipeline\\Pipeline::carry():194}:195}()
#30 /home/sufocani/www/app.arssporttraining.ch/vendor/laravel/framework/src/Illuminate/Pipeline/Pipeline.php(219): Illuminate\\Cookie\\Middleware\\EncryptCookies->handle()
#31 /home/sufocani/www/app.arssporttraining.ch/vendor/laravel/framework/src/Illuminate/Pipeline/Pipeline.php(137): Illuminate\\Pipeline\\Pipeline->{closure:{closure:Illuminate\\Pipeline\\Pipeline::carry():194}:195}()
#32 /home/sufocani/www/app.arssporttraining.ch/vendor/laravel/framework/src/Illuminate/Routing/Router.php(821): Illuminate\\Pipeline\\Pipeline->then()
#33 /home/sufocani/www/app.arssporttraining.ch/vendor/laravel/framework/src/Illuminate/Routing/Router.php(800): Illuminate\\Routing\\Router->runRouteWithinStack()
#34 /home/sufocani/www/app.arssporttraining.ch/vendor/laravel/framework/src/Illuminate/Routing/Router.php(764): Illuminate\\Routing\\Router->runRoute()
#35 /home/sufocani/www/app.arssporttraining.ch/vendor/laravel/framework/src/Illuminate/Routing/Router.php(753): Illuminate\\Routing\\Router->dispatchToRoute()
#36 /home/sufocani/www/app.arssporttraining.ch/vendor/laravel/framework/src/Illuminate/Foundation/Http/Kernel.php(200): Illuminate\\Routing\\Router->dispatch()
#37 /home/sufocani/www/app.arssporttraining.ch/vendor/laravel/framework/src/Illuminate/Pipeline/Pipeline.php(180): Illuminate\\Foundation\\Http\\Kernel->{closure:Illuminate\\Foundation\\Http\\Kernel::dispatchToRouter():197}()
#38 /home/sufocani/www/app.arssporttraining.ch/vendor/livewire/livewire/src/Features/SupportDisablingBackButtonCache/DisableBackButtonCacheMiddleware.php(19): Illuminate\\Pipeline\\Pipeline->{closure:Illuminate\\Pipeline\\Pipeline::prepareDestination():178}()
#39 /home/sufocani/www/app.arssporttraining.ch/vendor/laravel/framework/src/Illuminate/Pipeline/Pipeline.php(219): Livewire\\Features\\SupportDisablingBackButtonCache\\DisableBackButtonCacheMiddleware->handle()
#40 /home/sufocani/www/app.arssporttraining.ch/vendor/barryvdh/laravel-debugbar/src/Middleware/InjectDebugbar.php(59): Illuminate\\Pipeline\\Pipeline->{closure:{closure:Illuminate\\Pipeline\\Pipeline::carry():194}:195}()
#41 /home/sufocani/www/app.arssporttraining.ch/vendor/laravel/framework/src/Illuminate/Pipeline/Pipeline.php(219): Barryvdh\\Debugbar\\Middleware\\InjectDebugbar->handle()
#42 /home/sufocani/www/app.arssporttraining.ch/app/Http/Middleware/LogRequestTiming.php(14): Illuminate\\Pipeline\\Pipeline->{closure:{closure:Illuminate\\Pipeline\\Pipeline::carry():194}:195}()
#43 /home/sufocani/www/app.arssporttraining.ch/vendor/laravel/framework/src/Illuminate/Pipeline/Pipeline.php(219): App\\Http\\Middleware\\LogRequestTiming->handle()
#44 /home/sufocani/www/app.arssporttraining.ch/vendor/laravel/framework/src/Illuminate/Foundation/Http/Middleware/ConvertEmptyStringsToNull.php(27): Illuminate\\Pipeline\\Pipeline->{closure:{closure:Illuminate\\Pipeline\\Pipeline::carry():194}:195}()
#45 /home/sufocani/www/app.arssporttraining.ch/vendor/laravel/framework/src/Illuminate/Pipeline/Pipeline.php(219): Illuminate\\Foundation\\Http\\Middleware\\ConvertEmptyStringsToNull->handle()
#46 /home/sufocani/www/app.arssporttraining.ch/vendor/laravel/framework/src/Illuminate/Foundation/Http/Middleware/TrimStrings.php(47): Illuminate\\Pipeline\\Pipeline->{closure:{closure:Illuminate\\Pipeline\\Pipeline::carry():194}:195}()
#47 /home/sufocani/www/app.arssporttraining.ch/vendor/laravel/framework/src/Illuminate/Pipeline/Pipeline.php(219): Illuminate\\Foundation\\Http\\Middleware\\TrimStrings->handle()
#48 /home/sufocani/www/app.arssporttraining.ch/vendor/laravel/framework/src/Illuminate/Http/Middleware/ValidatePostSize.php(27): Illuminate\\Pipeline\\Pipeline->{closure:{closure:Illuminate\\Pipeline\\Pipeline::carry():194}:195}()
#49 /home/sufocani/www/app.arssporttraining.ch/vendor/laravel/framework/src/Illuminate/Pipeline/Pipeline.php(219): Illuminate\\Http\\Middleware\\ValidatePostSize->handle()
#50 /home/sufocani/www/app.arssporttraining.ch/vendor/laravel/framework/src/Illuminate/Foundation/Http/Middleware/PreventRequestsDuringMaintenance.php(109): Illuminate\\Pipeline\\Pipeline->{closure:{closure:Illuminate\\Pipeline\\Pipeline::carry():194}:195}()
#51 /home/sufocani/www/app.arssporttraining.ch/vendor/laravel/framework/src/Illuminate/Pipeline/Pipeline.php(219): Illuminate\\Foundation\\Http\\Middleware\\PreventRequestsDuringMaintenance->handle()
#52 /home/sufocani/www/app.arssporttraining.ch/vendor/laravel/framework/src/Illuminate/Http/Middleware/HandleCors.php(61): Illuminate\\Pipeline\\Pipeline->{closure:{closure:Illuminate\\Pipeline\\Pipeline::carry():194}:195}()
#53 /home/sufocani/www/app.arssporttraining.ch/vendor/laravel/framework/src/Illuminate/Pipeline/Pipeline.php(219): Illuminate\\Http\\Middleware\\HandleCors->handle()
#54 /home/sufocani/www/app.arssporttraining.ch/vendor/laravel/framework/src/Illuminate/Http/Middleware/TrustProxies.php(58): Illuminate\\Pipeline\\Pipeline->{closure:{closure:Illuminate\\Pipeline\\Pipeline::carry():194}:195}()
#55 /home/sufocani/www/app.arssporttraining.ch/vendor/laravel/framework/src/Illuminate/Pipeline/Pipeline.php(219): Illuminate\\Http\\Middleware\\TrustProxies->handle()
#56 /home/sufocani/www/app.arssporttraining.ch/vendor/laravel/framework/src/Illuminate/Foundation/Http/Middleware/InvokeDeferredCallbacks.php(22): Illuminate\\Pipeline\\Pipeline->{closure:{closure:Illuminate\\Pipeline\\Pipeline::carry():194}:195}()
#57 /home/sufocani/www/app.arssporttraining.ch/vendor/laravel/framework/src/Illuminate/Pipeline/Pipeline.php(219): Illuminate\\Foundation\\Http\\Middleware\\InvokeDeferredCallbacks->handle()
#58 /home/sufocani/www/app.arssporttraining.ch/vendor/laravel/framework/src/Illuminate/Http/Middleware/ValidatePathEncoding.php(26): Illuminate\\Pipeline\\Pipeline->{closure:{closure:Illuminate\\Pipeline\\Pipeline::carry():194}:195}()
#59 /home/sufocani/www/app.arssporttraining.ch/vendor/laravel/framework/src/Illuminate/Pipeline/Pipeline.php(219): Illuminate\\Http\\Middleware\\ValidatePathEncoding->handle()
#60 /home/sufocani/www/app.arssporttraining.ch/vendor/laravel/framework/src/Illuminate/Pipeline/Pipeline.php(137): Illuminate\\Pipeline\\Pipeline->{closure:{closure:Illuminate\\Pipeline\\Pipeline::carry():194}:195}()
#61 /home/sufocani/www/app.arssporttraining.ch/vendor/laravel/framework/src/Illuminate/Foundation/Http/Kernel.php(175): Illuminate\\Pipeline\\Pipeline->then()
#62 /home/sufocani/www/app.arssporttraining.ch/vendor/laravel/framework/src/Illuminate/Foundation/Http/Kernel.php(144): Illuminate\\Foundation\\Http\\Kernel->sendRequestThroughRouter()
#63 /home/sufocani/www/app.arssporttraining.ch/vendor/laravel/framework/src/Illuminate/Foundation/Application.php(1220): Illuminate\\Foundation\\Http\\Kernel->handle()
#64 /home/sufocani/www/app.arssporttraining.ch/public/index.php(20): Illuminate\\Foundation\\Application->handleRequest()
#65 {main}
"} 
[2026-05-16 02:19:49] production.ERROR: Class "App\Support\TopicFieldDebugLogger" not found {"userId":2,"exception":"[object] (Error(code: 0): Class \"App\\Support\\TopicFieldDebugLogger\" not found at /home/sufocani/www/app.arssporttraining.ch/vendor/coda/cms/src/Livewire/AbstractModelDetailsPage.php:182)
[stacktrace]
#0 /home/sufocani/www/app.arssporttraining.ch/vendor/laravel/framework/src/Illuminate/Container/BoundMethod.php(36): Coda\\Cms\\Livewire\\AbstractModelDetailsPage->save()
#1 /home/sufocani/www/app.arssporttraining.ch/vendor/laravel/framework/src/Illuminate/Container/Util.php(43): Illuminate\\Container\\BoundMethod::{closure:Illuminate\\Container\\BoundMethod::call():35}()
#2 /home/sufocani/www/app.arssporttraining.ch/vendor/laravel/framework/src/Illuminate/Container/BoundMethod.php(96): Illuminate\\Container\\Util::unwrapIfClosure()
#3 /home/sufocani/www/app.arssporttraining.ch/vendor/laravel/framework/src/Illuminate/Container/BoundMethod.php(35): Illuminate\\Container\\BoundMethod::callBoundMethod()
#4 /home/sufocani/www/app.arssporttraining.ch/vendor/livewire/livewire/src/Wrapped.php(23): Illuminate\\Container\\BoundMethod::call()
#5 /home/sufocani/www/app.arssporttraining.ch/vendor/livewire/livewire/src/Mechanisms/HandleComponents/HandleComponents.php(685): Livewire\\Wrapped->__call()
#6 /home/sufocani/www/app.arssporttraining.ch/vendor/livewire/livewire/src/Mechanisms/HandleComponents/HandleComponents.php(240): Livewire\\Mechanisms\\HandleComponents\\HandleComponents->callMethods()
#7 /home/sufocani/www/app.arssporttraining.ch/vendor/livewire/livewire/src/LivewireManager.php(131): Livewire\\Mechanisms\\HandleComponents\\HandleComponents->update()
#8 /home/sufocani/www/app.arssporttraining.ch/vendor/livewire/livewire/src/Mechanisms/HandleRequests/HandleRequests.php(190): Livewire\\LivewireManager->update()
#9 /home/sufocani/www/app.arssporttraining.ch/vendor/laravel/framework/src/Illuminate/Routing/ControllerDispatcher.php(46): Livewire\\Mechanisms\\HandleRequests\\HandleRequests->handleUpdate()
#10 /home/sufocani/www/app.arssporttraining.ch/vendor/laravel/framework/src/Illuminate/Routing/Route.php(265): Illuminate\\Routing\\ControllerDispatcher->dispatch()
#11 /home/sufocani/www/app.arssporttraining.ch/vendor/laravel/framework/src/Illuminate/Routing/Route.php(211): Illuminate\\Routing\\Route->runController()
#12 /home/sufocani/www/app.arssporttraining.ch/vendor/laravel/framework/src/Illuminate/Routing/Router.php(822): Illuminate\\Routing\\Route->run()
#13 /home/sufocani/www/app.arssporttraining.ch/vendor/laravel/framework/src/Illuminate/Pipeline/Pipeline.php(180): Illuminate\\Routing\\Router->{closure:Illuminate\\Routing\\Router::runRouteWithinStack():821}()
#14 /home/sufocani/www/app.arssporttraining.ch/vendor/livewire/livewire/src/Mechanisms/HandleRequests/RequireLivewireHeaders.php(19): Illuminate\\Pipeline\\Pipeline->{closure:Illuminate\\Pipeline\\Pipeline::prepareDestination():178}()
#15 /home/sufocani/www/app.arssporttraining.ch/vendor/laravel/framework/src/Illuminate/Pipeline/Pipeline.php(219): Livewire\\Mechanisms\\HandleRequests\\RequireLivewireHeaders->handle()
#16 /home/sufocani/www/app.arssporttraining.ch/vendor/barryvdh/laravel-debugbar/src/Middleware/InjectDebugbar.php(59): Illuminate\\Pipeline\\Pipeline->{closure:{closure:Illuminate\\Pipeline\\Pipeline::carry():194}:195}()
#17 /home/sufocani/www/app.arssporttraining.ch/vendor/laravel/framework/src/Illuminate/Pipeline/Pipeline.php(219): Barryvdh\\Debugbar\\Middleware\\InjectDebugbar->handle()
#18 /home/sufocani/www/app.arssporttraining.ch/vendor/laravel/framework/src/Illuminate/Routing/Middleware/SubstituteBindings.php(50): Illuminate\\Pipeline\\Pipeline->{closure:{closure:Illuminate\\Pipeline\\Pipeline::carry():194}:195}()
#19 /home/sufocani/www/app.arssporttraining.ch/vendor/laravel/framework/src/Illuminate/Pipeline/Pipeline.php(219): Illuminate\\Routing\\Middleware\\SubstituteBindings->handle()
#20 /home/sufocani/www/app.arssporttraining.ch/vendor/laravel/framework/src/Illuminate/Foundation/Http/Middleware/VerifyCsrfToken.php(87): Illuminate\\Pipeline\\Pipeline->{closure:{closure:Illuminate\\Pipeline\\Pipeline::carry():194}:195}()
#21 /home/sufocani/www/app.arssporttraining.ch/vendor/laravel/framework/src/Illuminate/Pipeline/Pipeline.php(219): Illuminate\\Foundation\\Http\\Middleware\\VerifyCsrfToken->handle()
#22 /home/sufocani/www/app.arssporttraining.ch/vendor/laravel/framework/src/Illuminate/View/Middleware/ShareErrorsFromSession.php(48): Illuminate\\Pipeline\\Pipeline->{closure:{closure:Illuminate\\Pipeline\\Pipeline::carry():194}:195}()
#23 /home/sufocani/www/app.arssporttraining.ch/vendor/laravel/framework/src/Illuminate/Pipeline/Pipeline.php(219): Illuminate\\View\\Middleware\\ShareErrorsFromSession->handle()
#24 /home/sufocani/www/app.arssporttraining.ch/vendor/laravel/framework/src/Illuminate/Session/Middleware/StartSession.php(120): Illuminate\\Pipeline\\Pipeline->{closure:{closure:Illuminate\\Pipeline\\Pipeline::carry():194}:195}()
#25 /home/sufocani/www/app.arssporttraining.ch/vendor/laravel/framework/src/Illuminate/Session/Middleware/StartSession.php(63): Illuminate\\Session\\Middleware\\StartSession->handleStatefulRequest()
#26 /home/sufocani/www/app.arssporttraining.ch/vendor/laravel/framework/src/Illuminate/Pipeline/Pipeline.php(219): Illuminate\\Session\\Middleware\\StartSession->handle()
#27 /home/sufocani/www/app.arssporttraining.ch/vendor/laravel/framework/src/Illuminate/Cookie/Middleware/AddQueuedCookiesToResponse.php(36): Illuminate\\Pipeline\\Pipeline->{closure:{closure:Illuminate\\Pipeline\\Pipeline::carry():194}:195}()
#28 /home/sufocani/www/app.arssporttraining.ch/vendor/laravel/framework/src/Illuminate/Pipeline/Pipeline.php(219): Illuminate\\Cookie\\Middleware\\AddQueuedCookiesToResponse->handle()
#29 /home/sufocani/www/app.arssporttraining.ch/vendor/laravel/framework/src/Illuminate/Cookie/Middleware/EncryptCookies.php(74): Illuminate\\Pipeline\\Pipeline->{closure:{closure:Illuminate\\Pipeline\\Pipeline::carry():194}:195}()
#30 /home/sufocani/www/app.arssporttraining.ch/vendor/laravel/framework/src/Illuminate/Pipeline/Pipeline.php(219): Illuminate\\Cookie\\Middleware\\EncryptCookies->handle()
#31 /home/sufocani/www/app.arssporttraining.ch/vendor/laravel/framework/src/Illuminate/Pipeline/Pipeline.php(137): Illuminate\\Pipeline\\Pipeline->{closure:{closure:Illuminate\\Pipeline\\Pipeline::carry():194}:195}()
#32 /home/sufocani/www/app.arssporttraining.ch/vendor/laravel/framework/src/Illuminate/Routing/Router.php(821): Illuminate\\Pipeline\\Pipeline->then()
#33 /home/sufocani/www/app.arssporttraining.ch/vendor/laravel/framework/src/Illuminate/Routing/Router.php(800): Illuminate\\Routing\\Router->runRouteWithinStack()
#34 /home/sufocani/www/app.arssporttraining.ch/vendor/laravel/framework/src/Illuminate/Routing/Router.php(764): Illuminate\\Routing\\Router->runRoute()
#35 /home/sufocani/www/app.arssporttraining.ch/vendor/laravel/framework/src/Illuminate/Routing/Router.php(753): Illuminate\\Routing\\Router->dispatchToRoute()
#36 /home/sufocani/www/app.arssporttraining.ch/vendor/laravel/framework/src/Illuminate/Foundation/Http/Kernel.php(200): Illuminate\\Routing\\Router->dispatch()
#37 /home/sufocani/www/app.arssporttraining.ch/vendor/laravel/framework/src/Illuminate/Pipeline/Pipeline.php(180): Illuminate\\Foundation\\Http\\Kernel->{closure:Illuminate\\Foundation\\Http\\Kernel::dispatchToRouter():197}()
#38 /home/sufocani/www/app.arssporttraining.ch/vendor/livewire/livewire/src/Features/SupportDisablingBackButtonCache/DisableBackButtonCacheMiddleware.php(19): Illuminate\\Pipeline\\Pipeline->{closure:Illuminate\\Pipeline\\Pipeline::prepareDestination():178}()
#39 /home/sufocani/www/app.arssporttraining.ch/vendor/laravel/framework/src/Illuminate/Pipeline/Pipeline.php(219): Livewire\\Features\\SupportDisablingBackButtonCache\\DisableBackButtonCacheMiddleware->handle()
#40 /home/sufocani/www/app.arssporttraining.ch/vendor/barryvdh/laravel-debugbar/src/Middleware/InjectDebugbar.php(59): Illuminate\\Pipeline\\Pipeline->{closure:{closure:Illuminate\\Pipeline\\Pipeline::carry():194}:195}()
#41 /home/sufocani/www/app.arssporttraining.ch/vendor/laravel/framework/src/Illuminate/Pipeline/Pipeline.php(219): Barryvdh\\Debugbar\\Middleware\\InjectDebugbar->handle()
#42 /home/sufocani/www/app.arssporttraining.ch/app/Http/Middleware/LogRequestTiming.php(14): Illuminate\\Pipeline\\Pipeline->{closure:{closure:Illuminate\\Pipeline\\Pipeline::carry():194}:195}()
#43 /home/sufocani/www/app.arssporttraining.ch/vendor/laravel/framework/src/Illuminate/Pipeline/Pipeline.php(219): App\\Http\\Middleware\\LogRequestTiming->handle()
#44 /home/sufocani/www/app.arssporttraining.ch/vendor/laravel/framework/src/Illuminate/Foundation/Http/Middleware/ConvertEmptyStringsToNull.php(27): Illuminate\\Pipeline\\Pipeline->{closure:{closure:Illuminate\\Pipeline\\Pipeline::carry():194}:195}()
#45 /home/sufocani/www/app.arssporttraining.ch/vendor/laravel/framework/src/Illuminate/Pipeline/Pipeline.php(219): Illuminate\\Foundation\\Http\\Middleware\\ConvertEmptyStringsToNull->handle()
#46 /home/sufocani/www/app.arssporttraining.ch/vendor/laravel/framework/src/Illuminate/Foundation/Http/Middleware/TrimStrings.php(47): Illuminate\\Pipeline\\Pipeline->{closure:{closure:Illuminate\\Pipeline\\Pipeline::carry():194}:195}()
#47 /home/sufocani/www/app.arssporttraining.ch/vendor/laravel/framework/src/Illuminate/Pipeline/Pipeline.php(219): Illuminate\\Foundation\\Http\\Middleware\\TrimStrings->handle()
#48 /home/sufocani/www/app.arssporttraining.ch/vendor/laravel/framework/src/Illuminate/Http/Middleware/ValidatePostSize.php(27): Illuminate\\Pipeline\\Pipeline->{closure:{closure:Illuminate\\Pipeline\\Pipeline::carry():194}:195}()
#49 /home/sufocani/www/app.arssporttraining.ch/vendor/laravel/framework/src/Illuminate/Pipeline/Pipeline.php(219): Illuminate\\Http\\Middleware\\ValidatePostSize->handle()
#50 /home/sufocani/www/app.arssporttraining.ch/vendor/laravel/framework/src/Illuminate/Foundation/Http/Middleware/PreventRequestsDuringMaintenance.php(109): Illuminate\\Pipeline\\Pipeline->{closure:{closure:Illuminate\\Pipeline\\Pipeline::carry():194}:195}()
#51 /home/sufocani/www/app.arssporttraining.ch/vendor/laravel/framework/src/Illuminate/Pipeline/Pipeline.php(219): Illuminate\\Foundation\\Http\\Middleware\\PreventRequestsDuringMaintenance->handle()
#52 /home/sufocani/www/app.arssporttraining.ch/vendor/laravel/framework/src/Illuminate/Http/Middleware/HandleCors.php(61): Illuminate\\Pipeline\\Pipeline->{closure:{closure:Illuminate\\Pipeline\\Pipeline::carry():194}:195}()
#53 /home/sufocani/www/app.arssporttraining.ch/vendor/laravel/framework/src/Illuminate/Pipeline/Pipeline.php(219): Illuminate\\Http\\Middleware\\HandleCors->handle()
#54 /home/sufocani/www/app.arssporttraining.ch/vendor/laravel/framework/src/Illuminate/Http/Middleware/TrustProxies.php(58): Illuminate\\Pipeline\\Pipeline->{closure:{closure:Illuminate\\Pipeline\\Pipeline::carry():194}:195}()
#55 /home/sufocani/www/app.arssporttraining.ch/vendor/laravel/framework/src/Illuminate/Pipeline/Pipeline.php(219): Illuminate\\Http\\Middleware\\TrustProxies->handle()
#56 /home/sufocani/www/app.arssporttraining.ch/vendor/laravel/framework/src/Illuminate/Foundation/Http/Middleware/InvokeDeferredCallbacks.php(22): Illuminate\\Pipeline\\Pipeline->{closure:{closure:Illuminate\\Pipeline\\Pipeline::carry():194}:195}()
#57 /home/sufocani/www/app.arssporttraining.ch/vendor/laravel/framework/src/Illuminate/Pipeline/Pipeline.php(219): Illuminate\\Foundation\\Http\\Middleware\\InvokeDeferredCallbacks->handle()
#58 /home/sufocani/www/app.arssporttraining.ch/vendor/laravel/framework/src/Illuminate/Http/Middleware/ValidatePathEncoding.php(26): Illuminate\\Pipeline\\Pipeline->{closure:{closure:Illuminate\\Pipeline\\Pipeline::carry():194}:195}()
#59 /home/sufocani/www/app.arssporttraining.ch/vendor/laravel/framework/src/Illuminate/Pipeline/Pipeline.php(219): Illuminate\\Http\\Middleware\\ValidatePathEncoding->handle()
#60 /home/sufocani/www/app.arssporttraining.ch/vendor/laravel/framework/src/Illuminate/Pipeline/Pipeline.php(137): Illuminate\\Pipeline\\Pipeline->{closure:{closure:Illuminate\\Pipeline\\Pipeline::carry():194}:195}()
#61 /home/sufocani/www/app.arssporttraining.ch/vendor/laravel/framework/src/Illuminate/Foundation/Http/Kernel.php(175): Illuminate\\Pipeline\\Pipeline->then()
#62 /home/sufocani/www/app.arssporttraining.ch/vendor/laravel/framework/src/Illuminate/Foundation/Http/Kernel.php(144): Illuminate\\Foundation\\Http\\Kernel->sendRequestThroughRouter()
#63 /home/sufocani/www/app.arssporttraining.ch/vendor/laravel/framework/src/Illuminate/Foundation/Application.php(1220): Illuminate\\Foundation\\Http\\Kernel->handle()
#64 /home/sufocani/www/app.arssporttraining.ch/public/index.php(20): Illuminate\\Foundation\\Application->handleRequest()
#65 {main}
"} 
[2026-05-16 02:22:18] production.ERROR: Class "App\Support\TopicFieldDebugLogger" not found {"userId":2,"exception":"[object] (Error(code: 0): Class \"App\\Support\\TopicFieldDebugLogger\" not found at /home/sufocani/www/app.arssporttraining.ch/vendor/coda/cms/src/Livewire/AbstractModelDetailsPage.php:182)
[stacktrace]
#0 /home/sufocani/www/app.arssporttraining.ch/vendor/laravel/framework/src/Illuminate/Container/BoundMethod.php(36): Coda\\Cms\\Livewire\\AbstractModelDetailsPage->save()
#1 /home/sufocani/www/app.arssporttraining.ch/vendor/laravel/framework/src/Illuminate/Container/Util.php(43): Illuminate\\Container\\BoundMethod::{closure:Illuminate\\Container\\BoundMethod::call():35}()
#2 /home/sufocani/www/app.arssporttraining.ch/vendor/laravel/framework/src/Illuminate/Container/BoundMethod.php(96): Illuminate\\Container\\Util::unwrapIfClosure()
#3 /home/sufocani/www/app.arssporttraining.ch/vendor/laravel/framework/src/Illuminate/Container/BoundMethod.php(35): Illuminate\\Container\\BoundMethod::callBoundMethod()
#4 /home/sufocani/www/app.arssporttraining.ch/vendor/livewire/livewire/src/Wrapped.php(23): Illuminate\\Container\\BoundMethod::call()
#5 /home/sufocani/www/app.arssporttraining.ch/vendor/livewire/livewire/src/Mechanisms/HandleComponents/HandleComponents.php(685): Livewire\\Wrapped->__call()
#6 /home/sufocani/www/app.arssporttraining.ch/vendor/livewire/livewire/src/Mechanisms/HandleComponents/HandleComponents.php(240): Livewire\\Mechanisms\\HandleComponents\\HandleComponents->callMethods()
#7 /home/sufocani/www/app.arssporttraining.ch/vendor/livewire/livewire/src/LivewireManager.php(131): Livewire\\Mechanisms\\HandleComponents\\HandleComponents->update()
#8 /home/sufocani/www/app.arssporttraining.ch/vendor/livewire/livewire/src/Mechanisms/HandleRequests/HandleRequests.php(190): Livewire\\LivewireManager->update()
#9 /home/sufocani/www/app.arssporttraining.ch/vendor/laravel/framework/src/Illuminate/Routing/ControllerDispatcher.php(46): Livewire\\Mechanisms\\HandleRequests\\HandleRequests->handleUpdate()
#10 /home/sufocani/www/app.arssporttraining.ch/vendor/laravel/framework/src/Illuminate/Routing/Route.php(265): Illuminate\\Routing\\ControllerDispatcher->dispatch()
#11 /home/sufocani/www/app.arssporttraining.ch/vendor/laravel/framework/src/Illuminate/Routing/Route.php(211): Illuminate\\Routing\\Route->runController()
#12 /home/sufocani/www/app.arssporttraining.ch/vendor/laravel/framework/src/Illuminate/Routing/Router.php(822): Illuminate\\Routing\\Route->run()
#13 /home/sufocani/www/app.arssporttraining.ch/vendor/laravel/framework/src/Illuminate/Pipeline/Pipeline.php(180): Illuminate\\Routing\\Router->{closure:Illuminate\\Routing\\Router::runRouteWithinStack():821}()
#14 /home/sufocani/www/app.arssporttraining.ch/vendor/livewire/livewire/src/Mechanisms/HandleRequests/RequireLivewireHeaders.php(19): Illuminate\\Pipeline\\Pipeline->{closure:Illuminate\\Pipeline\\Pipeline::prepareDestination():178}()
#15 /home/sufocani/www/app.arssporttraining.ch/vendor/laravel/framework/src/Illuminate/Pipeline/Pipeline.php(219): Livewire\\Mechanisms\\HandleRequests\\RequireLivewireHeaders->handle()
#16 /home/sufocani/www/app.arssporttraining.ch/vendor/barryvdh/laravel-debugbar/src/Middleware/InjectDebugbar.php(59): Illuminate\\Pipeline\\Pipeline->{closure:{closure:Illuminate\\Pipeline\\Pipeline::carry():194}:195}()
#17 /home/sufocani/www/app.arssporttraining.ch/vendor/laravel/framework/src/Illuminate/Pipeline/Pipeline.php(219): Barryvdh\\Debugbar\\Middleware\\InjectDebugbar->handle()
#18 /home/sufocani/www/app.arssporttraining.ch/vendor/laravel/framework/src/Illuminate/Routing/Middleware/SubstituteBindings.php(50): Illuminate\\Pipeline\\Pipeline->{closure:{closure:Illuminate\\Pipeline\\Pipeline::carry():194}:195}()
#19 /home/sufocani/www/app.arssporttraining.ch/vendor/laravel/framework/src/Illuminate/Pipeline/Pipeline.php(219): Illuminate\\Routing\\Middleware\\SubstituteBindings->handle()
#20 /home/sufocani/www/app.arssporttraining.ch/vendor/laravel/framework/src/Illuminate/Foundation/Http/Middleware/VerifyCsrfToken.php(87): Illuminate\\Pipeline\\Pipeline->{closure:{closure:Illuminate\\Pipeline\\Pipeline::carry():194}:195}()
#21 /home/sufocani/www/app.arssporttraining.ch/vendor/laravel/framework/src/Illuminate/Pipeline/Pipeline.php(219): Illuminate\\Foundation\\Http\\Middleware\\VerifyCsrfToken->handle()
#22 /home/sufocani/www/app.arssporttraining.ch/vendor/laravel/framework/src/Illuminate/View/Middleware/ShareErrorsFromSession.php(48): Illuminate\\Pipeline\\Pipeline->{closure:{closure:Illuminate\\Pipeline\\Pipeline::carry():194}:195}()
#23 /home/sufocani/www/app.arssporttraining.ch/vendor/laravel/framework/src/Illuminate/Pipeline/Pipeline.php(219): Illuminate\\View\\Middleware\\ShareErrorsFromSession->handle()
#24 /home/sufocani/www/app.arssporttraining.ch/vendor/laravel/framework/src/Illuminate/Session/Middleware/StartSession.php(120): Illuminate\\Pipeline\\Pipeline->{closure:{closure:Illuminate\\Pipeline\\Pipeline::carry():194}:195}()
#25 /home/sufocani/www/app.arssporttraining.ch/vendor/laravel/framework/src/Illuminate/Session/Middleware/StartSession.php(63): Illuminate\\Session\\Middleware\\StartSession->handleStatefulRequest()
#26 /home/sufocani/www/app.arssporttraining.ch/vendor/laravel/framework/src/Illuminate/Pipeline/Pipeline.php(219): Illuminate\\Session\\Middleware\\StartSession->handle()
#27 /home/sufocani/www/app.arssporttraining.ch/vendor/laravel/framework/src/Illuminate/Cookie/Middleware/AddQueuedCookiesToResponse.php(36): Illuminate\\Pipeline\\Pipeline->{closure:{closure:Illuminate\\Pipeline\\Pipeline::carry():194}:195}()
#28 /home/sufocani/www/app.arssporttraining.ch/vendor/laravel/framework/src/Illuminate/Pipeline/Pipeline.php(219): Illuminate\\Cookie\\Middleware\\AddQueuedCookiesToResponse->handle()
#29 /home/sufocani/www/app.arssporttraining.ch/vendor/laravel/framework/src/Illuminate/Cookie/Middleware/EncryptCookies.php(74): Illuminate\\Pipeline\\Pipeline->{closure:{closure:Illuminate\\Pipeline\\Pipeline::carry():194}:195}()
#30 /home/sufocani/www/app.arssporttraining.ch/vendor/laravel/framework/src/Illuminate/Pipeline/Pipeline.php(219): Illuminate\\Cookie\\Middleware\\EncryptCookies->handle()
#31 /home/sufocani/www/app.arssporttraining.ch/vendor/laravel/framework/src/Illuminate/Pipeline/Pipeline.php(137): Illuminate\\Pipeline\\Pipeline->{closure:{closure:Illuminate\\Pipeline\\Pipeline::carry():194}:195}()
#32 /home/sufocani/www/app.arssporttraining.ch/vendor/laravel/framework/src/Illuminate/Routing/Router.php(821): Illuminate\\Pipeline\\Pipeline->then()
#33 /home/sufocani/www/app.arssporttraining.ch/vendor/laravel/framework/src/Illuminate/Routing/Router.php(800): Illuminate\\Routing\\Router->runRouteWithinStack()
#34 /home/sufocani/www/app.arssporttraining.ch/vendor/laravel/framework/src/Illuminate/Routing/Router.php(764): Illuminate\\Routing\\Router->runRoute()
#35 /home/sufocani/www/app.arssporttraining.ch/vendor/laravel/framework/src/Illuminate/Routing/Router.php(753): Illuminate\\Routing\\Router->dispatchToRoute()
#36 /home/sufocani/www/app.arssporttraining.ch/vendor/laravel/framework/src/Illuminate/Foundation/Http/Kernel.php(200): Illuminate\\Routing\\Router->dispatch()
#37 /home/sufocani/www/app.arssporttraining.ch/vendor/laravel/framework/src/Illuminate/Pipeline/Pipeline.php(180): Illuminate\\Foundation\\Http\\Kernel->{closure:Illuminate\\Foundation\\Http\\Kernel::dispatchToRouter():197}()
#38 /home/sufocani/www/app.arssporttraining.ch/vendor/livewire/livewire/src/Features/SupportDisablingBackButtonCache/DisableBackButtonCacheMiddleware.php(19): Illuminate\\Pipeline\\Pipeline->{closure:Illuminate\\Pipeline\\Pipeline::prepareDestination():178}()
#39 /home/sufocani/www/app.arssporttraining.ch/vendor/laravel/framework/src/Illuminate/Pipeline/Pipeline.php(219): Livewire\\Features\\SupportDisablingBackButtonCache\\DisableBackButtonCacheMiddleware->handle()
#40 /home/sufocani/www/app.arssporttraining.ch/vendor/barryvdh/laravel-debugbar/src/Middleware/InjectDebugbar.php(59): Illuminate\\Pipeline\\Pipeline->{closure:{closure:Illuminate\\Pipeline\\Pipeline::carry():194}:195}()
#41 /home/sufocani/www/app.arssporttraining.ch/vendor/laravel/framework/src/Illuminate/Pipeline/Pipeline.php(219): Barryvdh\\Debugbar\\Middleware\\InjectDebugbar->handle()
#42 /home/sufocani/www/app.arssporttraining.ch/app/Http/Middleware/LogRequestTiming.php(14): Illuminate\\Pipeline\\Pipeline->{closure:{closure:Illuminate\\Pipeline\\Pipeline::carry():194}:195}()
#43 /home/sufocani/www/app.arssporttraining.ch/vendor/laravel/framework/src/Illuminate/Pipeline/Pipeline.php(219): App\\Http\\Middleware\\LogRequestTiming->handle()
#44 /home/sufocani/www/app.arssporttraining.ch/vendor/laravel/framework/src/Illuminate/Foundation/Http/Middleware/ConvertEmptyStringsToNull.php(27): Illuminate\\Pipeline\\Pipeline->{closure:{closure:Illuminate\\Pipeline\\Pipeline::carry():194}:195}()
#45 /home/sufocani/www/app.arssporttraining.ch/vendor/laravel/framework/src/Illuminate/Pipeline/Pipeline.php(219): Illuminate\\Foundation\\Http\\Middleware\\ConvertEmptyStringsToNull->handle()
#46 /home/sufocani/www/app.arssporttraining.ch/vendor/laravel/framework/src/Illuminate/Foundation/Http/Middleware/TrimStrings.php(47): Illuminate\\Pipeline\\Pipeline->{closure:{closure:Illuminate\\Pipeline\\Pipeline::carry():194}:195}()
#47 /home/sufocani/www/app.arssporttraining.ch/vendor/laravel/framework/src/Illuminate/Pipeline/Pipeline.php(219): Illuminate\\Foundation\\Http\\Middleware\\TrimStrings->handle()
#48 /home/sufocani/www/app.arssporttraining.ch/vendor/laravel/framework/src/Illuminate/Http/Middleware/ValidatePostSize.php(27): Illuminate\\Pipeline\\Pipeline->{closure:{closure:Illuminate\\Pipeline\\Pipeline::carry():194}:195}()
#49 /home/sufocani/www/app.arssporttraining.ch/vendor/laravel/framework/src/Illuminate/Pipeline/Pipeline.php(219): Illuminate\\Http\\Middleware\\ValidatePostSize->handle()
#50 /home/sufocani/www/app.arssporttraining.ch/vendor/laravel/framework/src/Illuminate/Foundation/Http/Middleware/PreventRequestsDuringMaintenance.php(109): Illuminate\\Pipeline\\Pipeline->{closure:{closure:Illuminate\\Pipeline\\Pipeline::carry():194}:195}()
#51 /home/sufocani/www/app.arssporttraining.ch/vendor/laravel/framework/src/Illuminate/Pipeline/Pipeline.php(219): Illuminate\\Foundation\\Http\\Middleware\\PreventRequestsDuringMaintenance->handle()
#52 /home/sufocani/www/app.arssporttraining.ch/vendor/laravel/framework/src/Illuminate/Http/Middleware/HandleCors.php(61): Illuminate\\Pipeline\\Pipeline->{closure:{closure:Illuminate\\Pipeline\\Pipeline::carry():194}:195}()
#53 /home/sufocani/www/app.arssporttraining.ch/vendor/laravel/framework/src/Illuminate/Pipeline/Pipeline.php(219): Illuminate\\Http\\Middleware\\HandleCors->handle()
#54 /home/sufocani/www/app.arssporttraining.ch/vendor/laravel/framework/src/Illuminate/Http/Middleware/TrustProxies.php(58): Illuminate\\Pipeline\\Pipeline->{closure:{closure:Illuminate\\Pipeline\\Pipeline::carry():194}:195}()
#55 /home/sufocani/www/app.arssporttraining.ch/vendor/laravel/framework/src/Illuminate/Pipeline/Pipeline.php(219): Illuminate\\Http\\Middleware\\TrustProxies->handle()
#56 /home/sufocani/www/app.arssporttraining.ch/vendor/laravel/framework/src/Illuminate/Foundation/Http/Middleware/InvokeDeferredCallbacks.php(22): Illuminate\\Pipeline\\Pipeline->{closure:{closure:Illuminate\\Pipeline\\Pipeline::carry():194}:195}()
#57 /home/sufocani/www/app.arssporttraining.ch/vendor/laravel/framework/src/Illuminate/Pipeline/Pipeline.php(219): Illuminate\\Foundation\\Http\\Middleware\\InvokeDeferredCallbacks->handle()
#58 /home/sufocani/www/app.arssporttraining.ch/vendor/laravel/framework/src/Illuminate/Http/Middleware/ValidatePathEncoding.php(26): Illuminate\\Pipeline\\Pipeline->{closure:{closure:Illuminate\\Pipeline\\Pipeline::carry():194}:195}()
#59 /home/sufocani/www/app.arssporttraining.ch/vendor/laravel/framework/src/Illuminate/Pipeline/Pipeline.php(219): Illuminate\\Http\\Middleware\\ValidatePathEncoding->handle()
#60 /home/sufocani/www/app.arssporttraining.ch/vendor/laravel/framework/src/Illuminate/Pipeline/Pipeline.php(137): Illuminate\\Pipeline\\Pipeline->{closure:{closure:Illuminate\\Pipeline\\Pipeline::carry():194}:195}()
#61 /home/sufocani/www/app.arssporttraining.ch/vendor/laravel/framework/src/Illuminate/Foundation/Http/Kernel.php(175): Illuminate\\Pipeline\\Pipeline->then()
#62 /home/sufocani/www/app.arssporttraining.ch/vendor/laravel/framework/src/Illuminate/Foundation/Http/Kernel.php(144): Illuminate\\Foundation\\Http\\Kernel->sendRequestThroughRouter()
#63 /home/sufocani/www/app.arssporttraining.ch/vendor/laravel/framework/src/Illuminate/Foundation/Application.php(1220): Illuminate\\Foundation\\Http\\Kernel->handle()
#64 /home/sufocani/www/app.arssporttraining.ch/public/index.php(20): Illuminate\\Foundation\\Application->handleRequest()
#65 {main}
"} 
[2026-05-18 20:19:58] production.ERROR: Property [$weeks] not found on component: [training.view.program-editor] {"userId":3,"exception":"[object] (Livewire\\Exceptions\\PropertyNotFoundException(code: 0): Property [$weeks] not found on component: [training.view.program-editor] at /home/sufocani/www/app.arssporttraining.ch/vendor/livewire/livewire/src/Component.php:139)
[stacktrace]
#0 /home/sufocani/www/app.arssporttraining.ch/app/Livewire/Training/View/ProgramEditor.php(415): Livewire\\Component->__get()
#1 /home/sufocani/www/app.arssporttraining.ch/vendor/laravel/framework/src/Illuminate/Container/BoundMethod.php(36): App\\Livewire\\Training\\View\\ProgramEditor->updatedWeeks()
#2 /home/sufocani/www/app.arssporttraining.ch/vendor/laravel/framework/src/Illuminate/Container/Util.php(43): Illuminate\\Container\\BoundMethod::{closure:Illuminate\\Container\\BoundMethod::call():35}()
#3 /home/sufocani/www/app.arssporttraining.ch/vendor/laravel/framework/src/Illuminate/Container/BoundMethod.php(96): Illuminate\\Container\\Util::unwrapIfClosure()
#4 /home/sufocani/www/app.arssporttraining.ch/vendor/laravel/framework/src/Illuminate/Container/BoundMethod.php(35): Illuminate\\Container\\BoundMethod::callBoundMethod()
#5 /home/sufocani/www/app.arssporttraining.ch/vendor/livewire/livewire/src/Wrapped.php(23): Illuminate\\Container\\BoundMethod::call()
#6 /home/sufocani/www/app.arssporttraining.ch/vendor/livewire/livewire/src/Features/SupportLifecycleHooks/SupportLifecycleHooks.php(176): Livewire\\Wrapped->__call()
#7 /home/sufocani/www/app.arssporttraining.ch/vendor/livewire/livewire/src/Features/SupportLifecycleHooks/SupportLifecycleHooks.php(93): Livewire\\Features\\SupportLifecycleHooks\\SupportLifecycleHooks->callHook()
#8 /home/sufocani/www/app.arssporttraining.ch/vendor/livewire/livewire/src/ComponentHook.php(33): Livewire\\Features\\SupportLifecycleHooks\\SupportLifecycleHooks->{closure:Livewire\\Features\\SupportLifecycleHooks\\SupportLifecycleHooks::update():89}()
#9 /home/sufocani/www/app.arssporttraining.ch/vendor/livewire/livewire/src/ComponentHookRegistry.php(121): Livewire\\ComponentHook->{closure:Livewire\\ComponentHook::callUpdate():31}()
#10 /home/sufocani/www/app.arssporttraining.ch/vendor/livewire/livewire/src/EventBus.php(100): Livewire\\ComponentHookRegistry::{closure:{closure:Livewire\\ComponentHookRegistry::proxyCallToHooks():110}:119}()
#11 /home/sufocani/www/app.arssporttraining.ch/vendor/livewire/livewire/src/Mechanisms/HandleComponents/HandleComponents.php(487): Livewire\\EventBus->{closure:Livewire\\EventBus::trigger():94}()
#12 /home/sufocani/www/app.arssporttraining.ch/vendor/livewire/livewire/src/Mechanisms/HandleComponents/HandleComponents.php(237): Livewire\\Mechanisms\\HandleComponents\\HandleComponents->updateProperties()
#13 /home/sufocani/www/app.arssporttraining.ch/vendor/livewire/livewire/src/LivewireManager.php(131): Livewire\\Mechanisms\\HandleComponents\\HandleComponents->update()
#14 /home/sufocani/www/app.arssporttraining.ch/vendor/livewire/livewire/src/Mechanisms/HandleRequests/HandleRequests.php(190): Livewire\\LivewireManager->update()
#15 /home/sufocani/www/app.arssporttraining.ch/vendor/laravel/framework/src/Illuminate/Routing/ControllerDispatcher.php(46): Livewire\\Mechanisms\\HandleRequests\\HandleRequests->handleUpdate()
#16 /home/sufocani/www/app.arssporttraining.ch/vendor/laravel/framework/src/Illuminate/Routing/Route.php(265): Illuminate\\Routing\\ControllerDispatcher->dispatch()
#17 /home/sufocani/www/app.arssporttraining.ch/vendor/laravel/framework/src/Illuminate/Routing/Route.php(211): Illuminate\\Routing\\Route->runController()
#18 /home/sufocani/www/app.arssporttraining.ch/vendor/laravel/framework/src/Illuminate/Routing/Router.php(822): Illuminate\\Routing\\Route->run()
#19 /home/sufocani/www/app.arssporttraining.ch/vendor/laravel/framework/src/Illuminate/Pipeline/Pipeline.php(180): Illuminate\\Routing\\Router->{closure:Illuminate\\Routing\\Router::runRouteWithinStack():821}()
#20 /home/sufocani/www/app.arssporttraining.ch/vendor/livewire/livewire/src/Mechanisms/HandleRequests/RequireLivewireHeaders.php(19): Illuminate\\Pipeline\\Pipeline->{closure:Illuminate\\Pipeline\\Pipeline::prepareDestination():178}()
#21 /home/sufocani/www/app.arssporttraining.ch/vendor/laravel/framework/src/Illuminate/Pipeline/Pipeline.php(219): Livewire\\Mechanisms\\HandleRequests\\RequireLivewireHeaders->handle()
#22 /home/sufocani/www/app.arssporttraining.ch/vendor/barryvdh/laravel-debugbar/src/Middleware/InjectDebugbar.php(59): Illuminate\\Pipeline\\Pipeline->{closure:{closure:Illuminate\\Pipeline\\Pipeline::carry():194}:195}()
#23 /home/sufocani/www/app.arssporttraining.ch/vendor/laravel/framework/src/Illuminate/Pipeline/Pipeline.php(219): Barryvdh\\Debugbar\\Middleware\\InjectDebugbar->handle()
#24 /home/sufocani/www/app.arssporttraining.ch/vendor/laravel/framework/src/Illuminate/Routing/Middleware/SubstituteBindings.php(50): Illuminate\\Pipeline\\Pipeline->{closure:{closure:Illuminate\\Pipeline\\Pipeline::carry():194}:195}()
#25 /home/sufocani/www/app.arssporttraining.ch/vendor/laravel/framework/src/Illuminate/Pipeline/Pipeline.php(219): Illuminate\\Routing\\Middleware\\SubstituteBindings->handle()
#26 /home/sufocani/www/app.arssporttraining.ch/vendor/laravel/framework/src/Illuminate/Foundation/Http/Middleware/VerifyCsrfToken.php(87): Illuminate\\Pipeline\\Pipeline->{closure:{closure:Illuminate\\Pipeline\\Pipeline::carry():194}:195}()
#27 /home/sufocani/www/app.arssporttraining.ch/vendor/laravel/framework/src/Illuminate/Pipeline/Pipeline.php(219): Illuminate\\Foundation\\Http\\Middleware\\VerifyCsrfToken->handle()
#28 /home/sufocani/www/app.arssporttraining.ch/vendor/laravel/framework/src/Illuminate/View/Middleware/ShareErrorsFromSession.php(48): Illuminate\\Pipeline\\Pipeline->{closure:{closure:Illuminate\\Pipeline\\Pipeline::carry():194}:195}()
#29 /home/sufocani/www/app.arssporttraining.ch/vendor/laravel/framework/src/Illuminate/Pipeline/Pipeline.php(219): Illuminate\\View\\Middleware\\ShareErrorsFromSession->handle()
#30 /home/sufocani/www/app.arssporttraining.ch/vendor/laravel/framework/src/Illuminate/Session/Middleware/StartSession.php(120): Illuminate\\Pipeline\\Pipeline->{closure:{closure:Illuminate\\Pipeline\\Pipeline::carry():194}:195}()
#31 /home/sufocani/www/app.arssporttraining.ch/vendor/laravel/framework/src/Illuminate/Session/Middleware/StartSession.php(63): Illuminate\\Session\\Middleware\\StartSession->handleStatefulRequest()
#32 /home/sufocani/www/app.arssporttraining.ch/vendor/laravel/framework/src/Illuminate/Pipeline/Pipeline.php(219): Illuminate\\Session\\Middleware\\StartSession->handle()
#33 /home/sufocani/www/app.arssporttraining.ch/vendor/laravel/framework/src/Illuminate/Cookie/Middleware/AddQueuedCookiesToResponse.php(36): Illuminate\\Pipeline\\Pipeline->{closure:{closure:Illuminate\\Pipeline\\Pipeline::carry():194}:195}()
#34 /home/sufocani/www/app.arssporttraining.ch/vendor/laravel/framework/src/Illuminate/Pipeline/Pipeline.php(219): Illuminate\\Cookie\\Middleware\\AddQueuedCookiesToResponse->handle()
#35 /home/sufocani/www/app.arssporttraining.ch/vendor/laravel/framework/src/Illuminate/Cookie/Middleware/EncryptCookies.php(74): Illuminate\\Pipeline\\Pipeline->{closure:{closure:Illuminate\\Pipeline\\Pipeline::carry():194}:195}()
#36 /home/sufocani/www/app.arssporttraining.ch/vendor/laravel/framework/src/Illuminate/Pipeline/Pipeline.php(219): Illuminate\\Cookie\\Middleware\\EncryptCookies->handle()
#37 /home/sufocani/www/app.arssporttraining.ch/vendor/laravel/framework/src/Illuminate/Pipeline/Pipeline.php(137): Illuminate\\Pipeline\\Pipeline->{closure:{closure:Illuminate\\Pipeline\\Pipeline::carry():194}:195}()
#38 /home/sufocani/www/app.arssporttraining.ch/vendor/laravel/framework/src/Illuminate/Routing/Router.php(821): Illuminate\\Pipeline\\Pipeline->then()
#39 /home/sufocani/www/app.arssporttraining.ch/vendor/laravel/framework/src/Illuminate/Routing/Router.php(800): Illuminate\\Routing\\Router->runRouteWithinStack()
#40 /home/sufocani/www/app.arssporttraining.ch/vendor/laravel/framework/src/Illuminate/Routing/Router.php(764): Illuminate\\Routing\\Router->runRoute()
#41 /home/sufocani/www/app.arssporttraining.ch/vendor/laravel/framework/src/Illuminate/Routing/Router.php(753): Illuminate\\Routing\\Router->dispatchToRoute()
#42 /home/sufocani/www/app.arssporttraining.ch/vendor/laravel/framework/src/Illuminate/Foundation/Http/Kernel.php(200): Illuminate\\Routing\\Router->dispatch()
#43 /home/sufocani/www/app.arssporttraining.ch/vendor/laravel/framework/src/Illuminate/Pipeline/Pipeline.php(180): Illuminate\\Foundation\\Http\\Kernel->{closure:Illuminate\\Foundation\\Http\\Kernel::dispatchToRouter():197}()
#44 /home/sufocani/www/app.arssporttraining.ch/vendor/livewire/livewire/src/Features/SupportDisablingBackButtonCache/DisableBackButtonCacheMiddleware.php(19): Illuminate\\Pipeline\\Pipeline->{closure:Illuminate\\Pipeline\\Pipeline::prepareDestination():178}()
#45 /home/sufocani/www/app.arssporttraining.ch/vendor/laravel/framework/src/Illuminate/Pipeline/Pipeline.php(219): Livewire\\Features\\SupportDisablingBackButtonCache\\DisableBackButtonCacheMiddleware->handle()
#46 /home/sufocani/www/app.arssporttraining.ch/vendor/barryvdh/laravel-debugbar/src/Middleware/InjectDebugbar.php(59): Illuminate\\Pipeline\\Pipeline->{closure:{closure:Illuminate\\Pipeline\\Pipeline::carry():194}:195}()
#47 /home/sufocani/www/app.arssporttraining.ch/vendor/laravel/framework/src/Illuminate/Pipeline/Pipeline.php(219): Barryvdh\\Debugbar\\Middleware\\InjectDebugbar->handle()
#48 /home/sufocani/www/app.arssporttraining.ch/app/Http/Middleware/LogRequestTiming.php(14): Illuminate\\Pipeline\\Pipeline->{closure:{closure:Illuminate\\Pipeline\\Pipeline::carry():194}:195}()
#49 /home/sufocani/www/app.arssporttraining.ch/vendor/laravel/framework/src/Illuminate/Pipeline/Pipeline.php(219): App\\Http\\Middleware\\LogRequestTiming->handle()
#50 /home/sufocani/www/app.arssporttraining.ch/vendor/laravel/framework/src/Illuminate/Foundation/Http/Middleware/ConvertEmptyStringsToNull.php(27): Illuminate\\Pipeline\\Pipeline->{closure:{closure:Illuminate\\Pipeline\\Pipeline::carry():194}:195}()
#51 /home/sufocani/www/app.arssporttraining.ch/vendor/laravel/framework/src/Illuminate/Pipeline/Pipeline.php(219): Illuminate\\Foundation\\Http\\Middleware\\ConvertEmptyStringsToNull->handle()
#52 /home/sufocani/www/app.arssporttraining.ch/vendor/laravel/framework/src/Illuminate/Foundation/Http/Middleware/TrimStrings.php(47): Illuminate\\Pipeline\\Pipeline->{closure:{closure:Illuminate\\Pipeline\\Pipeline::carry():194}:195}()
#53 /home/sufocani/www/app.arssporttraining.ch/vendor/laravel/framework/src/Illuminate/Pipeline/Pipeline.php(219): Illuminate\\Foundation\\Http\\Middleware\\TrimStrings->handle()
#54 /home/sufocani/www/app.arssporttraining.ch/vendor/laravel/framework/src/Illuminate/Http/Middleware/ValidatePostSize.php(27): Illuminate\\Pipeline\\Pipeline->{closure:{closure:Illuminate\\Pipeline\\Pipeline::carry():194}:195}()
#55 /home/sufocani/www/app.arssporttraining.ch/vendor/laravel/framework/src/Illuminate/Pipeline/Pipeline.php(219): Illuminate\\Http\\Middleware\\ValidatePostSize->handle()
#56 /home/sufocani/www/app.arssporttraining.ch/vendor/laravel/framework/src/Illuminate/Foundation/Http/Middleware/PreventRequestsDuringMaintenance.php(109): Illuminate\\Pipeline\\Pipeline->{closure:{closure:Illuminate\\Pipeline\\Pipeline::carry():194}:195}()
#57 /home/sufocani/www/app.arssporttraining.ch/vendor/laravel/framework/src/Illuminate/Pipeline/Pipeline.php(219): Illuminate\\Foundation\\Http\\Middleware\\PreventRequestsDuringMaintenance->handle()
#58 /home/sufocani/www/app.arssporttraining.ch/vendor/laravel/framework/src/Illuminate/Http/Middleware/HandleCors.php(61): Illuminate\\Pipeline\\Pipeline->{closure:{closure:Illuminate\\Pipeline\\Pipeline::carry():194}:195}()
#59 /home/sufocani/www/app.arssporttraining.ch/vendor/laravel/framework/src/Illuminate/Pipeline/Pipeline.php(219): Illuminate\\Http\\Middleware\\HandleCors->handle()
#60 /home/sufocani/www/app.arssporttraining.ch/vendor/laravel/framework/src/Illuminate/Http/Middleware/TrustProxies.php(58): Illuminate\\Pipeline\\Pipeline->{closure:{closure:Illuminate\\Pipeline\\Pipeline::carry():194}:195}()
#61 /home/sufocani/www/app.arssporttraining.ch/vendor/laravel/framework/src/Illuminate/Pipeline/Pipeline.php(219): Illuminate\\Http\\Middleware\\TrustProxies->handle()
#62 /home/sufocani/www/app.arssporttraining.ch/vendor/laravel/framework/src/Illuminate/Foundation/Http/Middleware/InvokeDeferredCallbacks.php(22): Illuminate\\Pipeline\\Pipeline->{closure:{closure:Illuminate\\Pipeline\\Pipeline::carry():194}:195}()
#63 /home/sufocani/www/app.arssporttraining.ch/vendor/laravel/framework/src/Illuminate/Pipeline/Pipeline.php(219): Illuminate\\Foundation\\Http\\Middleware\\InvokeDeferredCallbacks->handle()
#64 /home/sufocani/www/app.arssporttraining.ch/vendor/laravel/framework/src/Illuminate/Http/Middleware/ValidatePathEncoding.php(26): Illuminate\\Pipeline\\Pipeline->{closure:{closure:Illuminate\\Pipeline\\Pipeline::carry():194}:195}()
#65 /home/sufocani/www/app.arssporttraining.ch/vendor/laravel/framework/src/Illuminate/Pipeline/Pipeline.php(219): Illuminate\\Http\\Middleware\\ValidatePathEncoding->handle()
#66 /home/sufocani/www/app.arssporttraining.ch/vendor/laravel/framework/src/Illuminate/Pipeline/Pipeline.php(137): Illuminate\\Pipeline\\Pipeline->{closure:{closure:Illuminate\\Pipeline\\Pipeline::carry():194}:195}()
#67 /home/sufocani/www/app.arssporttraining.ch/vendor/laravel/framework/src/Illuminate/Foundation/Http/Kernel.php(175): Illuminate\\Pipeline\\Pipeline->then()
#68 /home/sufocani/www/app.arssporttraining.ch/vendor/laravel/framework/src/Illuminate/Foundation/Http/Kernel.php(144): Illuminate\\Foundation\\Http\\Kernel->sendRequestThroughRouter()
#69 /home/sufocani/www/app.arssporttraining.ch/vendor/laravel/framework/src/Illuminate/Foundation/Application.php(1220): Illuminate\\Foundation\\Http\\Kernel->handle()
#70 /home/sufocani/www/app.arssporttraining.ch/public/index.php(20): Illuminate\\Foundation\\Application->handleRequest()
#71 {main}
"} 
[2026-05-18 21:06:33] production.ERROR: Class "App\Support\TopicFieldDebugLogger" not found {"userId":3,"exception":"[object] (Error(code: 0): Class \"App\\Support\\TopicFieldDebugLogger\" not found at /home/sufocani/www/app.arssporttraining.ch/vendor/coda/cms/src/Livewire/AbstractModelDetailsPage.php:182)
[stacktrace]
#0 /home/sufocani/www/app.arssporttraining.ch/vendor/laravel/framework/src/Illuminate/Container/BoundMethod.php(36): Coda\\Cms\\Livewire\\AbstractModelDetailsPage->save()
#1 /home/sufocani/www/app.arssporttraining.ch/vendor/laravel/framework/src/Illuminate/Container/Util.php(43): Illuminate\\Container\\BoundMethod::{closure:Illuminate\\Container\\BoundMethod::call():35}()
#2 /home/sufocani/www/app.arssporttraining.ch/vendor/laravel/framework/src/Illuminate/Container/BoundMethod.php(96): Illuminate\\Container\\Util::unwrapIfClosure()
#3 /home/sufocani/www/app.arssporttraining.ch/vendor/laravel/framework/src/Illuminate/Container/BoundMethod.php(35): Illuminate\\Container\\BoundMethod::callBoundMethod()
#4 /home/sufocani/www/app.arssporttraining.ch/vendor/livewire/livewire/src/Wrapped.php(23): Illuminate\\Container\\BoundMethod::call()
#5 /home/sufocani/www/app.arssporttraining.ch/vendor/livewire/livewire/src/Mechanisms/HandleComponents/HandleComponents.php(685): Livewire\\Wrapped->__call()
#6 /home/sufocani/www/app.arssporttraining.ch/vendor/livewire/livewire/src/Mechanisms/HandleComponents/HandleComponents.php(240): Livewire\\Mechanisms\\HandleComponents\\HandleComponents->callMethods()
#7 /home/sufocani/www/app.arssporttraining.ch/vendor/livewire/livewire/src/LivewireManager.php(131): Livewire\\Mechanisms\\HandleComponents\\HandleComponents->update()
#8 /home/sufocani/www/app.arssporttraining.ch/vendor/livewire/livewire/src/Mechanisms/HandleRequests/HandleRequests.php(190): Livewire\\LivewireManager->update()
#9 /home/sufocani/www/app.arssporttraining.ch/vendor/laravel/framework/src/Illuminate/Routing/ControllerDispatcher.php(46): Livewire\\Mechanisms\\HandleRequests\\HandleRequests->handleUpdate()
#10 /home/sufocani/www/app.arssporttraining.ch/vendor/laravel/framework/src/Illuminate/Routing/Route.php(265): Illuminate\\Routing\\ControllerDispatcher->dispatch()
#11 /home/sufocani/www/app.arssporttraining.ch/vendor/laravel/framework/src/Illuminate/Routing/Route.php(211): Illuminate\\Routing\\Route->runController()
#12 /home/sufocani/www/app.arssporttraining.ch/vendor/laravel/framework/src/Illuminate/Routing/Router.php(822): Illuminate\\Routing\\Route->run()
#13 /home/sufocani/www/app.arssporttraining.ch/vendor/laravel/framework/src/Illuminate/Pipeline/Pipeline.php(180): Illuminate\\Routing\\Router->{closure:Illuminate\\Routing\\Router::runRouteWithinStack():821}()
#14 /home/sufocani/www/app.arssporttraining.ch/vendor/livewire/livewire/src/Mechanisms/HandleRequests/RequireLivewireHeaders.php(19): Illuminate\\Pipeline\\Pipeline->{closure:Illuminate\\Pipeline\\Pipeline::prepareDestination():178}()
#15 /home/sufocani/www/app.arssporttraining.ch/vendor/laravel/framework/src/Illuminate/Pipeline/Pipeline.php(219): Livewire\\Mechanisms\\HandleRequests\\RequireLivewireHeaders->handle()
#16 /home/sufocani/www/app.arssporttraining.ch/vendor/barryvdh/laravel-debugbar/src/Middleware/InjectDebugbar.php(59): Illuminate\\Pipeline\\Pipeline->{closure:{closure:Illuminate\\Pipeline\\Pipeline::carry():194}:195}()
#17 /home/sufocani/www/app.arssporttraining.ch/vendor/laravel/framework/src/Illuminate/Pipeline/Pipeline.php(219): Barryvdh\\Debugbar\\Middleware\\InjectDebugbar->handle()
#18 /home/sufocani/www/app.arssporttraining.ch/vendor/laravel/framework/src/Illuminate/Routing/Middleware/SubstituteBindings.php(50): Illuminate\\Pipeline\\Pipeline->{closure:{closure:Illuminate\\Pipeline\\Pipeline::carry():194}:195}()
#19 /home/sufocani/www/app.arssporttraining.ch/vendor/laravel/framework/src/Illuminate/Pipeline/Pipeline.php(219): Illuminate\\Routing\\Middleware\\SubstituteBindings->handle()
#20 /home/sufocani/www/app.arssporttraining.ch/vendor/laravel/framework/src/Illuminate/Foundation/Http/Middleware/VerifyCsrfToken.php(87): Illuminate\\Pipeline\\Pipeline->{closure:{closure:Illuminate\\Pipeline\\Pipeline::carry():194}:195}()
#21 /home/sufocani/www/app.arssporttraining.ch/vendor/laravel/framework/src/Illuminate/Pipeline/Pipeline.php(219): Illuminate\\Foundation\\Http\\Middleware\\VerifyCsrfToken->handle()
#22 /home/sufocani/www/app.arssporttraining.ch/vendor/laravel/framework/src/Illuminate/View/Middleware/ShareErrorsFromSession.php(48): Illuminate\\Pipeline\\Pipeline->{closure:{closure:Illuminate\\Pipeline\\Pipeline::carry():194}:195}()
#23 /home/sufocani/www/app.arssporttraining.ch/vendor/laravel/framework/src/Illuminate/Pipeline/Pipeline.php(219): Illuminate\\View\\Middleware\\ShareErrorsFromSession->handle()
#24 /home/sufocani/www/app.arssporttraining.ch/vendor/laravel/framework/src/Illuminate/Session/Middleware/StartSession.php(120): Illuminate\\Pipeline\\Pipeline->{closure:{closure:Illuminate\\Pipeline\\Pipeline::carry():194}:195}()
#25 /home/sufocani/www/app.arssporttraining.ch/vendor/laravel/framework/src/Illuminate/Session/Middleware/StartSession.php(63): Illuminate\\Session\\Middleware\\StartSession->handleStatefulRequest()
#26 /home/sufocani/www/app.arssporttraining.ch/vendor/laravel/framework/src/Illuminate/Pipeline/Pipeline.php(219): Illuminate\\Session\\Middleware\\StartSession->handle()
#27 /home/sufocani/www/app.arssporttraining.ch/vendor/laravel/framework/src/Illuminate/Cookie/Middleware/AddQueuedCookiesToResponse.php(36): Illuminate\\Pipeline\\Pipeline->{closure:{closure:Illuminate\\Pipeline\\Pipeline::carry():194}:195}()
#28 /home/sufocani/www/app.arssporttraining.ch/vendor/laravel/framework/src/Illuminate/Pipeline/Pipeline.php(219): Illuminate\\Cookie\\Middleware\\AddQueuedCookiesToResponse->handle()
#29 /home/sufocani/www/app.arssporttraining.ch/vendor/laravel/framework/src/Illuminate/Cookie/Middleware/EncryptCookies.php(74): Illuminate\\Pipeline\\Pipeline->{closure:{closure:Illuminate\\Pipeline\\Pipeline::carry():194}:195}()
#30 /home/sufocani/www/app.arssporttraining.ch/vendor/laravel/framework/src/Illuminate/Pipeline/Pipeline.php(219): Illuminate\\Cookie\\Middleware\\EncryptCookies->handle()
#31 /home/sufocani/www/app.arssporttraining.ch/vendor/laravel/framework/src/Illuminate/Pipeline/Pipeline.php(137): Illuminate\\Pipeline\\Pipeline->{closure:{closure:Illuminate\\Pipeline\\Pipeline::carry():194}:195}()
#32 /home/sufocani/www/app.arssporttraining.ch/vendor/laravel/framework/src/Illuminate/Routing/Router.php(821): Illuminate\\Pipeline\\Pipeline->then()
#33 /home/sufocani/www/app.arssporttraining.ch/vendor/laravel/framework/src/Illuminate/Routing/Router.php(800): Illuminate\\Routing\\Router->runRouteWithinStack()
#34 /home/sufocani/www/app.arssporttraining.ch/vendor/laravel/framework/src/Illuminate/Routing/Router.php(764): Illuminate\\Routing\\Router->runRoute()
#35 /home/sufocani/www/app.arssporttraining.ch/vendor/laravel/framework/src/Illuminate/Routing/Router.php(753): Illuminate\\Routing\\Router->dispatchToRoute()
#36 /home/sufocani/www/app.arssporttraining.ch/vendor/laravel/framework/src/Illuminate/Foundation/Http/Kernel.php(200): Illuminate\\Routing\\Router->dispatch()
#37 /home/sufocani/www/app.arssporttraining.ch/vendor/laravel/framework/src/Illuminate/Pipeline/Pipeline.php(180): Illuminate\\Foundation\\Http\\Kernel->{closure:Illuminate\\Foundation\\Http\\Kernel::dispatchToRouter():197}()
#38 /home/sufocani/www/app.arssporttraining.ch/vendor/livewire/livewire/src/Features/SupportDisablingBackButtonCache/DisableBackButtonCacheMiddleware.php(19): Illuminate\\Pipeline\\Pipeline->{closure:Illuminate\\Pipeline\\Pipeline::prepareDestination():178}()
#39 /home/sufocani/www/app.arssporttraining.ch/vendor/laravel/framework/src/Illuminate/Pipeline/Pipeline.php(219): Livewire\\Features\\SupportDisablingBackButtonCache\\DisableBackButtonCacheMiddleware->handle()
#40 /home/sufocani/www/app.arssporttraining.ch/vendor/barryvdh/laravel-debugbar/src/Middleware/InjectDebugbar.php(59): Illuminate\\Pipeline\\Pipeline->{closure:{closure:Illuminate\\Pipeline\\Pipeline::carry():194}:195}()
#41 /home/sufocani/www/app.arssporttraining.ch/vendor/laravel/framework/src/Illuminate/Pipeline/Pipeline.php(219): Barryvdh\\Debugbar\\Middleware\\InjectDebugbar->handle()
#42 /home/sufocani/www/app.arssporttraining.ch/app/Http/Middleware/LogRequestTiming.php(14): Illuminate\\Pipeline\\Pipeline->{closure:{closure:Illuminate\\Pipeline\\Pipeline::carry():194}:195}()
#43 /home/sufocani/www/app.arssporttraining.ch/vendor/laravel/framework/src/Illuminate/Pipeline/Pipeline.php(219): App\\Http\\Middleware\\LogRequestTiming->handle()
#44 /home/sufocani/www/app.arssporttraining.ch/vendor/laravel/framework/src/Illuminate/Foundation/Http/Middleware/ConvertEmptyStringsToNull.php(27): Illuminate\\Pipeline\\Pipeline->{closure:{closure:Illuminate\\Pipeline\\Pipeline::carry():194}:195}()
#45 /home/sufocani/www/app.arssporttraining.ch/vendor/laravel/framework/src/Illuminate/Pipeline/Pipeline.php(219): Illuminate\\Foundation\\Http\\Middleware\\ConvertEmptyStringsToNull->handle()
#46 /home/sufocani/www/app.arssporttraining.ch/vendor/laravel/framework/src/Illuminate/Foundation/Http/Middleware/TrimStrings.php(47): Illuminate\\Pipeline\\Pipeline->{closure:{closure:Illuminate\\Pipeline\\Pipeline::carry():194}:195}()
#47 /home/sufocani/www/app.arssporttraining.ch/vendor/laravel/framework/src/Illuminate/Pipeline/Pipeline.php(219): Illuminate\\Foundation\\Http\\Middleware\\TrimStrings->handle()
#48 /home/sufocani/www/app.arssporttraining.ch/vendor/laravel/framework/src/Illuminate/Http/Middleware/ValidatePostSize.php(27): Illuminate\\Pipeline\\Pipeline->{closure:{closure:Illuminate\\Pipeline\\Pipeline::carry():194}:195}()
#49 /home/sufocani/www/app.arssporttraining.ch/vendor/laravel/framework/src/Illuminate/Pipeline/Pipeline.php(219): Illuminate\\Http\\Middleware\\ValidatePostSize->handle()
#50 /home/sufocani/www/app.arssporttraining.ch/vendor/laravel/framework/src/Illuminate/Foundation/Http/Middleware/PreventRequestsDuringMaintenance.php(109): Illuminate\\Pipeline\\Pipeline->{closure:{closure:Illuminate\\Pipeline\\Pipeline::carry():194}:195}()
#51 /home/sufocani/www/app.arssporttraining.ch/vendor/laravel/framework/src/Illuminate/Pipeline/Pipeline.php(219): Illuminate\\Foundation\\Http\\Middleware\\PreventRequestsDuringMaintenance->handle()
#52 /home/sufocani/www/app.arssporttraining.ch/vendor/laravel/framework/src/Illuminate/Http/Middleware/HandleCors.php(61): Illuminate\\Pipeline\\Pipeline->{closure:{closure:Illuminate\\Pipeline\\Pipeline::carry():194}:195}()
#53 /home/sufocani/www/app.arssporttraining.ch/vendor/laravel/framework/src/Illuminate/Pipeline/Pipeline.php(219): Illuminate\\Http\\Middleware\\HandleCors->handle()
#54 /home/sufocani/www/app.arssporttraining.ch/vendor/laravel/framework/src/Illuminate/Http/Middleware/TrustProxies.php(58): Illuminate\\Pipeline\\Pipeline->{closure:{closure:Illuminate\\Pipeline\\Pipeline::carry():194}:195}()
#55 /home/sufocani/www/app.arssporttraining.ch/vendor/laravel/framework/src/Illuminate/Pipeline/Pipeline.php(219): Illuminate\\Http\\Middleware\\TrustProxies->handle()
#56 /home/sufocani/www/app.arssporttraining.ch/vendor/laravel/framework/src/Illuminate/Foundation/Http/Middleware/InvokeDeferredCallbacks.php(22): Illuminate\\Pipeline\\Pipeline->{closure:{closure:Illuminate\\Pipeline\\Pipeline::carry():194}:195}()
#57 /home/sufocani/www/app.arssporttraining.ch/vendor/laravel/framework/src/Illuminate/Pipeline/Pipeline.php(219): Illuminate\\Foundation\\Http\\Middleware\\InvokeDeferredCallbacks->handle()
#58 /home/sufocani/www/app.arssporttraining.ch/vendor/laravel/framework/src/Illuminate/Http/Middleware/ValidatePathEncoding.php(26): Illuminate\\Pipeline\\Pipeline->{closure:{closure:Illuminate\\Pipeline\\Pipeline::carry():194}:195}()
#59 /home/sufocani/www/app.arssporttraining.ch/vendor/laravel/framework/src/Illuminate/Pipeline/Pipeline.php(219): Illuminate\\Http\\Middleware\\ValidatePathEncoding->handle()
#60 /home/sufocani/www/app.arssporttraining.ch/vendor/laravel/framework/src/Illuminate/Pipeline/Pipeline.php(137): Illuminate\\Pipeline\\Pipeline->{closure:{closure:Illuminate\\Pipeline\\Pipeline::carry():194}:195}()
#61 /home/sufocani/www/app.arssporttraining.ch/vendor/laravel/framework/src/Illuminate/Foundation/Http/Kernel.php(175): Illuminate\\Pipeline\\Pipeline->then()
#62 /home/sufocani/www/app.arssporttraining.ch/vendor/laravel/framework/src/Illuminate/Foundation/Http/Kernel.php(144): Illuminate\\Foundation\\Http\\Kernel->sendRequestThroughRouter()
#63 /home/sufocani/www/app.arssporttraining.ch/vendor/laravel/framework/src/Illuminate/Foundation/Application.php(1220): Illuminate\\Foundation\\Http\\Kernel->handle()
#64 /home/sufocani/www/app.arssporttraining.ch/public/index.php(20): Illuminate\\Foundation\\Application->handleRequest()
#65 {main}
"} 
[2026-05-19 20:12:25] production.ERROR: Property [$weeks] not found on component: [training.view.program-editor] {"userId":3,"exception":"[object] (Livewire\\Exceptions\\PropertyNotFoundException(code: 0): Property [$weeks] not found on component: [training.view.program-editor] at /home/sufocani/www/app.arssporttraining.ch/vendor/livewire/livewire/src/Component.php:139)
[stacktrace]
#0 /home/sufocani/www/app.arssporttraining.ch/app/Livewire/Training/View/ProgramEditor.php(415): Livewire\\Component->__get()
#1 /home/sufocani/www/app.arssporttraining.ch/vendor/laravel/framework/src/Illuminate/Container/BoundMethod.php(36): App\\Livewire\\Training\\View\\ProgramEditor->updatedWeeks()
#2 /home/sufocani/www/app.arssporttraining.ch/vendor/laravel/framework/src/Illuminate/Container/Util.php(43): Illuminate\\Container\\BoundMethod::{closure:Illuminate\\Container\\BoundMethod::call():35}()
#3 /home/sufocani/www/app.arssporttraining.ch/vendor/laravel/framework/src/Illuminate/Container/BoundMethod.php(96): Illuminate\\Container\\Util::unwrapIfClosure()
#4 /home/sufocani/www/app.arssporttraining.ch/vendor/laravel/framework/src/Illuminate/Container/BoundMethod.php(35): Illuminate\\Container\\BoundMethod::callBoundMethod()
#5 /home/sufocani/www/app.arssporttraining.ch/vendor/livewire/livewire/src/Wrapped.php(23): Illuminate\\Container\\BoundMethod::call()
#6 /home/sufocani/www/app.arssporttraining.ch/vendor/livewire/livewire/src/Features/SupportLifecycleHooks/SupportLifecycleHooks.php(176): Livewire\\Wrapped->__call()
#7 /home/sufocani/www/app.arssporttraining.ch/vendor/livewire/livewire/src/Features/SupportLifecycleHooks/SupportLifecycleHooks.php(93): Livewire\\Features\\SupportLifecycleHooks\\SupportLifecycleHooks->callHook()
#8 /home/sufocani/www/app.arssporttraining.ch/vendor/livewire/livewire/src/ComponentHook.php(33): Livewire\\Features\\SupportLifecycleHooks\\SupportLifecycleHooks->{closure:Livewire\\Features\\SupportLifecycleHooks\\SupportLifecycleHooks::update():89}()
#9 /home/sufocani/www/app.arssporttraining.ch/vendor/livewire/livewire/src/ComponentHookRegistry.php(121): Livewire\\ComponentHook->{closure:Livewire\\ComponentHook::callUpdate():31}()
#10 /home/sufocani/www/app.arssporttraining.ch/vendor/livewire/livewire/src/EventBus.php(100): Livewire\\ComponentHookRegistry::{closure:{closure:Livewire\\ComponentHookRegistry::proxyCallToHooks():110}:119}()
#11 /home/sufocani/www/app.arssporttraining.ch/vendor/livewire/livewire/src/Mechanisms/HandleComponents/HandleComponents.php(487): Livewire\\EventBus->{closure:Livewire\\EventBus::trigger():94}()
#12 /home/sufocani/www/app.arssporttraining.ch/vendor/livewire/livewire/src/Mechanisms/HandleComponents/HandleComponents.php(237): Livewire\\Mechanisms\\HandleComponents\\HandleComponents->updateProperties()
#13 /home/sufocani/www/app.arssporttraining.ch/vendor/livewire/livewire/src/LivewireManager.php(131): Livewire\\Mechanisms\\HandleComponents\\HandleComponents->update()
#14 /home/sufocani/www/app.arssporttraining.ch/vendor/livewire/livewire/src/Mechanisms/HandleRequests/HandleRequests.php(190): Livewire\\LivewireManager->update()
#15 /home/sufocani/www/app.arssporttraining.ch/vendor/laravel/framework/src/Illuminate/Routing/ControllerDispatcher.php(46): Livewire\\Mechanisms\\HandleRequests\\HandleRequests->handleUpdate()
#16 /home/sufocani/www/app.arssporttraining.ch/vendor/laravel/framework/src/Illuminate/Routing/Route.php(265): Illuminate\\Routing\\ControllerDispatcher->dispatch()
#17 /home/sufocani/www/app.arssporttraining.ch/vendor/laravel/framework/src/Illuminate/Routing/Route.php(211): Illuminate\\Routing\\Route->runController()
#18 /home/sufocani/www/app.arssporttraining.ch/vendor/laravel/framework/src/Illuminate/Routing/Router.php(822): Illuminate\\Routing\\Route->run()
#19 /home/sufocani/www/app.arssporttraining.ch/vendor/laravel/framework/src/Illuminate/Pipeline/Pipeline.php(180): Illuminate\\Routing\\Router->{closure:Illuminate\\Routing\\Router::runRouteWithinStack():821}()
#20 /home/sufocani/www/app.arssporttraining.ch/vendor/livewire/livewire/src/Mechanisms/HandleRequests/RequireLivewireHeaders.php(19): Illuminate\\Pipeline\\Pipeline->{closure:Illuminate\\Pipeline\\Pipeline::prepareDestination():178}()
#21 /home/sufocani/www/app.arssporttraining.ch/vendor/laravel/framework/src/Illuminate/Pipeline/Pipeline.php(219): Livewire\\Mechanisms\\HandleRequests\\RequireLivewireHeaders->handle()
#22 /home/sufocani/www/app.arssporttraining.ch/vendor/barryvdh/laravel-debugbar/src/Middleware/InjectDebugbar.php(59): Illuminate\\Pipeline\\Pipeline->{closure:{closure:Illuminate\\Pipeline\\Pipeline::carry():194}:195}()
#23 /home/sufocani/www/app.arssporttraining.ch/vendor/laravel/framework/src/Illuminate/Pipeline/Pipeline.php(219): Barryvdh\\Debugbar\\Middleware\\InjectDebugbar->handle()
#24 /home/sufocani/www/app.arssporttraining.ch/vendor/laravel/framework/src/Illuminate/Routing/Middleware/SubstituteBindings.php(50): Illuminate\\Pipeline\\Pipeline->{closure:{closure:Illuminate\\Pipeline\\Pipeline::carry():194}:195}()
#25 /home/sufocani/www/app.arssporttraining.ch/vendor/laravel/framework/src/Illuminate/Pipeline/Pipeline.php(219): Illuminate\\Routing\\Middleware\\SubstituteBindings->handle()
#26 /home/sufocani/www/app.arssporttraining.ch/vendor/laravel/framework/src/Illuminate/Foundation/Http/Middleware/VerifyCsrfToken.php(87): Illuminate\\Pipeline\\Pipeline->{closure:{closure:Illuminate\\Pipeline\\Pipeline::carry():194}:195}()
#27 /home/sufocani/www/app.arssporttraining.ch/vendor/laravel/framework/src/Illuminate/Pipeline/Pipeline.php(219): Illuminate\\Foundation\\Http\\Middleware\\VerifyCsrfToken->handle()
#28 /home/sufocani/www/app.arssporttraining.ch/vendor/laravel/framework/src/Illuminate/View/Middleware/ShareErrorsFromSession.php(48): Illuminate\\Pipeline\\Pipeline->{closure:{closure:Illuminate\\Pipeline\\Pipeline::carry():194}:195}()
#29 /home/sufocani/www/app.arssporttraining.ch/vendor/laravel/framework/src/Illuminate/Pipeline/Pipeline.php(219): Illuminate\\View\\Middleware\\ShareErrorsFromSession->handle()
#30 /home/sufocani/www/app.arssporttraining.ch/vendor/laravel/framework/src/Illuminate/Session/Middleware/StartSession.php(120): Illuminate\\Pipeline\\Pipeline->{closure:{closure:Illuminate\\Pipeline\\Pipeline::carry():194}:195}()
#31 /home/sufocani/www/app.arssporttraining.ch/vendor/laravel/framework/src/Illuminate/Session/Middleware/StartSession.php(63): Illuminate\\Session\\Middleware\\StartSession->handleStatefulRequest()
#32 /home/sufocani/www/app.arssporttraining.ch/vendor/laravel/framework/src/Illuminate/Pipeline/Pipeline.php(219): Illuminate\\Session\\Middleware\\StartSession->handle()
#33 /home/sufocani/www/app.arssporttraining.ch/vendor/laravel/framework/src/Illuminate/Cookie/Middleware/AddQueuedCookiesToResponse.php(36): Illuminate\\Pipeline\\Pipeline->{closure:{closure:Illuminate\\Pipeline\\Pipeline::carry():194}:195}()
#34 /home/sufocani/www/app.arssporttraining.ch/vendor/laravel/framework/src/Illuminate/Pipeline/Pipeline.php(219): Illuminate\\Cookie\\Middleware\\AddQueuedCookiesToResponse->handle()
#35 /home/sufocani/www/app.arssporttraining.ch/vendor/laravel/framework/src/Illuminate/Cookie/Middleware/EncryptCookies.php(74): Illuminate\\Pipeline\\Pipeline->{closure:{closure:Illuminate\\Pipeline\\Pipeline::carry():194}:195}()
#36 /home/sufocani/www/app.arssporttraining.ch/vendor/laravel/framework/src/Illuminate/Pipeline/Pipeline.php(219): Illuminate\\Cookie\\Middleware\\EncryptCookies->handle()
#37 /home/sufocani/www/app.arssporttraining.ch/vendor/laravel/framework/src/Illuminate/Pipeline/Pipeline.php(137): Illuminate\\Pipeline\\Pipeline->{closure:{closure:Illuminate\\Pipeline\\Pipeline::carry():194}:195}()
#38 /home/sufocani/www/app.arssporttraining.ch/vendor/laravel/framework/src/Illuminate/Routing/Router.php(821): Illuminate\\Pipeline\\Pipeline->then()
#39 /home/sufocani/www/app.arssporttraining.ch/vendor/laravel/framework/src/Illuminate/Routing/Router.php(800): Illuminate\\Routing\\Router->runRouteWithinStack()
#40 /home/sufocani/www/app.arssporttraining.ch/vendor/laravel/framework/src/Illuminate/Routing/Router.php(764): Illuminate\\Routing\\Router->runRoute()
#41 /home/sufocani/www/app.arssporttraining.ch/vendor/laravel/framework/src/Illuminate/Routing/Router.php(753): Illuminate\\Routing\\Router->dispatchToRoute()
#42 /home/sufocani/www/app.arssporttraining.ch/vendor/laravel/framework/src/Illuminate/Foundation/Http/Kernel.php(200): Illuminate\\Routing\\Router->dispatch()
#43 /home/sufocani/www/app.arssporttraining.ch/vendor/laravel/framework/src/Illuminate/Pipeline/Pipeline.php(180): Illuminate\\Foundation\\Http\\Kernel->{closure:Illuminate\\Foundation\\Http\\Kernel::dispatchToRouter():197}()
#44 /home/sufocani/www/app.arssporttraining.ch/vendor/livewire/livewire/src/Features/SupportDisablingBackButtonCache/DisableBackButtonCacheMiddleware.php(19): Illuminate\\Pipeline\\Pipeline->{closure:Illuminate\\Pipeline\\Pipeline::prepareDestination():178}()
#45 /home/sufocani/www/app.arssporttraining.ch/vendor/laravel/framework/src/Illuminate/Pipeline/Pipeline.php(219): Livewire\\Features\\SupportDisablingBackButtonCache\\DisableBackButtonCacheMiddleware->handle()
#46 /home/sufocani/www/app.arssporttraining.ch/vendor/barryvdh/laravel-debugbar/src/Middleware/InjectDebugbar.php(59): Illuminate\\Pipeline\\Pipeline->{closure:{closure:Illuminate\\Pipeline\\Pipeline::carry():194}:195}()
#47 /home/sufocani/www/app.arssporttraining.ch/vendor/laravel/framework/src/Illuminate/Pipeline/Pipeline.php(219): Barryvdh\\Debugbar\\Middleware\\InjectDebugbar->handle()
#48 /home/sufocani/www/app.arssporttraining.ch/app/Http/Middleware/LogRequestTiming.php(14): Illuminate\\Pipeline\\Pipeline->{closure:{closure:Illuminate\\Pipeline\\Pipeline::carry():194}:195}()
#49 /home/sufocani/www/app.arssporttraining.ch/vendor/laravel/framework/src/Illuminate/Pipeline/Pipeline.php(219): App\\Http\\Middleware\\LogRequestTiming->handle()
#50 /home/sufocani/www/app.arssporttraining.ch/vendor/laravel/framework/src/Illuminate/Foundation/Http/Middleware/ConvertEmptyStringsToNull.php(27): Illuminate\\Pipeline\\Pipeline->{closure:{closure:Illuminate\\Pipeline\\Pipeline::carry():194}:195}()
#51 /home/sufocani/www/app.arssporttraining.ch/vendor/laravel/framework/src/Illuminate/Pipeline/Pipeline.php(219): Illuminate\\Foundation\\Http\\Middleware\\ConvertEmptyStringsToNull->handle()
#52 /home/sufocani/www/app.arssporttraining.ch/vendor/laravel/framework/src/Illuminate/Foundation/Http/Middleware/TrimStrings.php(47): Illuminate\\Pipeline\\Pipeline->{closure:{closure:Illuminate\\Pipeline\\Pipeline::carry():194}:195}()
#53 /home/sufocani/www/app.arssporttraining.ch/vendor/laravel/framework/src/Illuminate/Pipeline/Pipeline.php(219): Illuminate\\Foundation\\Http\\Middleware\\TrimStrings->handle()
#54 /home/sufocani/www/app.arssporttraining.ch/vendor/laravel/framework/src/Illuminate/Http/Middleware/ValidatePostSize.php(27): Illuminate\\Pipeline\\Pipeline->{closure:{closure:Illuminate\\Pipeline\\Pipeline::carry():194}:195}()
#55 /home/sufocani/www/app.arssporttraining.ch/vendor/laravel/framework/src/Illuminate/Pipeline/Pipeline.php(219): Illuminate\\Http\\Middleware\\ValidatePostSize->handle()
#56 /home/sufocani/www/app.arssporttraining.ch/vendor/laravel/framework/src/Illuminate/Foundation/Http/Middleware/PreventRequestsDuringMaintenance.php(109): Illuminate\\Pipeline\\Pipeline->{closure:{closure:Illuminate\\Pipeline\\Pipeline::carry():194}:195}()
#57 /home/sufocani/www/app.arssporttraining.ch/vendor/laravel/framework/src/Illuminate/Pipeline/Pipeline.php(219): Illuminate\\Foundation\\Http\\Middleware\\PreventRequestsDuringMaintenance->handle()
#58 /home/sufocani/www/app.arssporttraining.ch/vendor/laravel/framework/src/Illuminate/Http/Middleware/HandleCors.php(61): Illuminate\\Pipeline\\Pipeline->{closure:{closure:Illuminate\\Pipeline\\Pipeline::carry():194}:195}()
#59 /home/sufocani/www/app.arssporttraining.ch/vendor/laravel/framework/src/Illuminate/Pipeline/Pipeline.php(219): Illuminate\\Http\\Middleware\\HandleCors->handle()
#60 /home/sufocani/www/app.arssporttraining.ch/vendor/laravel/framework/src/Illuminate/Http/Middleware/TrustProxies.php(58): Illuminate\\Pipeline\\Pipeline->{closure:{closure:Illuminate\\Pipeline\\Pipeline::carry():194}:195}()
#61 /home/sufocani/www/app.arssporttraining.ch/vendor/laravel/framework/src/Illuminate/Pipeline/Pipeline.php(219): Illuminate\\Http\\Middleware\\TrustProxies->handle()
#62 /home/sufocani/www/app.arssporttraining.ch/vendor/laravel/framework/src/Illuminate/Foundation/Http/Middleware/InvokeDeferredCallbacks.php(22): Illuminate\\Pipeline\\Pipeline->{closure:{closure:Illuminate\\Pipeline\\Pipeline::carry():194}:195}()
#63 /home/sufocani/www/app.arssporttraining.ch/vendor/laravel/framework/src/Illuminate/Pipeline/Pipeline.php(219): Illuminate\\Foundation\\Http\\Middleware\\InvokeDeferredCallbacks->handle()
#64 /home/sufocani/www/app.arssporttraining.ch/vendor/laravel/framework/src/Illuminate/Http/Middleware/ValidatePathEncoding.php(26): Illuminate\\Pipeline\\Pipeline->{closure:{closure:Illuminate\\Pipeline\\Pipeline::carry():194}:195}()
#65 /home/sufocani/www/app.arssporttraining.ch/vendor/laravel/framework/src/Illuminate/Pipeline/Pipeline.php(219): Illuminate\\Http\\Middleware\\ValidatePathEncoding->handle()
#66 /home/sufocani/www/app.arssporttraining.ch/vendor/laravel/framework/src/Illuminate/Pipeline/Pipeline.php(137): Illuminate\\Pipeline\\Pipeline->{closure:{closure:Illuminate\\Pipeline\\Pipeline::carry():194}:195}()
#67 /home/sufocani/www/app.arssporttraining.ch/vendor/laravel/framework/src/Illuminate/Foundation/Http/Kernel.php(175): Illuminate\\Pipeline\\Pipeline->then()
#68 /home/sufocani/www/app.arssporttraining.ch/vendor/laravel/framework/src/Illuminate/Foundation/Http/Kernel.php(144): Illuminate\\Foundation\\Http\\Kernel->sendRequestThroughRouter()
#69 /home/sufocani/www/app.arssporttraining.ch/vendor/laravel/framework/src/Illuminate/Foundation/Application.php(1220): Illuminate\\Foundation\\Http\\Kernel->handle()
#70 /home/sufocani/www/app.arssporttraining.ch/public/index.php(20): Illuminate\\Foundation\\Application->handleRequest()
#71 {main}
"} 
[2026-05-20 14:23:12] production.ERROR: Class "App\Support\TopicFieldDebugLogger" not found {"userId":3,"exception":"[object] (Error(code: 0): Class \"App\\Support\\TopicFieldDebugLogger\" not found at /home/sufocani/www/app.arssporttraining.ch/vendor/coda/cms/src/Livewire/AbstractModelDetailsPage.php:182)
[stacktrace]
#0 /home/sufocani/www/app.arssporttraining.ch/vendor/laravel/framework/src/Illuminate/Container/BoundMethod.php(36): Coda\\Cms\\Livewire\\AbstractModelDetailsPage->save()
#1 /home/sufocani/www/app.arssporttraining.ch/vendor/laravel/framework/src/Illuminate/Container/Util.php(43): Illuminate\\Container\\BoundMethod::{closure:Illuminate\\Container\\BoundMethod::call():35}()
#2 /home/sufocani/www/app.arssporttraining.ch/vendor/laravel/framework/src/Illuminate/Container/BoundMethod.php(96): Illuminate\\Container\\Util::unwrapIfClosure()
#3 /home/sufocani/www/app.arssporttraining.ch/vendor/laravel/framework/src/Illuminate/Container/BoundMethod.php(35): Illuminate\\Container\\BoundMethod::callBoundMethod()
#4 /home/sufocani/www/app.arssporttraining.ch/vendor/livewire/livewire/src/Wrapped.php(23): Illuminate\\Container\\BoundMethod::call()
#5 /home/sufocani/www/app.arssporttraining.ch/vendor/livewire/livewire/src/Mechanisms/HandleComponents/HandleComponents.php(685): Livewire\\Wrapped->__call()
#6 /home/sufocani/www/app.arssporttraining.ch/vendor/livewire/livewire/src/Mechanisms/HandleComponents/HandleComponents.php(240): Livewire\\Mechanisms\\HandleComponents\\HandleComponents->callMethods()
#7 /home/sufocani/www/app.arssporttraining.ch/vendor/livewire/livewire/src/LivewireManager.php(131): Livewire\\Mechanisms\\HandleComponents\\HandleComponents->update()
#8 /home/sufocani/www/app.arssporttraining.ch/vendor/livewire/livewire/src/Mechanisms/HandleRequests/HandleRequests.php(190): Livewire\\LivewireManager->update()
#9 /home/sufocani/www/app.arssporttraining.ch/vendor/laravel/framework/src/Illuminate/Routing/ControllerDispatcher.php(46): Livewire\\Mechanisms\\HandleRequests\\HandleRequests->handleUpdate()
#10 /home/sufocani/www/app.arssporttraining.ch/vendor/laravel/framework/src/Illuminate/Routing/Route.php(265): Illuminate\\Routing\\ControllerDispatcher->dispatch()
#11 /home/sufocani/www/app.arssporttraining.ch/vendor/laravel/framework/src/Illuminate/Routing/Route.php(211): Illuminate\\Routing\\Route->runController()
#12 /home/sufocani/www/app.arssporttraining.ch/vendor/laravel/framework/src/Illuminate/Routing/Router.php(822): Illuminate\\Routing\\Route->run()
#13 /home/sufocani/www/app.arssporttraining.ch/vendor/laravel/framework/src/Illuminate/Pipeline/Pipeline.php(180): Illuminate\\Routing\\Router->{closure:Illuminate\\Routing\\Router::runRouteWithinStack():821}()
#14 /home/sufocani/www/app.arssporttraining.ch/vendor/livewire/livewire/src/Mechanisms/HandleRequests/RequireLivewireHeaders.php(19): Illuminate\\Pipeline\\Pipeline->{closure:Illuminate\\Pipeline\\Pipeline::prepareDestination():178}()
#15 /home/sufocani/www/app.arssporttraining.ch/vendor/laravel/framework/src/Illuminate/Pipeline/Pipeline.php(219): Livewire\\Mechanisms\\HandleRequests\\RequireLivewireHeaders->handle()
#16 /home/sufocani/www/app.arssporttraining.ch/vendor/barryvdh/laravel-debugbar/src/Middleware/InjectDebugbar.php(59): Illuminate\\Pipeline\\Pipeline->{closure:{closure:Illuminate\\Pipeline\\Pipeline::carry():194}:195}()
#17 /home/sufocani/www/app.arssporttraining.ch/vendor/laravel/framework/src/Illuminate/Pipeline/Pipeline.php(219): Barryvdh\\Debugbar\\Middleware\\InjectDebugbar->handle()
#18 /home/sufocani/www/app.arssporttraining.ch/vendor/laravel/framework/src/Illuminate/Routing/Middleware/SubstituteBindings.php(50): Illuminate\\Pipeline\\Pipeline->{closure:{closure:Illuminate\\Pipeline\\Pipeline::carry():194}:195}()
#19 /home/sufocani/www/app.arssporttraining.ch/vendor/laravel/framework/src/Illuminate/Pipeline/Pipeline.php(219): Illuminate\\Routing\\Middleware\\SubstituteBindings->handle()
#20 /home/sufocani/www/app.arssporttraining.ch/vendor/laravel/framework/src/Illuminate/Foundation/Http/Middleware/VerifyCsrfToken.php(87): Illuminate\\Pipeline\\Pipeline->{closure:{closure:Illuminate\\Pipeline\\Pipeline::carry():194}:195}()
#21 /home/sufocani/www/app.arssporttraining.ch/vendor/laravel/framework/src/Illuminate/Pipeline/Pipeline.php(219): Illuminate\\Foundation\\Http\\Middleware\\VerifyCsrfToken->handle()
#22 /home/sufocani/www/app.arssporttraining.ch/vendor/laravel/framework/src/Illuminate/View/Middleware/ShareErrorsFromSession.php(48): Illuminate\\Pipeline\\Pipeline->{closure:{closure:Illuminate\\Pipeline\\Pipeline::carry():194}:195}()
#23 /home/sufocani/www/app.arssporttraining.ch/vendor/laravel/framework/src/Illuminate/Pipeline/Pipeline.php(219): Illuminate\\View\\Middleware\\ShareErrorsFromSession->handle()
#24 /home/sufocani/www/app.arssporttraining.ch/vendor/laravel/framework/src/Illuminate/Session/Middleware/StartSession.php(120): Illuminate\\Pipeline\\Pipeline->{closure:{closure:Illuminate\\Pipeline\\Pipeline::carry():194}:195}()
#25 /home/sufocani/www/app.arssporttraining.ch/vendor/laravel/framework/src/Illuminate/Session/Middleware/StartSession.php(63): Illuminate\\Session\\Middleware\\StartSession->handleStatefulRequest()
#26 /home/sufocani/www/app.arssporttraining.ch/vendor/laravel/framework/src/Illuminate/Pipeline/Pipeline.php(219): Illuminate\\Session\\Middleware\\StartSession->handle()
#27 /home/sufocani/www/app.arssporttraining.ch/vendor/laravel/framework/src/Illuminate/Cookie/Middleware/AddQueuedCookiesToResponse.php(36): Illuminate\\Pipeline\\Pipeline->{closure:{closure:Illuminate\\Pipeline\\Pipeline::carry():194}:195}()
#28 /home/sufocani/www/app.arssporttraining.ch/vendor/laravel/framework/src/Illuminate/Pipeline/Pipeline.php(219): Illuminate\\Cookie\\Middleware\\AddQueuedCookiesToResponse->handle()
#29 /home/sufocani/www/app.arssporttraining.ch/vendor/laravel/framework/src/Illuminate/Cookie/Middleware/EncryptCookies.php(74): Illuminate\\Pipeline\\Pipeline->{closure:{closure:Illuminate\\Pipeline\\Pipeline::carry():194}:195}()
#30 /home/sufocani/www/app.arssporttraining.ch/vendor/laravel/framework/src/Illuminate/Pipeline/Pipeline.php(219): Illuminate\\Cookie\\Middleware\\EncryptCookies->handle()
#31 /home/sufocani/www/app.arssporttraining.ch/vendor/laravel/framework/src/Illuminate/Pipeline/Pipeline.php(137): Illuminate\\Pipeline\\Pipeline->{closure:{closure:Illuminate\\Pipeline\\Pipeline::carry():194}:195}()
#32 /home/sufocani/www/app.arssporttraining.ch/vendor/laravel/framework/src/Illuminate/Routing/Router.php(821): Illuminate\\Pipeline\\Pipeline->then()
#33 /home/sufocani/www/app.arssporttraining.ch/vendor/laravel/framework/src/Illuminate/Routing/Router.php(800): Illuminate\\Routing\\Router->runRouteWithinStack()
#34 /home/sufocani/www/app.arssporttraining.ch/vendor/laravel/framework/src/Illuminate/Routing/Router.php(764): Illuminate\\Routing\\Router->runRoute()
#35 /home/sufocani/www/app.arssporttraining.ch/vendor/laravel/framework/src/Illuminate/Routing/Router.php(753): Illuminate\\Routing\\Router->dispatchToRoute()
#36 /home/sufocani/www/app.arssporttraining.ch/vendor/laravel/framework/src/Illuminate/Foundation/Http/Kernel.php(200): Illuminate\\Routing\\Router->dispatch()
#37 /home/sufocani/www/app.arssporttraining.ch/vendor/laravel/framework/src/Illuminate/Pipeline/Pipeline.php(180): Illuminate\\Foundation\\Http\\Kernel->{closure:Illuminate\\Foundation\\Http\\Kernel::dispatchToRouter():197}()
#38 /home/sufocani/www/app.arssporttraining.ch/vendor/livewire/livewire/src/Features/SupportDisablingBackButtonCache/DisableBackButtonCacheMiddleware.php(19): Illuminate\\Pipeline\\Pipeline->{closure:Illuminate\\Pipeline\\Pipeline::prepareDestination():178}()
#39 /home/sufocani/www/app.arssporttraining.ch/vendor/laravel/framework/src/Illuminate/Pipeline/Pipeline.php(219): Livewire\\Features\\SupportDisablingBackButtonCache\\DisableBackButtonCacheMiddleware->handle()
#40 /home/sufocani/www/app.arssporttraining.ch/vendor/barryvdh/laravel-debugbar/src/Middleware/InjectDebugbar.php(59): Illuminate\\Pipeline\\Pipeline->{closure:{closure:Illuminate\\Pipeline\\Pipeline::carry():194}:195}()
#41 /home/sufocani/www/app.arssporttraining.ch/vendor/laravel/framework/src/Illuminate/Pipeline/Pipeline.php(219): Barryvdh\\Debugbar\\Middleware\\InjectDebugbar->handle()
#42 /home/sufocani/www/app.arssporttraining.ch/app/Http/Middleware/LogRequestTiming.php(14): Illuminate\\Pipeline\\Pipeline->{closure:{closure:Illuminate\\Pipeline\\Pipeline::carry():194}:195}()
#43 /home/sufocani/www/app.arssporttraining.ch/vendor/laravel/framework/src/Illuminate/Pipeline/Pipeline.php(219): App\\Http\\Middleware\\LogRequestTiming->handle()
#44 /home/sufocani/www/app.arssporttraining.ch/vendor/laravel/framework/src/Illuminate/Foundation/Http/Middleware/ConvertEmptyStringsToNull.php(27): Illuminate\\Pipeline\\Pipeline->{closure:{closure:Illuminate\\Pipeline\\Pipeline::carry():194}:195}()
#45 /home/sufocani/www/app.arssporttraining.ch/vendor/laravel/framework/src/Illuminate/Pipeline/Pipeline.php(219): Illuminate\\Foundation\\Http\\Middleware\\ConvertEmptyStringsToNull->handle()
#46 /home/sufocani/www/app.arssporttraining.ch/vendor/laravel/framework/src/Illuminate/Foundation/Http/Middleware/TrimStrings.php(47): Illuminate\\Pipeline\\Pipeline->{closure:{closure:Illuminate\\Pipeline\\Pipeline::carry():194}:195}()
#47 /home/sufocani/www/app.arssporttraining.ch/vendor/laravel/framework/src/Illuminate/Pipeline/Pipeline.php(219): Illuminate\\Foundation\\Http\\Middleware\\TrimStrings->handle()
#48 /home/sufocani/www/app.arssporttraining.ch/vendor/laravel/framework/src/Illuminate/Http/Middleware/ValidatePostSize.php(27): Illuminate\\Pipeline\\Pipeline->{closure:{closure:Illuminate\\Pipeline\\Pipeline::carry():194}:195}()
#49 /home/sufocani/www/app.arssporttraining.ch/vendor/laravel/framework/src/Illuminate/Pipeline/Pipeline.php(219): Illuminate\\Http\\Middleware\\ValidatePostSize->handle()
#50 /home/sufocani/www/app.arssporttraining.ch/vendor/laravel/framework/src/Illuminate/Foundation/Http/Middleware/PreventRequestsDuringMaintenance.php(109): Illuminate\\Pipeline\\Pipeline->{closure:{closure:Illuminate\\Pipeline\\Pipeline::carry():194}:195}()
#51 /home/sufocani/www/app.arssporttraining.ch/vendor/laravel/framework/src/Illuminate/Pipeline/Pipeline.php(219): Illuminate\\Foundation\\Http\\Middleware\\PreventRequestsDuringMaintenance->handle()
#52 /home/sufocani/www/app.arssporttraining.ch/vendor/laravel/framework/src/Illuminate/Http/Middleware/HandleCors.php(61): Illuminate\\Pipeline\\Pipeline->{closure:{closure:Illuminate\\Pipeline\\Pipeline::carry():194}:195}()
#53 /home/sufocani/www/app.arssporttraining.ch/vendor/laravel/framework/src/Illuminate/Pipeline/Pipeline.php(219): Illuminate\\Http\\Middleware\\HandleCors->handle()
#54 /home/sufocani/www/app.arssporttraining.ch/vendor/laravel/framework/src/Illuminate/Http/Middleware/TrustProxies.php(58): Illuminate\\Pipeline\\Pipeline->{closure:{closure:Illuminate\\Pipeline\\Pipeline::carry():194}:195}()
#55 /home/sufocani/www/app.arssporttraining.ch/vendor/laravel/framework/src/Illuminate/Pipeline/Pipeline.php(219): Illuminate\\Http\\Middleware\\TrustProxies->handle()
#56 /home/sufocani/www/app.arssporttraining.ch/vendor/laravel/framework/src/Illuminate/Foundation/Http/Middleware/InvokeDeferredCallbacks.php(22): Illuminate\\Pipeline\\Pipeline->{closure:{closure:Illuminate\\Pipeline\\Pipeline::carry():194}:195}()
#57 /home/sufocani/www/app.arssporttraining.ch/vendor/laravel/framework/src/Illuminate/Pipeline/Pipeline.php(219): Illuminate\\Foundation\\Http\\Middleware\\InvokeDeferredCallbacks->handle()
#58 /home/sufocani/www/app.arssporttraining.ch/vendor/laravel/framework/src/Illuminate/Http/Middleware/ValidatePathEncoding.php(26): Illuminate\\Pipeline\\Pipeline->{closure:{closure:Illuminate\\Pipeline\\Pipeline::carry():194}:195}()
#59 /home/sufocani/www/app.arssporttraining.ch/vendor/laravel/framework/src/Illuminate/Pipeline/Pipeline.php(219): Illuminate\\Http\\Middleware\\ValidatePathEncoding->handle()
#60 /home/sufocani/www/app.arssporttraining.ch/vendor/laravel/framework/src/Illuminate/Pipeline/Pipeline.php(137): Illuminate\\Pipeline\\Pipeline->{closure:{closure:Illuminate\\Pipeline\\Pipeline::carry():194}:195}()
#61 /home/sufocani/www/app.arssporttraining.ch/vendor/laravel/framework/src/Illuminate/Foundation/Http/Kernel.php(175): Illuminate\\Pipeline\\Pipeline->then()
#62 /home/sufocani/www/app.arssporttraining.ch/vendor/laravel/framework/src/Illuminate/Foundation/Http/Kernel.php(144): Illuminate\\Foundation\\Http\\Kernel->sendRequestThroughRouter()
#63 /home/sufocani/www/app.arssporttraining.ch/vendor/laravel/framework/src/Illuminate/Foundation/Application.php(1220): Illuminate\\Foundation\\Http\\Kernel->handle()
#64 /home/sufocani/www/app.arssporttraining.ch/public/index.php(20): Illuminate\\Foundation\\Application->handleRequest()
#65 {main}
"} 
[2026-05-20 14:23:15] production.ERROR: Class "App\Support\TopicFieldDebugLogger" not found {"userId":3,"exception":"[object] (Error(code: 0): Class \"App\\Support\\TopicFieldDebugLogger\" not found at /home/sufocani/www/app.arssporttraining.ch/vendor/coda/cms/src/Livewire/AbstractModelDetailsPage.php:182)
[stacktrace]
#0 /home/sufocani/www/app.arssporttraining.ch/vendor/laravel/framework/src/Illuminate/Container/BoundMethod.php(36): Coda\\Cms\\Livewire\\AbstractModelDetailsPage->save()
#1 /home/sufocani/www/app.arssporttraining.ch/vendor/laravel/framework/src/Illuminate/Container/Util.php(43): Illuminate\\Container\\BoundMethod::{closure:Illuminate\\Container\\BoundMethod::call():35}()
#2 /home/sufocani/www/app.arssporttraining.ch/vendor/laravel/framework/src/Illuminate/Container/BoundMethod.php(96): Illuminate\\Container\\Util::unwrapIfClosure()
#3 /home/sufocani/www/app.arssporttraining.ch/vendor/laravel/framework/src/Illuminate/Container/BoundMethod.php(35): Illuminate\\Container\\BoundMethod::callBoundMethod()
#4 /home/sufocani/www/app.arssporttraining.ch/vendor/livewire/livewire/src/Wrapped.php(23): Illuminate\\Container\\BoundMethod::call()
#5 /home/sufocani/www/app.arssporttraining.ch/vendor/livewire/livewire/src/Mechanisms/HandleComponents/HandleComponents.php(685): Livewire\\Wrapped->__call()
#6 /home/sufocani/www/app.arssporttraining.ch/vendor/livewire/livewire/src/Mechanisms/HandleComponents/HandleComponents.php(240): Livewire\\Mechanisms\\HandleComponents\\HandleComponents->callMethods()
#7 /home/sufocani/www/app.arssporttraining.ch/vendor/livewire/livewire/src/LivewireManager.php(131): Livewire\\Mechanisms\\HandleComponents\\HandleComponents->update()
#8 /home/sufocani/www/app.arssporttraining.ch/vendor/livewire/livewire/src/Mechanisms/HandleRequests/HandleRequests.php(190): Livewire\\LivewireManager->update()
#9 /home/sufocani/www/app.arssporttraining.ch/vendor/laravel/framework/src/Illuminate/Routing/ControllerDispatcher.php(46): Livewire\\Mechanisms\\HandleRequests\\HandleRequests->handleUpdate()
#10 /home/sufocani/www/app.arssporttraining.ch/vendor/laravel/framework/src/Illuminate/Routing/Route.php(265): Illuminate\\Routing\\ControllerDispatcher->dispatch()
#11 /home/sufocani/www/app.arssporttraining.ch/vendor/laravel/framework/src/Illuminate/Routing/Route.php(211): Illuminate\\Routing\\Route->runController()
#12 /home/sufocani/www/app.arssporttraining.ch/vendor/laravel/framework/src/Illuminate/Routing/Router.php(822): Illuminate\\Routing\\Route->run()
#13 /home/sufocani/www/app.arssporttraining.ch/vendor/laravel/framework/src/Illuminate/Pipeline/Pipeline.php(180): Illuminate\\Routing\\Router->{closure:Illuminate\\Routing\\Router::runRouteWithinStack():821}()
#14 /home/sufocani/www/app.arssporttraining.ch/vendor/livewire/livewire/src/Mechanisms/HandleRequests/RequireLivewireHeaders.php(19): Illuminate\\Pipeline\\Pipeline->{closure:Illuminate\\Pipeline\\Pipeline::prepareDestination():178}()
#15 /home/sufocani/www/app.arssporttraining.ch/vendor/laravel/framework/src/Illuminate/Pipeline/Pipeline.php(219): Livewire\\Mechanisms\\HandleRequests\\RequireLivewireHeaders->handle()
#16 /home/sufocani/www/app.arssporttraining.ch/vendor/barryvdh/laravel-debugbar/src/Middleware/InjectDebugbar.php(59): Illuminate\\Pipeline\\Pipeline->{closure:{closure:Illuminate\\Pipeline\\Pipeline::carry():194}:195}()
#17 /home/sufocani/www/app.arssporttraining.ch/vendor/laravel/framework/src/Illuminate/Pipeline/Pipeline.php(219): Barryvdh\\Debugbar\\Middleware\\InjectDebugbar->handle()
#18 /home/sufocani/www/app.arssporttraining.ch/vendor/laravel/framework/src/Illuminate/Routing/Middleware/SubstituteBindings.php(50): Illuminate\\Pipeline\\Pipeline->{closure:{closure:Illuminate\\Pipeline\\Pipeline::carry():194}:195}()
#19 /home/sufocani/www/app.arssporttraining.ch/vendor/laravel/framework/src/Illuminate/Pipeline/Pipeline.php(219): Illuminate\\Routing\\Middleware\\SubstituteBindings->handle()
#20 /home/sufocani/www/app.arssporttraining.ch/vendor/laravel/framework/src/Illuminate/Foundation/Http/Middleware/VerifyCsrfToken.php(87): Illuminate\\Pipeline\\Pipeline->{closure:{closure:Illuminate\\Pipeline\\Pipeline::carry():194}:195}()
#21 /home/sufocani/www/app.arssporttraining.ch/vendor/laravel/framework/src/Illuminate/Pipeline/Pipeline.php(219): Illuminate\\Foundation\\Http\\Middleware\\VerifyCsrfToken->handle()
#22 /home/sufocani/www/app.arssporttraining.ch/vendor/laravel/framework/src/Illuminate/View/Middleware/ShareErrorsFromSession.php(48): Illuminate\\Pipeline\\Pipeline->{closure:{closure:Illuminate\\Pipeline\\Pipeline::carry():194}:195}()
#23 /home/sufocani/www/app.arssporttraining.ch/vendor/laravel/framework/src/Illuminate/Pipeline/Pipeline.php(219): Illuminate\\View\\Middleware\\ShareErrorsFromSession->handle()
#24 /home/sufocani/www/app.arssporttraining.ch/vendor/laravel/framework/src/Illuminate/Session/Middleware/StartSession.php(120): Illuminate\\Pipeline\\Pipeline->{closure:{closure:Illuminate\\Pipeline\\Pipeline::carry():194}:195}()
#25 /home/sufocani/www/app.arssporttraining.ch/vendor/laravel/framework/src/Illuminate/Session/Middleware/StartSession.php(63): Illuminate\\Session\\Middleware\\StartSession->handleStatefulRequest()
#26 /home/sufocani/www/app.arssporttraining.ch/vendor/laravel/framework/src/Illuminate/Pipeline/Pipeline.php(219): Illuminate\\Session\\Middleware\\StartSession->handle()
#27 /home/sufocani/www/app.arssporttraining.ch/vendor/laravel/framework/src/Illuminate/Cookie/Middleware/AddQueuedCookiesToResponse.php(36): Illuminate\\Pipeline\\Pipeline->{closure:{closure:Illuminate\\Pipeline\\Pipeline::carry():194}:195}()
#28 /home/sufocani/www/app.arssporttraining.ch/vendor/laravel/framework/src/Illuminate/Pipeline/Pipeline.php(219): Illuminate\\Cookie\\Middleware\\AddQueuedCookiesToResponse->handle()
#29 /home/sufocani/www/app.arssporttraining.ch/vendor/laravel/framework/src/Illuminate/Cookie/Middleware/EncryptCookies.php(74): Illuminate\\Pipeline\\Pipeline->{closure:{closure:Illuminate\\Pipeline\\Pipeline::carry():194}:195}()
#30 /home/sufocani/www/app.arssporttraining.ch/vendor/laravel/framework/src/Illuminate/Pipeline/Pipeline.php(219): Illuminate\\Cookie\\Middleware\\EncryptCookies->handle()
#31 /home/sufocani/www/app.arssporttraining.ch/vendor/laravel/framework/src/Illuminate/Pipeline/Pipeline.php(137): Illuminate\\Pipeline\\Pipeline->{closure:{closure:Illuminate\\Pipeline\\Pipeline::carry():194}:195}()
#32 /home/sufocani/www/app.arssporttraining.ch/vendor/laravel/framework/src/Illuminate/Routing/Router.php(821): Illuminate\\Pipeline\\Pipeline->then()
#33 /home/sufocani/www/app.arssporttraining.ch/vendor/laravel/framework/src/Illuminate/Routing/Router.php(800): Illuminate\\Routing\\Router->runRouteWithinStack()
#34 /home/sufocani/www/app.arssporttraining.ch/vendor/laravel/framework/src/Illuminate/Routing/Router.php(764): Illuminate\\Routing\\Router->runRoute()
#35 /home/sufocani/www/app.arssporttraining.ch/vendor/laravel/framework/src/Illuminate/Routing/Router.php(753): Illuminate\\Routing\\Router->dispatchToRoute()
#36 /home/sufocani/www/app.arssporttraining.ch/vendor/laravel/framework/src/Illuminate/Foundation/Http/Kernel.php(200): Illuminate\\Routing\\Router->dispatch()
#37 /home/sufocani/www/app.arssporttraining.ch/vendor/laravel/framework/src/Illuminate/Pipeline/Pipeline.php(180): Illuminate\\Foundation\\Http\\Kernel->{closure:Illuminate\\Foundation\\Http\\Kernel::dispatchToRouter():197}()
#38 /home/sufocani/www/app.arssporttraining.ch/vendor/livewire/livewire/src/Features/SupportDisablingBackButtonCache/DisableBackButtonCacheMiddleware.php(19): Illuminate\\Pipeline\\Pipeline->{closure:Illuminate\\Pipeline\\Pipeline::prepareDestination():178}()
#39 /home/sufocani/www/app.arssporttraining.ch/vendor/laravel/framework/src/Illuminate/Pipeline/Pipeline.php(219): Livewire\\Features\\SupportDisablingBackButtonCache\\DisableBackButtonCacheMiddleware->handle()
#40 /home/sufocani/www/app.arssporttraining.ch/vendor/barryvdh/laravel-debugbar/src/Middleware/InjectDebugbar.php(59): Illuminate\\Pipeline\\Pipeline->{closure:{closure:Illuminate\\Pipeline\\Pipeline::carry():194}:195}()
#41 /home/sufocani/www/app.arssporttraining.ch/vendor/laravel/framework/src/Illuminate/Pipeline/Pipeline.php(219): Barryvdh\\Debugbar\\Middleware\\InjectDebugbar->handle()
#42 /home/sufocani/www/app.arssporttraining.ch/app/Http/Middleware/LogRequestTiming.php(14): Illuminate\\Pipeline\\Pipeline->{closure:{closure:Illuminate\\Pipeline\\Pipeline::carry():194}:195}()
#43 /home/sufocani/www/app.arssporttraining.ch/vendor/laravel/framework/src/Illuminate/Pipeline/Pipeline.php(219): App\\Http\\Middleware\\LogRequestTiming->handle()
#44 /home/sufocani/www/app.arssporttraining.ch/vendor/laravel/framework/src/Illuminate/Foundation/Http/Middleware/ConvertEmptyStringsToNull.php(27): Illuminate\\Pipeline\\Pipeline->{closure:{closure:Illuminate\\Pipeline\\Pipeline::carry():194}:195}()
#45 /home/sufocani/www/app.arssporttraining.ch/vendor/laravel/framework/src/Illuminate/Pipeline/Pipeline.php(219): Illuminate\\Foundation\\Http\\Middleware\\ConvertEmptyStringsToNull->handle()
#46 /home/sufocani/www/app.arssporttraining.ch/vendor/laravel/framework/src/Illuminate/Foundation/Http/Middleware/TrimStrings.php(47): Illuminate\\Pipeline\\Pipeline->{closure:{closure:Illuminate\\Pipeline\\Pipeline::carry():194}:195}()
#47 /home/sufocani/www/app.arssporttraining.ch/vendor/laravel/framework/src/Illuminate/Pipeline/Pipeline.php(219): Illuminate\\Foundation\\Http\\Middleware\\TrimStrings->handle()
#48 /home/sufocani/www/app.arssporttraining.ch/vendor/laravel/framework/src/Illuminate/Http/Middleware/ValidatePostSize.php(27): Illuminate\\Pipeline\\Pipeline->{closure:{closure:Illuminate\\Pipeline\\Pipeline::carry():194}:195}()
#49 /home/sufocani/www/app.arssporttraining.ch/vendor/laravel/framework/src/Illuminate/Pipeline/Pipeline.php(219): Illuminate\\Http\\Middleware\\ValidatePostSize->handle()
#50 /home/sufocani/www/app.arssporttraining.ch/vendor/laravel/framework/src/Illuminate/Foundation/Http/Middleware/PreventRequestsDuringMaintenance.php(109): Illuminate\\Pipeline\\Pipeline->{closure:{closure:Illuminate\\Pipeline\\Pipeline::carry():194}:195}()
#51 /home/sufocani/www/app.arssporttraining.ch/vendor/laravel/framework/src/Illuminate/Pipeline/Pipeline.php(219): Illuminate\\Foundation\\Http\\Middleware\\PreventRequestsDuringMaintenance->handle()
#52 /home/sufocani/www/app.arssporttraining.ch/vendor/laravel/framework/src/Illuminate/Http/Middleware/HandleCors.php(61): Illuminate\\Pipeline\\Pipeline->{closure:{closure:Illuminate\\Pipeline\\Pipeline::carry():194}:195}()
#53 /home/sufocani/www/app.arssporttraining.ch/vendor/laravel/framework/src/Illuminate/Pipeline/Pipeline.php(219): Illuminate\\Http\\Middleware\\HandleCors->handle()
#54 /home/sufocani/www/app.arssporttraining.ch/vendor/laravel/framework/src/Illuminate/Http/Middleware/TrustProxies.php(58): Illuminate\\Pipeline\\Pipeline->{closure:{closure:Illuminate\\Pipeline\\Pipeline::carry():194}:195}()
#55 /home/sufocani/www/app.arssporttraining.ch/vendor/laravel/framework/src/Illuminate/Pipeline/Pipeline.php(219): Illuminate\\Http\\Middleware\\TrustProxies->handle()
#56 /home/sufocani/www/app.arssporttraining.ch/vendor/laravel/framework/src/Illuminate/Foundation/Http/Middleware/InvokeDeferredCallbacks.php(22): Illuminate\\Pipeline\\Pipeline->{closure:{closure:Illuminate\\Pipeline\\Pipeline::carry():194}:195}()
#57 /home/sufocani/www/app.arssporttraining.ch/vendor/laravel/framework/src/Illuminate/Pipeline/Pipeline.php(219): Illuminate\\Foundation\\Http\\Middleware\\InvokeDeferredCallbacks->handle()
#58 /home/sufocani/www/app.arssporttraining.ch/vendor/laravel/framework/src/Illuminate/Http/Middleware/ValidatePathEncoding.php(26): Illuminate\\Pipeline\\Pipeline->{closure:{closure:Illuminate\\Pipeline\\Pipeline::carry():194}:195}()
#59 /home/sufocani/www/app.arssporttraining.ch/vendor/laravel/framework/src/Illuminate/Pipeline/Pipeline.php(219): Illuminate\\Http\\Middleware\\ValidatePathEncoding->handle()
#60 /home/sufocani/www/app.arssporttraining.ch/vendor/laravel/framework/src/Illuminate/Pipeline/Pipeline.php(137): Illuminate\\Pipeline\\Pipeline->{closure:{closure:Illuminate\\Pipeline\\Pipeline::carry():194}:195}()
#61 /home/sufocani/www/app.arssporttraining.ch/vendor/laravel/framework/src/Illuminate/Foundation/Http/Kernel.php(175): Illuminate\\Pipeline\\Pipeline->then()
#62 /home/sufocani/www/app.arssporttraining.ch/vendor/laravel/framework/src/Illuminate/Foundation/Http/Kernel.php(144): Illuminate\\Foundation\\Http\\Kernel->sendRequestThroughRouter()
#63 /home/sufocani/www/app.arssporttraining.ch/vendor/laravel/framework/src/Illuminate/Foundation/Application.php(1220): Illuminate\\Foundation\\Http\\Kernel->handle()
#64 /home/sufocani/www/app.arssporttraining.ch/public/index.php(20): Illuminate\\Foundation\\Application->handleRequest()
#65 {main}
"} 
[2026-05-20 15:48:57] production.ERROR: Property [$weeks] not found on component: [training.view.program-editor] {"userId":3,"exception":"[object] (Livewire\\Exceptions\\PropertyNotFoundException(code: 0): Property [$weeks] not found on component: [training.view.program-editor] at /home/sufocani/www/app.arssporttraining.ch/vendor/livewire/livewire/src/Component.php:139)
[stacktrace]
#0 /home/sufocani/www/app.arssporttraining.ch/app/Livewire/Training/View/ProgramEditor.php(425): Livewire\\Component->__get()
#1 /home/sufocani/www/app.arssporttraining.ch/vendor/laravel/framework/src/Illuminate/Container/BoundMethod.php(36): App\\Livewire\\Training\\View\\ProgramEditor->updatedWeeks()
#2 /home/sufocani/www/app.arssporttraining.ch/vendor/laravel/framework/src/Illuminate/Container/Util.php(43): Illuminate\\Container\\BoundMethod::{closure:Illuminate\\Container\\BoundMethod::call():35}()
#3 /home/sufocani/www/app.arssporttraining.ch/vendor/laravel/framework/src/Illuminate/Container/BoundMethod.php(96): Illuminate\\Container\\Util::unwrapIfClosure()
#4 /home/sufocani/www/app.arssporttraining.ch/vendor/laravel/framework/src/Illuminate/Container/BoundMethod.php(35): Illuminate\\Container\\BoundMethod::callBoundMethod()
#5 /home/sufocani/www/app.arssporttraining.ch/vendor/livewire/livewire/src/Wrapped.php(23): Illuminate\\Container\\BoundMethod::call()
#6 /home/sufocani/www/app.arssporttraining.ch/vendor/livewire/livewire/src/Features/SupportLifecycleHooks/SupportLifecycleHooks.php(176): Livewire\\Wrapped->__call()
#7 /home/sufocani/www/app.arssporttraining.ch/vendor/livewire/livewire/src/Features/SupportLifecycleHooks/SupportLifecycleHooks.php(93): Livewire\\Features\\SupportLifecycleHooks\\SupportLifecycleHooks->callHook()
#8 /home/sufocani/www/app.arssporttraining.ch/vendor/livewire/livewire/src/ComponentHook.php(33): Livewire\\Features\\SupportLifecycleHooks\\SupportLifecycleHooks->{closure:Livewire\\Features\\SupportLifecycleHooks\\SupportLifecycleHooks::update():89}()
#9 /home/sufocani/www/app.arssporttraining.ch/vendor/livewire/livewire/src/ComponentHookRegistry.php(121): Livewire\\ComponentHook->{closure:Livewire\\ComponentHook::callUpdate():31}()
#10 /home/sufocani/www/app.arssporttraining.ch/vendor/livewire/livewire/src/EventBus.php(100): Livewire\\ComponentHookRegistry::{closure:{closure:Livewire\\ComponentHookRegistry::proxyCallToHooks():110}:119}()
#11 /home/sufocani/www/app.arssporttraining.ch/vendor/livewire/livewire/src/Mechanisms/HandleComponents/HandleComponents.php(487): Livewire\\EventBus->{closure:Livewire\\EventBus::trigger():94}()
#12 /home/sufocani/www/app.arssporttraining.ch/vendor/livewire/livewire/src/Mechanisms/HandleComponents/HandleComponents.php(237): Livewire\\Mechanisms\\HandleComponents\\HandleComponents->updateProperties()
#13 /home/sufocani/www/app.arssporttraining.ch/vendor/livewire/livewire/src/LivewireManager.php(131): Livewire\\Mechanisms\\HandleComponents\\HandleComponents->update()
#14 /home/sufocani/www/app.arssporttraining.ch/vendor/livewire/livewire/src/Mechanisms/HandleRequests/HandleRequests.php(190): Livewire\\LivewireManager->update()
#15 /home/sufocani/www/app.arssporttraining.ch/vendor/laravel/framework/src/Illuminate/Routing/ControllerDispatcher.php(46): Livewire\\Mechanisms\\HandleRequests\\HandleRequests->handleUpdate()
#16 /home/sufocani/www/app.arssporttraining.ch/vendor/laravel/framework/src/Illuminate/Routing/Route.php(265): Illuminate\\Routing\\ControllerDispatcher->dispatch()
#17 /home/sufocani/www/app.arssporttraining.ch/vendor/laravel/framework/src/Illuminate/Routing/Route.php(211): Illuminate\\Routing\\Route->runController()
#18 /home/sufocani/www/app.arssporttraining.ch/vendor/laravel/framework/src/Illuminate/Routing/Router.php(822): Illuminate\\Routing\\Route->run()
#19 /home/sufocani/www/app.arssporttraining.ch/vendor/laravel/framework/src/Illuminate/Pipeline/Pipeline.php(180): Illuminate\\Routing\\Router->{closure:Illuminate\\Routing\\Router::runRouteWithinStack():821}()
#20 /home/sufocani/www/app.arssporttraining.ch/vendor/livewire/livewire/src/Mechanisms/HandleRequests/RequireLivewireHeaders.php(19): Illuminate\\Pipeline\\Pipeline->{closure:Illuminate\\Pipeline\\Pipeline::prepareDestination():178}()
#21 /home/sufocani/www/app.arssporttraining.ch/vendor/laravel/framework/src/Illuminate/Pipeline/Pipeline.php(219): Livewire\\Mechanisms\\HandleRequests\\RequireLivewireHeaders->handle()
#22 /home/sufocani/www/app.arssporttraining.ch/vendor/barryvdh/laravel-debugbar/src/Middleware/InjectDebugbar.php(59): Illuminate\\Pipeline\\Pipeline->{closure:{closure:Illuminate\\Pipeline\\Pipeline::carry():194}:195}()
#23 /home/sufocani/www/app.arssporttraining.ch/vendor/laravel/framework/src/Illuminate/Pipeline/Pipeline.php(219): Barryvdh\\Debugbar\\Middleware\\InjectDebugbar->handle()
#24 /home/sufocani/www/app.arssporttraining.ch/vendor/laravel/framework/src/Illuminate/Routing/Middleware/SubstituteBindings.php(50): Illuminate\\Pipeline\\Pipeline->{closure:{closure:Illuminate\\Pipeline\\Pipeline::carry():194}:195}()
#25 /home/sufocani/www/app.arssporttraining.ch/vendor/laravel/framework/src/Illuminate/Pipeline/Pipeline.php(219): Illuminate\\Routing\\Middleware\\SubstituteBindings->handle()
#26 /home/sufocani/www/app.arssporttraining.ch/vendor/laravel/framework/src/Illuminate/Foundation/Http/Middleware/VerifyCsrfToken.php(87): Illuminate\\Pipeline\\Pipeline->{closure:{closure:Illuminate\\Pipeline\\Pipeline::carry():194}:195}()
#27 /home/sufocani/www/app.arssporttraining.ch/vendor/laravel/framework/src/Illuminate/Pipeline/Pipeline.php(219): Illuminate\\Foundation\\Http\\Middleware\\VerifyCsrfToken->handle()
#28 /home/sufocani/www/app.arssporttraining.ch/vendor/laravel/framework/src/Illuminate/View/Middleware/ShareErrorsFromSession.php(48): Illuminate\\Pipeline\\Pipeline->{closure:{closure:Illuminate\\Pipeline\\Pipeline::carry():194}:195}()
#29 /home/sufocani/www/app.arssporttraining.ch/vendor/laravel/framework/src/Illuminate/Pipeline/Pipeline.php(219): Illuminate\\View\\Middleware\\ShareErrorsFromSession->handle()
#30 /home/sufocani/www/app.arssporttraining.ch/vendor/laravel/framework/src/Illuminate/Session/Middleware/StartSession.php(120): Illuminate\\Pipeline\\Pipeline->{closure:{closure:Illuminate\\Pipeline\\Pipeline::carry():194}:195}()
#31 /home/sufocani/www/app.arssporttraining.ch/vendor/laravel/framework/src/Illuminate/Session/Middleware/StartSession.php(63): Illuminate\\Session\\Middleware\\StartSession->handleStatefulRequest()
#32 /home/sufocani/www/app.arssporttraining.ch/vendor/laravel/framework/src/Illuminate/Pipeline/Pipeline.php(219): Illuminate\\Session\\Middleware\\StartSession->handle()
#33 /home/sufocani/www/app.arssporttraining.ch/vendor/laravel/framework/src/Illuminate/Cookie/Middleware/AddQueuedCookiesToResponse.php(36): Illuminate\\Pipeline\\Pipeline->{closure:{closure:Illuminate\\Pipeline\\Pipeline::carry():194}:195}()
#34 /home/sufocani/www/app.arssporttraining.ch/vendor/laravel/framework/src/Illuminate/Pipeline/Pipeline.php(219): Illuminate\\Cookie\\Middleware\\AddQueuedCookiesToResponse->handle()
#35 /home/sufocani/www/app.arssporttraining.ch/vendor/laravel/framework/src/Illuminate/Cookie/Middleware/EncryptCookies.php(74): Illuminate\\Pipeline\\Pipeline->{closure:{closure:Illuminate\\Pipeline\\Pipeline::carry():194}:195}()
#36 /home/sufocani/www/app.arssporttraining.ch/vendor/laravel/framework/src/Illuminate/Pipeline/Pipeline.php(219): Illuminate\\Cookie\\Middleware\\EncryptCookies->handle()
#37 /home/sufocani/www/app.arssporttraining.ch/vendor/laravel/framework/src/Illuminate/Pipeline/Pipeline.php(137): Illuminate\\Pipeline\\Pipeline->{closure:{closure:Illuminate\\Pipeline\\Pipeline::carry():194}:195}()
#38 /home/sufocani/www/app.arssporttraining.ch/vendor/laravel/framework/src/Illuminate/Routing/Router.php(821): Illuminate\\Pipeline\\Pipeline->then()
#39 /home/sufocani/www/app.arssporttraining.ch/vendor/laravel/framework/src/Illuminate/Routing/Router.php(800): Illuminate\\Routing\\Router->runRouteWithinStack()
#40 /home/sufocani/www/app.arssporttraining.ch/vendor/laravel/framework/src/Illuminate/Routing/Router.php(764): Illuminate\\Routing\\Router->runRoute()
#41 /home/sufocani/www/app.arssporttraining.ch/vendor/laravel/framework/src/Illuminate/Routing/Router.php(753): Illuminate\\Routing\\Router->dispatchToRoute()
#42 /home/sufocani/www/app.arssporttraining.ch/vendor/laravel/framework/src/Illuminate/Foundation/Http/Kernel.php(200): Illuminate\\Routing\\Router->dispatch()
#43 /home/sufocani/www/app.arssporttraining.ch/vendor/laravel/framework/src/Illuminate/Pipeline/Pipeline.php(180): Illuminate\\Foundation\\Http\\Kernel->{closure:Illuminate\\Foundation\\Http\\Kernel::dispatchToRouter():197}()
#44 /home/sufocani/www/app.arssporttraining.ch/vendor/livewire/livewire/src/Features/SupportDisablingBackButtonCache/DisableBackButtonCacheMiddleware.php(19): Illuminate\\Pipeline\\Pipeline->{closure:Illuminate\\Pipeline\\Pipeline::prepareDestination():178}()
#45 /home/sufocani/www/app.arssporttraining.ch/vendor/laravel/framework/src/Illuminate/Pipeline/Pipeline.php(219): Livewire\\Features\\SupportDisablingBackButtonCache\\DisableBackButtonCacheMiddleware->handle()
#46 /home/sufocani/www/app.arssporttraining.ch/vendor/barryvdh/laravel-debugbar/src/Middleware/InjectDebugbar.php(59): Illuminate\\Pipeline\\Pipeline->{closure:{closure:Illuminate\\Pipeline\\Pipeline::carry():194}:195}()
#47 /home/sufocani/www/app.arssporttraining.ch/vendor/laravel/framework/src/Illuminate/Pipeline/Pipeline.php(219): Barryvdh\\Debugbar\\Middleware\\InjectDebugbar->handle()
#48 /home/sufocani/www/app.arssporttraining.ch/app/Http/Middleware/LogRequestTiming.php(14): Illuminate\\Pipeline\\Pipeline->{closure:{closure:Illuminate\\Pipeline\\Pipeline::carry():194}:195}()
#49 /home/sufocani/www/app.arssporttraining.ch/vendor/laravel/framework/src/Illuminate/Pipeline/Pipeline.php(219): App\\Http\\Middleware\\LogRequestTiming->handle()
#50 /home/sufocani/www/app.arssporttraining.ch/vendor/laravel/framework/src/Illuminate/Foundation/Http/Middleware/ConvertEmptyStringsToNull.php(27): Illuminate\\Pipeline\\Pipeline->{closure:{closure:Illuminate\\Pipeline\\Pipeline::carry():194}:195}()
#51 /home/sufocani/www/app.arssporttraining.ch/vendor/laravel/framework/src/Illuminate/Pipeline/Pipeline.php(219): Illuminate\\Foundation\\Http\\Middleware\\ConvertEmptyStringsToNull->handle()
#52 /home/sufocani/www/app.arssporttraining.ch/vendor/laravel/framework/src/Illuminate/Foundation/Http/Middleware/TrimStrings.php(47): Illuminate\\Pipeline\\Pipeline->{closure:{closure:Illuminate\\Pipeline\\Pipeline::carry():194}:195}()
#53 /home/sufocani/www/app.arssporttraining.ch/vendor/laravel/framework/src/Illuminate/Pipeline/Pipeline.php(219): Illuminate\\Foundation\\Http\\Middleware\\TrimStrings->handle()
#54 /home/sufocani/www/app.arssporttraining.ch/vendor/laravel/framework/src/Illuminate/Http/Middleware/ValidatePostSize.php(27): Illuminate\\Pipeline\\Pipeline->{closure:{closure:Illuminate\\Pipeline\\Pipeline::carry():194}:195}()
#55 /home/sufocani/www/app.arssporttraining.ch/vendor/laravel/framework/src/Illuminate/Pipeline/Pipeline.php(219): Illuminate\\Http\\Middleware\\ValidatePostSize->handle()
#56 /home/sufocani/www/app.arssporttraining.ch/vendor/laravel/framework/src/Illuminate/Foundation/Http/Middleware/PreventRequestsDuringMaintenance.php(109): Illuminate\\Pipeline\\Pipeline->{closure:{closure:Illuminate\\Pipeline\\Pipeline::carry():194}:195}()
#57 /home/sufocani/www/app.arssporttraining.ch/vendor/laravel/framework/src/Illuminate/Pipeline/Pipeline.php(219): Illuminate\\Foundation\\Http\\Middleware\\PreventRequestsDuringMaintenance->handle()
#58 /home/sufocani/www/app.arssporttraining.ch/vendor/laravel/framework/src/Illuminate/Http/Middleware/HandleCors.php(61): Illuminate\\Pipeline\\Pipeline->{closure:{closure:Illuminate\\Pipeline\\Pipeline::carry():194}:195}()
#59 /home/sufocani/www/app.arssporttraining.ch/vendor/laravel/framework/src/Illuminate/Pipeline/Pipeline.php(219): Illuminate\\Http\\Middleware\\HandleCors->handle()
#60 /home/sufocani/www/app.arssporttraining.ch/vendor/laravel/framework/src/Illuminate/Http/Middleware/TrustProxies.php(58): Illuminate\\Pipeline\\Pipeline->{closure:{closure:Illuminate\\Pipeline\\Pipeline::carry():194}:195}()
#61 /home/sufocani/www/app.arssporttraining.ch/vendor/laravel/framework/src/Illuminate/Pipeline/Pipeline.php(219): Illuminate\\Http\\Middleware\\TrustProxies->handle()
#62 /home/sufocani/www/app.arssporttraining.ch/vendor/laravel/framework/src/Illuminate/Foundation/Http/Middleware/InvokeDeferredCallbacks.php(22): Illuminate\\Pipeline\\Pipeline->{closure:{closure:Illuminate\\Pipeline\\Pipeline::carry():194}:195}()
#63 /home/sufocani/www/app.arssporttraining.ch/vendor/laravel/framework/src/Illuminate/Pipeline/Pipeline.php(219): Illuminate\\Foundation\\Http\\Middleware\\InvokeDeferredCallbacks->handle()
#64 /home/sufocani/www/app.arssporttraining.ch/vendor/laravel/framework/src/Illuminate/Http/Middleware/ValidatePathEncoding.php(26): Illuminate\\Pipeline\\Pipeline->{closure:{closure:Illuminate\\Pipeline\\Pipeline::carry():194}:195}()
#65 /home/sufocani/www/app.arssporttraining.ch/vendor/laravel/framework/src/Illuminate/Pipeline/Pipeline.php(219): Illuminate\\Http\\Middleware\\ValidatePathEncoding->handle()
#66 /home/sufocani/www/app.arssporttraining.ch/vendor/laravel/framework/src/Illuminate/Pipeline/Pipeline.php(137): Illuminate\\Pipeline\\Pipeline->{closure:{closure:Illuminate\\Pipeline\\Pipeline::carry():194}:195}()
#67 /home/sufocani/www/app.arssporttraining.ch/vendor/laravel/framework/src/Illuminate/Foundation/Http/Kernel.php(175): Illuminate\\Pipeline\\Pipeline->then()
#68 /home/sufocani/www/app.arssporttraining.ch/vendor/laravel/framework/src/Illuminate/Foundation/Http/Kernel.php(144): Illuminate\\Foundation\\Http\\Kernel->sendRequestThroughRouter()
#69 /home/sufocani/www/app.arssporttraining.ch/vendor/laravel/framework/src/Illuminate/Foundation/Application.php(1220): Illuminate\\Foundation\\Http\\Kernel->handle()
#70 /home/sufocani/www/app.arssporttraining.ch/public/index.php(20): Illuminate\\Foundation\\Application->handleRequest()
#71 {main}
"} 
[2026-05-20 15:48:58] production.ERROR: Property [$weeks] not found on component: [training.view.program-editor] {"userId":4,"exception":"[object] (Livewire\\Exceptions\\PropertyNotFoundException(code: 0): Property [$weeks] not found on component: [training.view.program-editor] at /home/sufocani/www/app.arssporttraining.ch/vendor/livewire/livewire/src/Component.php:139)
[stacktrace]
#0 /home/sufocani/www/app.arssporttraining.ch/app/Livewire/Training/View/ProgramEditor.php(425): Livewire\\Component->__get()
#1 /home/sufocani/www/app.arssporttraining.ch/vendor/laravel/framework/src/Illuminate/Container/BoundMethod.php(36): App\\Livewire\\Training\\View\\ProgramEditor->updatedWeeks()
#2 /home/sufocani/www/app.arssporttraining.ch/vendor/laravel/framework/src/Illuminate/Container/Util.php(43): Illuminate\\Container\\BoundMethod::{closure:Illuminate\\Container\\BoundMethod::call():35}()
#3 /home/sufocani/www/app.arssporttraining.ch/vendor/laravel/framework/src/Illuminate/Container/BoundMethod.php(96): Illuminate\\Container\\Util::unwrapIfClosure()
#4 /home/sufocani/www/app.arssporttraining.ch/vendor/laravel/framework/src/Illuminate/Container/BoundMethod.php(35): Illuminate\\Container\\BoundMethod::callBoundMethod()
#5 /home/sufocani/www/app.arssporttraining.ch/vendor/livewire/livewire/src/Wrapped.php(23): Illuminate\\Container\\BoundMethod::call()
#6 /home/sufocani/www/app.arssporttraining.ch/vendor/livewire/livewire/src/Features/SupportLifecycleHooks/SupportLifecycleHooks.php(176): Livewire\\Wrapped->__call()
#7 /home/sufocani/www/app.arssporttraining.ch/vendor/livewire/livewire/src/Features/SupportLifecycleHooks/SupportLifecycleHooks.php(93): Livewire\\Features\\SupportLifecycleHooks\\SupportLifecycleHooks->callHook()
#8 /home/sufocani/www/app.arssporttraining.ch/vendor/livewire/livewire/src/ComponentHook.php(33): Livewire\\Features\\SupportLifecycleHooks\\SupportLifecycleHooks->{closure:Livewire\\Features\\SupportLifecycleHooks\\SupportLifecycleHooks::update():89}()
#9 /home/sufocani/www/app.arssporttraining.ch/vendor/livewire/livewire/src/ComponentHookRegistry.php(121): Livewire\\ComponentHook->{closure:Livewire\\ComponentHook::callUpdate():31}()
#10 /home/sufocani/www/app.arssporttraining.ch/vendor/livewire/livewire/src/EventBus.php(100): Livewire\\ComponentHookRegistry::{closure:{closure:Livewire\\ComponentHookRegistry::proxyCallToHooks():110}:119}()
#11 /home/sufocani/www/app.arssporttraining.ch/vendor/livewire/livewire/src/Mechanisms/HandleComponents/HandleComponents.php(487): Livewire\\EventBus->{closure:Livewire\\EventBus::trigger():94}()
#12 /home/sufocani/www/app.arssporttraining.ch/vendor/livewire/livewire/src/Mechanisms/HandleComponents/HandleComponents.php(237): Livewire\\Mechanisms\\HandleComponents\\HandleComponents->updateProperties()
#13 /home/sufocani/www/app.arssporttraining.ch/vendor/livewire/livewire/src/LivewireManager.php(131): Livewire\\Mechanisms\\HandleComponents\\HandleComponents->update()
#14 /home/sufocani/www/app.arssporttraining.ch/vendor/livewire/livewire/src/Mechanisms/HandleRequests/HandleRequests.php(190): Livewire\\LivewireManager->update()
#15 /home/sufocani/www/app.arssporttraining.ch/vendor/laravel/framework/src/Illuminate/Routing/ControllerDispatcher.php(46): Livewire\\Mechanisms\\HandleRequests\\HandleRequests->handleUpdate()
#16 /home/sufocani/www/app.arssporttraining.ch/vendor/laravel/framework/src/Illuminate/Routing/Route.php(265): Illuminate\\Routing\\ControllerDispatcher->dispatch()
#17 /home/sufocani/www/app.arssporttraining.ch/vendor/laravel/framework/src/Illuminate/Routing/Route.php(211): Illuminate\\Routing\\Route->runController()
#18 /home/sufocani/www/app.arssporttraining.ch/vendor/laravel/framework/src/Illuminate/Routing/Router.php(822): Illuminate\\Routing\\Route->run()
#19 /home/sufocani/www/app.arssporttraining.ch/vendor/laravel/framework/src/Illuminate/Pipeline/Pipeline.php(180): Illuminate\\Routing\\Router->{closure:Illuminate\\Routing\\Router::runRouteWithinStack():821}()
#20 /home/sufocani/www/app.arssporttraining.ch/vendor/livewire/livewire/src/Mechanisms/HandleRequests/RequireLivewireHeaders.php(19): Illuminate\\Pipeline\\Pipeline->{closure:Illuminate\\Pipeline\\Pipeline::prepareDestination():178}()
#21 /home/sufocani/www/app.arssporttraining.ch/vendor/laravel/framework/src/Illuminate/Pipeline/Pipeline.php(219): Livewire\\Mechanisms\\HandleRequests\\RequireLivewireHeaders->handle()
#22 /home/sufocani/www/app.arssporttraining.ch/vendor/barryvdh/laravel-debugbar/src/Middleware/InjectDebugbar.php(59): Illuminate\\Pipeline\\Pipeline->{closure:{closure:Illuminate\\Pipeline\\Pipeline::carry():194}:195}()
#23 /home/sufocani/www/app.arssporttraining.ch/vendor/laravel/framework/src/Illuminate/Pipeline/Pipeline.php(219): Barryvdh\\Debugbar\\Middleware\\InjectDebugbar->handle()
#24 /home/sufocani/www/app.arssporttraining.ch/vendor/laravel/framework/src/Illuminate/Routing/Middleware/SubstituteBindings.php(50): Illuminate\\Pipeline\\Pipeline->{closure:{closure:Illuminate\\Pipeline\\Pipeline::carry():194}:195}()
#25 /home/sufocani/www/app.arssporttraining.ch/vendor/laravel/framework/src/Illuminate/Pipeline/Pipeline.php(219): Illuminate\\Routing\\Middleware\\SubstituteBindings->handle()
#26 /home/sufocani/www/app.arssporttraining.ch/vendor/laravel/framework/src/Illuminate/Foundation/Http/Middleware/VerifyCsrfToken.php(87): Illuminate\\Pipeline\\Pipeline->{closure:{closure:Illuminate\\Pipeline\\Pipeline::carry():194}:195}()
#27 /home/sufocani/www/app.arssporttraining.ch/vendor/laravel/framework/src/Illuminate/Pipeline/Pipeline.php(219): Illuminate\\Foundation\\Http\\Middleware\\VerifyCsrfToken->handle()
#28 /home/sufocani/www/app.arssporttraining.ch/vendor/laravel/framework/src/Illuminate/View/Middleware/ShareErrorsFromSession.php(48): Illuminate\\Pipeline\\Pipeline->{closure:{closure:Illuminate\\Pipeline\\Pipeline::carry():194}:195}()
#29 /home/sufocani/www/app.arssporttraining.ch/vendor/laravel/framework/src/Illuminate/Pipeline/Pipeline.php(219): Illuminate\\View\\Middleware\\ShareErrorsFromSession->handle()
#30 /home/sufocani/www/app.arssporttraining.ch/vendor/laravel/framework/src/Illuminate/Session/Middleware/StartSession.php(120): Illuminate\\Pipeline\\Pipeline->{closure:{closure:Illuminate\\Pipeline\\Pipeline::carry():194}:195}()
#31 /home/sufocani/www/app.arssporttraining.ch/vendor/laravel/framework/src/Illuminate/Session/Middleware/StartSession.php(63): Illuminate\\Session\\Middleware\\StartSession->handleStatefulRequest()
#32 /home/sufocani/www/app.arssporttraining.ch/vendor/laravel/framework/src/Illuminate/Pipeline/Pipeline.php(219): Illuminate\\Session\\Middleware\\StartSession->handle()
#33 /home/sufocani/www/app.arssporttraining.ch/vendor/laravel/framework/src/Illuminate/Cookie/Middleware/AddQueuedCookiesToResponse.php(36): Illuminate\\Pipeline\\Pipeline->{closure:{closure:Illuminate\\Pipeline\\Pipeline::carry():194}:195}()
#34 /home/sufocani/www/app.arssporttraining.ch/vendor/laravel/framework/src/Illuminate/Pipeline/Pipeline.php(219): Illuminate\\Cookie\\Middleware\\AddQueuedCookiesToResponse->handle()
#35 /home/sufocani/www/app.arssporttraining.ch/vendor/laravel/framework/src/Illuminate/Cookie/Middleware/EncryptCookies.php(74): Illuminate\\Pipeline\\Pipeline->{closure:{closure:Illuminate\\Pipeline\\Pipeline::carry():194}:195}()
#36 /home/sufocani/www/app.arssporttraining.ch/vendor/laravel/framework/src/Illuminate/Pipeline/Pipeline.php(219): Illuminate\\Cookie\\Middleware\\EncryptCookies->handle()
#37 /home/sufocani/www/app.arssporttraining.ch/vendor/laravel/framework/src/Illuminate/Pipeline/Pipeline.php(137): Illuminate\\Pipeline\\Pipeline->{closure:{closure:Illuminate\\Pipeline\\Pipeline::carry():194}:195}()
#38 /home/sufocani/www/app.arssporttraining.ch/vendor/laravel/framework/src/Illuminate/Routing/Router.php(821): Illuminate\\Pipeline\\Pipeline->then()
#39 /home/sufocani/www/app.arssporttraining.ch/vendor/laravel/framework/src/Illuminate/Routing/Router.php(800): Illuminate\\Routing\\Router->runRouteWithinStack()
#40 /home/sufocani/www/app.arssporttraining.ch/vendor/laravel/framework/src/Illuminate/Routing/Router.php(764): Illuminate\\Routing\\Router->runRoute()
#41 /home/sufocani/www/app.arssporttraining.ch/vendor/laravel/framework/src/Illuminate/Routing/Router.php(753): Illuminate\\Routing\\Router->dispatchToRoute()
#42 /home/sufocani/www/app.arssporttraining.ch/vendor/laravel/framework/src/Illuminate/Foundation/Http/Kernel.php(200): Illuminate\\Routing\\Router->dispatch()
#43 /home/sufocani/www/app.arssporttraining.ch/vendor/laravel/framework/src/Illuminate/Pipeline/Pipeline.php(180): Illuminate\\Foundation\\Http\\Kernel->{closure:Illuminate\\Foundation\\Http\\Kernel::dispatchToRouter():197}()
#44 /home/sufocani/www/app.arssporttraining.ch/vendor/livewire/livewire/src/Features/SupportDisablingBackButtonCache/DisableBackButtonCacheMiddleware.php(19): Illuminate\\Pipeline\\Pipeline->{closure:Illuminate\\Pipeline\\Pipeline::prepareDestination():178}()
#45 /home/sufocani/www/app.arssporttraining.ch/vendor/laravel/framework/src/Illuminate/Pipeline/Pipeline.php(219): Livewire\\Features\\SupportDisablingBackButtonCache\\DisableBackButtonCacheMiddleware->handle()
#46 /home/sufocani/www/app.arssporttraining.ch/vendor/barryvdh/laravel-debugbar/src/Middleware/InjectDebugbar.php(59): Illuminate\\Pipeline\\Pipeline->{closure:{closure:Illuminate\\Pipeline\\Pipeline::carry():194}:195}()
#47 /home/sufocani/www/app.arssporttraining.ch/vendor/laravel/framework/src/Illuminate/Pipeline/Pipeline.php(219): Barryvdh\\Debugbar\\Middleware\\InjectDebugbar->handle()
#48 /home/sufocani/www/app.arssporttraining.ch/app/Http/Middleware/LogRequestTiming.php(14): Illuminate\\Pipeline\\Pipeline->{closure:{closure:Illuminate\\Pipeline\\Pipeline::carry():194}:195}()
#49 /home/sufocani/www/app.arssporttraining.ch/vendor/laravel/framework/src/Illuminate/Pipeline/Pipeline.php(219): App\\Http\\Middleware\\LogRequestTiming->handle()
#50 /home/sufocani/www/app.arssporttraining.ch/vendor/laravel/framework/src/Illuminate/Foundation/Http/Middleware/ConvertEmptyStringsToNull.php(27): Illuminate\\Pipeline\\Pipeline->{closure:{closure:Illuminate\\Pipeline\\Pipeline::carry():194}:195}()
#51 /home/sufocani/www/app.arssporttraining.ch/vendor/laravel/framework/src/Illuminate/Pipeline/Pipeline.php(219): Illuminate\\Foundation\\Http\\Middleware\\ConvertEmptyStringsToNull->handle()
#52 /home/sufocani/www/app.arssporttraining.ch/vendor/laravel/framework/src/Illuminate/Foundation/Http/Middleware/TrimStrings.php(47): Illuminate\\Pipeline\\Pipeline->{closure:{closure:Illuminate\\Pipeline\\Pipeline::carry():194}:195}()
#53 /home/sufocani/www/app.arssporttraining.ch/vendor/laravel/framework/src/Illuminate/Pipeline/Pipeline.php(219): Illuminate\\Foundation\\Http\\Middleware\\TrimStrings->handle()
#54 /home/sufocani/www/app.arssporttraining.ch/vendor/laravel/framework/src/Illuminate/Http/Middleware/ValidatePostSize.php(27): Illuminate\\Pipeline\\Pipeline->{closure:{closure:Illuminate\\Pipeline\\Pipeline::carry():194}:195}()
#55 /home/sufocani/www/app.arssporttraining.ch/vendor/laravel/framework/src/Illuminate/Pipeline/Pipeline.php(219): Illuminate\\Http\\Middleware\\ValidatePostSize->handle()
#56 /home/sufocani/www/app.arssporttraining.ch/vendor/laravel/framework/src/Illuminate/Foundation/Http/Middleware/PreventRequestsDuringMaintenance.php(109): Illuminate\\Pipeline\\Pipeline->{closure:{closure:Illuminate\\Pipeline\\Pipeline::carry():194}:195}()
#57 /home/sufocani/www/app.arssporttraining.ch/vendor/laravel/framework/src/Illuminate/Pipeline/Pipeline.php(219): Illuminate\\Foundation\\Http\\Middleware\\PreventRequestsDuringMaintenance->handle()
#58 /home/sufocani/www/app.arssporttraining.ch/vendor/laravel/framework/src/Illuminate/Http/Middleware/HandleCors.php(61): Illuminate\\Pipeline\\Pipeline->{closure:{closure:Illuminate\\Pipeline\\Pipeline::carry():194}:195}()
#59 /home/sufocani/www/app.arssporttraining.ch/vendor/laravel/framework/src/Illuminate/Pipeline/Pipeline.php(219): Illuminate\\Http\\Middleware\\HandleCors->handle()
#60 /home/sufocani/www/app.arssporttraining.ch/vendor/laravel/framework/src/Illuminate/Http/Middleware/TrustProxies.php(58): Illuminate\\Pipeline\\Pipeline->{closure:{closure:Illuminate\\Pipeline\\Pipeline::carry():194}:195}()
#61 /home/sufocani/www/app.arssporttraining.ch/vendor/laravel/framework/src/Illuminate/Pipeline/Pipeline.php(219): Illuminate\\Http\\Middleware\\TrustProxies->handle()
#62 /home/sufocani/www/app.arssporttraining.ch/vendor/laravel/framework/src/Illuminate/Foundation/Http/Middleware/InvokeDeferredCallbacks.php(22): Illuminate\\Pipeline\\Pipeline->{closure:{closure:Illuminate\\Pipeline\\Pipeline::carry():194}:195}()
#63 /home/sufocani/www/app.arssporttraining.ch/vendor/laravel/framework/src/Illuminate/Pipeline/Pipeline.php(219): Illuminate\\Foundation\\Http\\Middleware\\InvokeDeferredCallbacks->handle()
#64 /home/sufocani/www/app.arssporttraining.ch/vendor/laravel/framework/src/Illuminate/Http/Middleware/ValidatePathEncoding.php(26): Illuminate\\Pipeline\\Pipeline->{closure:{closure:Illuminate\\Pipeline\\Pipeline::carry():194}:195}()
#65 /home/sufocani/www/app.arssporttraining.ch/vendor/laravel/framework/src/Illuminate/Pipeline/Pipeline.php(219): Illuminate\\Http\\Middleware\\ValidatePathEncoding->handle()
#66 /home/sufocani/www/app.arssporttraining.ch/vendor/laravel/framework/src/Illuminate/Pipeline/Pipeline.php(137): Illuminate\\Pipeline\\Pipeline->{closure:{closure:Illuminate\\Pipeline\\Pipeline::carry():194}:195}()
#67 /home/sufocani/www/app.arssporttraining.ch/vendor/laravel/framework/src/Illuminate/Foundation/Http/Kernel.php(175): Illuminate\\Pipeline\\Pipeline->then()
#68 /home/sufocani/www/app.arssporttraining.ch/vendor/laravel/framework/src/Illuminate/Foundation/Http/Kernel.php(144): Illuminate\\Foundation\\Http\\Kernel->sendRequestThroughRouter()
#69 /home/sufocani/www/app.arssporttraining.ch/vendor/laravel/framework/src/Illuminate/Foundation/Application.php(1220): Illuminate\\Foundation\\Http\\Kernel->handle()
#70 /home/sufocani/www/app.arssporttraining.ch/public/index.php(20): Illuminate\\Foundation\\Application->handleRequest()
#71 {main}
"} 
[2026-05-20 15:50:57] production.ERROR: Property [$weeks] not found on component: [training.view.program-editor] {"userId":4,"exception":"[object] (Livewire\\Exceptions\\PropertyNotFoundException(code: 0): Property [$weeks] not found on component: [training.view.program-editor] at /home/sufocani/www/app.arssporttraining.ch/vendor/livewire/livewire/src/Component.php:139)
[stacktrace]
#0 /home/sufocani/www/app.arssporttraining.ch/app/Livewire/Training/View/ProgramEditor.php(425): Livewire\\Component->__get()
#1 /home/sufocani/www/app.arssporttraining.ch/vendor/laravel/framework/src/Illuminate/Container/BoundMethod.php(36): App\\Livewire\\Training\\View\\ProgramEditor->updatedWeeks()
#2 /home/sufocani/www/app.arssporttraining.ch/vendor/laravel/framework/src/Illuminate/Container/Util.php(43): Illuminate\\Container\\BoundMethod::{closure:Illuminate\\Container\\BoundMethod::call():35}()
#3 /home/sufocani/www/app.arssporttraining.ch/vendor/laravel/framework/src/Illuminate/Container/BoundMethod.php(96): Illuminate\\Container\\Util::unwrapIfClosure()
#4 /home/sufocani/www/app.arssporttraining.ch/vendor/laravel/framework/src/Illuminate/Container/BoundMethod.php(35): Illuminate\\Container\\BoundMethod::callBoundMethod()
#5 /home/sufocani/www/app.arssporttraining.ch/vendor/livewire/livewire/src/Wrapped.php(23): Illuminate\\Container\\BoundMethod::call()
#6 /home/sufocani/www/app.arssporttraining.ch/vendor/livewire/livewire/src/Features/SupportLifecycleHooks/SupportLifecycleHooks.php(176): Livewire\\Wrapped->__call()
#7 /home/sufocani/www/app.arssporttraining.ch/vendor/livewire/livewire/src/Features/SupportLifecycleHooks/SupportLifecycleHooks.php(93): Livewire\\Features\\SupportLifecycleHooks\\SupportLifecycleHooks->callHook()
#8 /home/sufocani/www/app.arssporttraining.ch/vendor/livewire/livewire/src/ComponentHook.php(33): Livewire\\Features\\SupportLifecycleHooks\\SupportLifecycleHooks->{closure:Livewire\\Features\\SupportLifecycleHooks\\SupportLifecycleHooks::update():89}()
#9 /home/sufocani/www/app.arssporttraining.ch/vendor/livewire/livewire/src/ComponentHookRegistry.php(121): Livewire\\ComponentHook->{closure:Livewire\\ComponentHook::callUpdate():31}()
#10 /home/sufocani/www/app.arssporttraining.ch/vendor/livewire/livewire/src/EventBus.php(100): Livewire\\ComponentHookRegistry::{closure:{closure:Livewire\\ComponentHookRegistry::proxyCallToHooks():110}:119}()
#11 /home/sufocani/www/app.arssporttraining.ch/vendor/livewire/livewire/src/Mechanisms/HandleComponents/HandleComponents.php(487): Livewire\\EventBus->{closure:Livewire\\EventBus::trigger():94}()
#12 /home/sufocani/www/app.arssporttraining.ch/vendor/livewire/livewire/src/Mechanisms/HandleComponents/HandleComponents.php(237): Livewire\\Mechanisms\\HandleComponents\\HandleComponents->updateProperties()
#13 /home/sufocani/www/app.arssporttraining.ch/vendor/livewire/livewire/src/LivewireManager.php(131): Livewire\\Mechanisms\\HandleComponents\\HandleComponents->update()
#14 /home/sufocani/www/app.arssporttraining.ch/vendor/livewire/livewire/src/Mechanisms/HandleRequests/HandleRequests.php(190): Livewire\\LivewireManager->update()
#15 /home/sufocani/www/app.arssporttraining.ch/vendor/laravel/framework/src/Illuminate/Routing/ControllerDispatcher.php(46): Livewire\\Mechanisms\\HandleRequests\\HandleRequests->handleUpdate()
#16 /home/sufocani/www/app.arssporttraining.ch/vendor/laravel/framework/src/Illuminate/Routing/Route.php(265): Illuminate\\Routing\\ControllerDispatcher->dispatch()
#17 /home/sufocani/www/app.arssporttraining.ch/vendor/laravel/framework/src/Illuminate/Routing/Route.php(211): Illuminate\\Routing\\Route->runController()
#18 /home/sufocani/www/app.arssporttraining.ch/vendor/laravel/framework/src/Illuminate/Routing/Router.php(822): Illuminate\\Routing\\Route->run()
#19 /home/sufocani/www/app.arssporttraining.ch/vendor/laravel/framework/src/Illuminate/Pipeline/Pipeline.php(180): Illuminate\\Routing\\Router->{closure:Illuminate\\Routing\\Router::runRouteWithinStack():821}()
#20 /home/sufocani/www/app.arssporttraining.ch/vendor/livewire/livewire/src/Mechanisms/HandleRequests/RequireLivewireHeaders.php(19): Illuminate\\Pipeline\\Pipeline->{closure:Illuminate\\Pipeline\\Pipeline::prepareDestination():178}()
#21 /home/sufocani/www/app.arssporttraining.ch/vendor/laravel/framework/src/Illuminate/Pipeline/Pipeline.php(219): Livewire\\Mechanisms\\HandleRequests\\RequireLivewireHeaders->handle()
#22 /home/sufocani/www/app.arssporttraining.ch/vendor/barryvdh/laravel-debugbar/src/Middleware/InjectDebugbar.php(59): Illuminate\\Pipeline\\Pipeline->{closure:{closure:Illuminate\\Pipeline\\Pipeline::carry():194}:195}()
#23 /home/sufocani/www/app.arssporttraining.ch/vendor/laravel/framework/src/Illuminate/Pipeline/Pipeline.php(219): Barryvdh\\Debugbar\\Middleware\\InjectDebugbar->handle()
#24 /home/sufocani/www/app.arssporttraining.ch/vendor/laravel/framework/src/Illuminate/Routing/Middleware/SubstituteBindings.php(50): Illuminate\\Pipeline\\Pipeline->{closure:{closure:Illuminate\\Pipeline\\Pipeline::carry():194}:195}()
#25 /home/sufocani/www/app.arssporttraining.ch/vendor/laravel/framework/src/Illuminate/Pipeline/Pipeline.php(219): Illuminate\\Routing\\Middleware\\SubstituteBindings->handle()
#26 /home/sufocani/www/app.arssporttraining.ch/vendor/laravel/framework/src/Illuminate/Foundation/Http/Middleware/VerifyCsrfToken.php(87): Illuminate\\Pipeline\\Pipeline->{closure:{closure:Illuminate\\Pipeline\\Pipeline::carry():194}:195}()
#27 /home/sufocani/www/app.arssporttraining.ch/vendor/laravel/framework/src/Illuminate/Pipeline/Pipeline.php(219): Illuminate\\Foundation\\Http\\Middleware\\VerifyCsrfToken->handle()
#28 /home/sufocani/www/app.arssporttraining.ch/vendor/laravel/framework/src/Illuminate/View/Middleware/ShareErrorsFromSession.php(48): Illuminate\\Pipeline\\Pipeline->{closure:{closure:Illuminate\\Pipeline\\Pipeline::carry():194}:195}()
#29 /home/sufocani/www/app.arssporttraining.ch/vendor/laravel/framework/src/Illuminate/Pipeline/Pipeline.php(219): Illuminate\\View\\Middleware\\ShareErrorsFromSession->handle()
#30 /home/sufocani/www/app.arssporttraining.ch/vendor/laravel/framework/src/Illuminate/Session/Middleware/StartSession.php(120): Illuminate\\Pipeline\\Pipeline->{closure:{closure:Illuminate\\Pipeline\\Pipeline::carry():194}:195}()
#31 /home/sufocani/www/app.arssporttraining.ch/vendor/laravel/framework/src/Illuminate/Session/Middleware/StartSession.php(63): Illuminate\\Session\\Middleware\\StartSession->handleStatefulRequest()
#32 /home/sufocani/www/app.arssporttraining.ch/vendor/laravel/framework/src/Illuminate/Pipeline/Pipeline.php(219): Illuminate\\Session\\Middleware\\StartSession->handle()
#33 /home/sufocani/www/app.arssporttraining.ch/vendor/laravel/framework/src/Illuminate/Cookie/Middleware/AddQueuedCookiesToResponse.php(36): Illuminate\\Pipeline\\Pipeline->{closure:{closure:Illuminate\\Pipeline\\Pipeline::carry():194}:195}()
#34 /home/sufocani/www/app.arssporttraining.ch/vendor/laravel/framework/src/Illuminate/Pipeline/Pipeline.php(219): Illuminate\\Cookie\\Middleware\\AddQueuedCookiesToResponse->handle()
#35 /home/sufocani/www/app.arssporttraining.ch/vendor/laravel/framework/src/Illuminate/Cookie/Middleware/EncryptCookies.php(74): Illuminate\\Pipeline\\Pipeline->{closure:{closure:Illuminate\\Pipeline\\Pipeline::carry():194}:195}()
#36 /home/sufocani/www/app.arssporttraining.ch/vendor/laravel/framework/src/Illuminate/Pipeline/Pipeline.php(219): Illuminate\\Cookie\\Middleware\\EncryptCookies->handle()
#37 /home/sufocani/www/app.arssporttraining.ch/vendor/laravel/framework/src/Illuminate/Pipeline/Pipeline.php(137): Illuminate\\Pipeline\\Pipeline->{closure:{closure:Illuminate\\Pipeline\\Pipeline::carry():194}:195}()
#38 /home/sufocani/www/app.arssporttraining.ch/vendor/laravel/framework/src/Illuminate/Routing/Router.php(821): Illuminate\\Pipeline\\Pipeline->then()
#39 /home/sufocani/www/app.arssporttraining.ch/vendor/laravel/framework/src/Illuminate/Routing/Router.php(800): Illuminate\\Routing\\Router->runRouteWithinStack()
#40 /home/sufocani/www/app.arssporttraining.ch/vendor/laravel/framework/src/Illuminate/Routing/Router.php(764): Illuminate\\Routing\\Router->runRoute()
#41 /home/sufocani/www/app.arssporttraining.ch/vendor/laravel/framework/src/Illuminate/Routing/Router.php(753): Illuminate\\Routing\\Router->dispatchToRoute()
#42 /home/sufocani/www/app.arssporttraining.ch/vendor/laravel/framework/src/Illuminate/Foundation/Http/Kernel.php(200): Illuminate\\Routing\\Router->dispatch()
#43 /home/sufocani/www/app.arssporttraining.ch/vendor/laravel/framework/src/Illuminate/Pipeline/Pipeline.php(180): Illuminate\\Foundation\\Http\\Kernel->{closure:Illuminate\\Foundation\\Http\\Kernel::dispatchToRouter():197}()
#44 /home/sufocani/www/app.arssporttraining.ch/vendor/livewire/livewire/src/Features/SupportDisablingBackButtonCache/DisableBackButtonCacheMiddleware.php(19): Illuminate\\Pipeline\\Pipeline->{closure:Illuminate\\Pipeline\\Pipeline::prepareDestination():178}()
#45 /home/sufocani/www/app.arssporttraining.ch/vendor/laravel/framework/src/Illuminate/Pipeline/Pipeline.php(219): Livewire\\Features\\SupportDisablingBackButtonCache\\DisableBackButtonCacheMiddleware->handle()
#46 /home/sufocani/www/app.arssporttraining.ch/vendor/barryvdh/laravel-debugbar/src/Middleware/InjectDebugbar.php(59): Illuminate\\Pipeline\\Pipeline->{closure:{closure:Illuminate\\Pipeline\\Pipeline::carry():194}:195}()
#47 /home/sufocani/www/app.arssporttraining.ch/vendor/laravel/framework/src/Illuminate/Pipeline/Pipeline.php(219): Barryvdh\\Debugbar\\Middleware\\InjectDebugbar->handle()
#48 /home/sufocani/www/app.arssporttraining.ch/app/Http/Middleware/LogRequestTiming.php(14): Illuminate\\Pipeline\\Pipeline->{closure:{closure:Illuminate\\Pipeline\\Pipeline::carry():194}:195}()
#49 /home/sufocani/www/app.arssporttraining.ch/vendor/laravel/framework/src/Illuminate/Pipeline/Pipeline.php(219): App\\Http\\Middleware\\LogRequestTiming->handle()
#50 /home/sufocani/www/app.arssporttraining.ch/vendor/laravel/framework/src/Illuminate/Foundation/Http/Middleware/ConvertEmptyStringsToNull.php(27): Illuminate\\Pipeline\\Pipeline->{closure:{closure:Illuminate\\Pipeline\\Pipeline::carry():194}:195}()
#51 /home/sufocani/www/app.arssporttraining.ch/vendor/laravel/framework/src/Illuminate/Pipeline/Pipeline.php(219): Illuminate\\Foundation\\Http\\Middleware\\ConvertEmptyStringsToNull->handle()
#52 /home/sufocani/www/app.arssporttraining.ch/vendor/laravel/framework/src/Illuminate/Foundation/Http/Middleware/TrimStrings.php(47): Illuminate\\Pipeline\\Pipeline->{closure:{closure:Illuminate\\Pipeline\\Pipeline::carry():194}:195}()
#53 /home/sufocani/www/app.arssporttraining.ch/vendor/laravel/framework/src/Illuminate/Pipeline/Pipeline.php(219): Illuminate\\Foundation\\Http\\Middleware\\TrimStrings->handle()
#54 /home/sufocani/www/app.arssporttraining.ch/vendor/laravel/framework/src/Illuminate/Http/Middleware/ValidatePostSize.php(27): Illuminate\\Pipeline\\Pipeline->{closure:{closure:Illuminate\\Pipeline\\Pipeline::carry():194}:195}()
#55 /home/sufocani/www/app.arssporttraining.ch/vendor/laravel/framework/src/Illuminate/Pipeline/Pipeline.php(219): Illuminate\\Http\\Middleware\\ValidatePostSize->handle()
#56 /home/sufocani/www/app.arssporttraining.ch/vendor/laravel/framework/src/Illuminate/Foundation/Http/Middleware/PreventRequestsDuringMaintenance.php(109): Illuminate\\Pipeline\\Pipeline->{closure:{closure:Illuminate\\Pipeline\\Pipeline::carry():194}:195}()
#57 /home/sufocani/www/app.arssporttraining.ch/vendor/laravel/framework/src/Illuminate/Pipeline/Pipeline.php(219): Illuminate\\Foundation\\Http\\Middleware\\PreventRequestsDuringMaintenance->handle()
#58 /home/sufocani/www/app.arssporttraining.ch/vendor/laravel/framework/src/Illuminate/Http/Middleware/HandleCors.php(61): Illuminate\\Pipeline\\Pipeline->{closure:{closure:Illuminate\\Pipeline\\Pipeline::carry():194}:195}()
#59 /home/sufocani/www/app.arssporttraining.ch/vendor/laravel/framework/src/Illuminate/Pipeline/Pipeline.php(219): Illuminate\\Http\\Middleware\\HandleCors->handle()
#60 /home/sufocani/www/app.arssporttraining.ch/vendor/laravel/framework/src/Illuminate/Http/Middleware/TrustProxies.php(58): Illuminate\\Pipeline\\Pipeline->{closure:{closure:Illuminate\\Pipeline\\Pipeline::carry():194}:195}()
#61 /home/sufocani/www/app.arssporttraining.ch/vendor/laravel/framework/src/Illuminate/Pipeline/Pipeline.php(219): Illuminate\\Http\\Middleware\\TrustProxies->handle()
#62 /home/sufocani/www/app.arssporttraining.ch/vendor/laravel/framework/src/Illuminate/Foundation/Http/Middleware/InvokeDeferredCallbacks.php(22): Illuminate\\Pipeline\\Pipeline->{closure:{closure:Illuminate\\Pipeline\\Pipeline::carry():194}:195}()
#63 /home/sufocani/www/app.arssporttraining.ch/vendor/laravel/framework/src/Illuminate/Pipeline/Pipeline.php(219): Illuminate\\Foundation\\Http\\Middleware\\InvokeDeferredCallbacks->handle()
#64 /home/sufocani/www/app.arssporttraining.ch/vendor/laravel/framework/src/Illuminate/Http/Middleware/ValidatePathEncoding.php(26): Illuminate\\Pipeline\\Pipeline->{closure:{closure:Illuminate\\Pipeline\\Pipeline::carry():194}:195}()
#65 /home/sufocani/www/app.arssporttraining.ch/vendor/laravel/framework/src/Illuminate/Pipeline/Pipeline.php(219): Illuminate\\Http\\Middleware\\ValidatePathEncoding->handle()
#66 /home/sufocani/www/app.arssporttraining.ch/vendor/laravel/framework/src/Illuminate/Pipeline/Pipeline.php(137): Illuminate\\Pipeline\\Pipeline->{closure:{closure:Illuminate\\Pipeline\\Pipeline::carry():194}:195}()
#67 /home/sufocani/www/app.arssporttraining.ch/vendor/laravel/framework/src/Illuminate/Foundation/Http/Kernel.php(175): Illuminate\\Pipeline\\Pipeline->then()
#68 /home/sufocani/www/app.arssporttraining.ch/vendor/laravel/framework/src/Illuminate/Foundation/Http/Kernel.php(144): Illuminate\\Foundation\\Http\\Kernel->sendRequestThroughRouter()
#69 /home/sufocani/www/app.arssporttraining.ch/vendor/laravel/framework/src/Illuminate/Foundation/Application.php(1220): Illuminate\\Foundation\\Http\\Kernel->handle()
#70 /home/sufocani/www/app.arssporttraining.ch/public/index.php(20): Illuminate\\Foundation\\Application->handleRequest()
#71 {main}
"} 
[2026-05-21 12:11:16] production.ERROR: Property [$weeks] not found on component: [training.view.program-editor] {"userId":3,"exception":"[object] (Livewire\\Exceptions\\PropertyNotFoundException(code: 0): Property [$weeks] not found on component: [training.view.program-editor] at /home/sufocani/www/app.arssporttraining.ch/vendor/livewire/livewire/src/Component.php:139)
[stacktrace]
#0 /home/sufocani/www/app.arssporttraining.ch/app/Livewire/Training/View/ProgramEditor.php(426): Livewire\\Component->__get()
#1 /home/sufocani/www/app.arssporttraining.ch/vendor/laravel/framework/src/Illuminate/Container/BoundMethod.php(36): App\\Livewire\\Training\\View\\ProgramEditor->updatedWeeks()
#2 /home/sufocani/www/app.arssporttraining.ch/vendor/laravel/framework/src/Illuminate/Container/Util.php(43): Illuminate\\Container\\BoundMethod::{closure:Illuminate\\Container\\BoundMethod::call():35}()
#3 /home/sufocani/www/app.arssporttraining.ch/vendor/laravel/framework/src/Illuminate/Container/BoundMethod.php(96): Illuminate\\Container\\Util::unwrapIfClosure()
#4 /home/sufocani/www/app.arssporttraining.ch/vendor/laravel/framework/src/Illuminate/Container/BoundMethod.php(35): Illuminate\\Container\\BoundMethod::callBoundMethod()
#5 /home/sufocani/www/app.arssporttraining.ch/vendor/livewire/livewire/src/Wrapped.php(23): Illuminate\\Container\\BoundMethod::call()
#6 /home/sufocani/www/app.arssporttraining.ch/vendor/livewire/livewire/src/Features/SupportLifecycleHooks/SupportLifecycleHooks.php(176): Livewire\\Wrapped->__call()
#7 /home/sufocani/www/app.arssporttraining.ch/vendor/livewire/livewire/src/Features/SupportLifecycleHooks/SupportLifecycleHooks.php(93): Livewire\\Features\\SupportLifecycleHooks\\SupportLifecycleHooks->callHook()
#8 /home/sufocani/www/app.arssporttraining.ch/vendor/livewire/livewire/src/ComponentHook.php(33): Livewire\\Features\\SupportLifecycleHooks\\SupportLifecycleHooks->{closure:Livewire\\Features\\SupportLifecycleHooks\\SupportLifecycleHooks::update():89}()
#9 /home/sufocani/www/app.arssporttraining.ch/vendor/livewire/livewire/src/ComponentHookRegistry.php(121): Livewire\\ComponentHook->{closure:Livewire\\ComponentHook::callUpdate():31}()
#10 /home/sufocani/www/app.arssporttraining.ch/vendor/livewire/livewire/src/EventBus.php(100): Livewire\\ComponentHookRegistry::{closure:{closure:Livewire\\ComponentHookRegistry::proxyCallToHooks():110}:119}()
#11 /home/sufocani/www/app.arssporttraining.ch/vendor/livewire/livewire/src/Mechanisms/HandleComponents/HandleComponents.php(487): Livewire\\EventBus->{closure:Livewire\\EventBus::trigger():94}()
#12 /home/sufocani/www/app.arssporttraining.ch/vendor/livewire/livewire/src/Mechanisms/HandleComponents/HandleComponents.php(237): Livewire\\Mechanisms\\HandleComponents\\HandleComponents->updateProperties()
#13 /home/sufocani/www/app.arssporttraining.ch/vendor/livewire/livewire/src/LivewireManager.php(131): Livewire\\Mechanisms\\HandleComponents\\HandleComponents->update()
#14 /home/sufocani/www/app.arssporttraining.ch/vendor/livewire/livewire/src/Mechanisms/HandleRequests/HandleRequests.php(190): Livewire\\LivewireManager->update()
#15 /home/sufocani/www/app.arssporttraining.ch/vendor/laravel/framework/src/Illuminate/Routing/ControllerDispatcher.php(46): Livewire\\Mechanisms\\HandleRequests\\HandleRequests->handleUpdate()
#16 /home/sufocani/www/app.arssporttraining.ch/vendor/laravel/framework/src/Illuminate/Routing/Route.php(265): Illuminate\\Routing\\ControllerDispatcher->dispatch()
#17 /home/sufocani/www/app.arssporttraining.ch/vendor/laravel/framework/src/Illuminate/Routing/Route.php(211): Illuminate\\Routing\\Route->runController()
#18 /home/sufocani/www/app.arssporttraining.ch/vendor/laravel/framework/src/Illuminate/Routing/Router.php(822): Illuminate\\Routing\\Route->run()
#19 /home/sufocani/www/app.arssporttraining.ch/vendor/laravel/framework/src/Illuminate/Pipeline/Pipeline.php(180): Illuminate\\Routing\\Router->{closure:Illuminate\\Routing\\Router::runRouteWithinStack():821}()
#20 /home/sufocani/www/app.arssporttraining.ch/vendor/livewire/livewire/src/Mechanisms/HandleRequests/RequireLivewireHeaders.php(19): Illuminate\\Pipeline\\Pipeline->{closure:Illuminate\\Pipeline\\Pipeline::prepareDestination():178}()
#21 /home/sufocani/www/app.arssporttraining.ch/vendor/laravel/framework/src/Illuminate/Pipeline/Pipeline.php(219): Livewire\\Mechanisms\\HandleRequests\\RequireLivewireHeaders->handle()
#22 /home/sufocani/www/app.arssporttraining.ch/vendor/barryvdh/laravel-debugbar/src/Middleware/InjectDebugbar.php(59): Illuminate\\Pipeline\\Pipeline->{closure:{closure:Illuminate\\Pipeline\\Pipeline::carry():194}:195}()
#23 /home/sufocani/www/app.arssporttraining.ch/vendor/laravel/framework/src/Illuminate/Pipeline/Pipeline.php(219): Barryvdh\\Debugbar\\Middleware\\InjectDebugbar->handle()
#24 /home/sufocani/www/app.arssporttraining.ch/vendor/laravel/framework/src/Illuminate/Routing/Middleware/SubstituteBindings.php(50): Illuminate\\Pipeline\\Pipeline->{closure:{closure:Illuminate\\Pipeline\\Pipeline::carry():194}:195}()
#25 /home/sufocani/www/app.arssporttraining.ch/vendor/laravel/framework/src/Illuminate/Pipeline/Pipeline.php(219): Illuminate\\Routing\\Middleware\\SubstituteBindings->handle()
#26 /home/sufocani/www/app.arssporttraining.ch/vendor/laravel/framework/src/Illuminate/Foundation/Http/Middleware/VerifyCsrfToken.php(87): Illuminate\\Pipeline\\Pipeline->{closure:{closure:Illuminate\\Pipeline\\Pipeline::carry():194}:195}()
#27 /home/sufocani/www/app.arssporttraining.ch/vendor/laravel/framework/src/Illuminate/Pipeline/Pipeline.php(219): Illuminate\\Foundation\\Http\\Middleware\\VerifyCsrfToken->handle()
#28 /home/sufocani/www/app.arssporttraining.ch/vendor/laravel/framework/src/Illuminate/View/Middleware/ShareErrorsFromSession.php(48): Illuminate\\Pipeline\\Pipeline->{closure:{closure:Illuminate\\Pipeline\\Pipeline::carry():194}:195}()
#29 /home/sufocani/www/app.arssporttraining.ch/vendor/laravel/framework/src/Illuminate/Pipeline/Pipeline.php(219): Illuminate\\View\\Middleware\\ShareErrorsFromSession->handle()
#30 /home/sufocani/www/app.arssporttraining.ch/vendor/laravel/framework/src/Illuminate/Session/Middleware/StartSession.php(120): Illuminate\\Pipeline\\Pipeline->{closure:{closure:Illuminate\\Pipeline\\Pipeline::carry():194}:195}()
#31 /home/sufocani/www/app.arssporttraining.ch/vendor/laravel/framework/src/Illuminate/Session/Middleware/StartSession.php(63): Illuminate\\Session\\Middleware\\StartSession->handleStatefulRequest()
#32 /home/sufocani/www/app.arssporttraining.ch/vendor/laravel/framework/src/Illuminate/Pipeline/Pipeline.php(219): Illuminate\\Session\\Middleware\\StartSession->handle()
#33 /home/sufocani/www/app.arssporttraining.ch/vendor/laravel/framework/src/Illuminate/Cookie/Middleware/AddQueuedCookiesToResponse.php(36): Illuminate\\Pipeline\\Pipeline->{closure:{closure:Illuminate\\Pipeline\\Pipeline::carry():194}:195}()
#34 /home/sufocani/www/app.arssporttraining.ch/vendor/laravel/framework/src/Illuminate/Pipeline/Pipeline.php(219): Illuminate\\Cookie\\Middleware\\AddQueuedCookiesToResponse->handle()
#35 /home/sufocani/www/app.arssporttraining.ch/vendor/laravel/framework/src/Illuminate/Cookie/Middleware/EncryptCookies.php(74): Illuminate\\Pipeline\\Pipeline->{closure:{closure:Illuminate\\Pipeline\\Pipeline::carry():194}:195}()
#36 /home/sufocani/www/app.arssporttraining.ch/vendor/laravel/framework/src/Illuminate/Pipeline/Pipeline.php(219): Illuminate\\Cookie\\Middleware\\EncryptCookies->handle()
#37 /home/sufocani/www/app.arssporttraining.ch/vendor/laravel/framework/src/Illuminate/Pipeline/Pipeline.php(137): Illuminate\\Pipeline\\Pipeline->{closure:{closure:Illuminate\\Pipeline\\Pipeline::carry():194}:195}()
#38 /home/sufocani/www/app.arssporttraining.ch/vendor/laravel/framework/src/Illuminate/Routing/Router.php(821): Illuminate\\Pipeline\\Pipeline->then()
#39 /home/sufocani/www/app.arssporttraining.ch/vendor/laravel/framework/src/Illuminate/Routing/Router.php(800): Illuminate\\Routing\\Router->runRouteWithinStack()
#40 /home/sufocani/www/app.arssporttraining.ch/vendor/laravel/framework/src/Illuminate/Routing/Router.php(764): Illuminate\\Routing\\Router->runRoute()
#41 /home/sufocani/www/app.arssporttraining.ch/vendor/laravel/framework/src/Illuminate/Routing/Router.php(753): Illuminate\\Routing\\Router->dispatchToRoute()
#42 /home/sufocani/www/app.arssporttraining.ch/vendor/laravel/framework/src/Illuminate/Foundation/Http/Kernel.php(200): Illuminate\\Routing\\Router->dispatch()
#43 /home/sufocani/www/app.arssporttraining.ch/vendor/laravel/framework/src/Illuminate/Pipeline/Pipeline.php(180): Illuminate\\Foundation\\Http\\Kernel->{closure:Illuminate\\Foundation\\Http\\Kernel::dispatchToRouter():197}()
#44 /home/sufocani/www/app.arssporttraining.ch/vendor/livewire/livewire/src/Features/SupportDisablingBackButtonCache/DisableBackButtonCacheMiddleware.php(19): Illuminate\\Pipeline\\Pipeline->{closure:Illuminate\\Pipeline\\Pipeline::prepareDestination():178}()
#45 /home/sufocani/www/app.arssporttraining.ch/vendor/laravel/framework/src/Illuminate/Pipeline/Pipeline.php(219): Livewire\\Features\\SupportDisablingBackButtonCache\\DisableBackButtonCacheMiddleware->handle()
#46 /home/sufocani/www/app.arssporttraining.ch/vendor/barryvdh/laravel-debugbar/src/Middleware/InjectDebugbar.php(59): Illuminate\\Pipeline\\Pipeline->{closure:{closure:Illuminate\\Pipeline\\Pipeline::carry():194}:195}()
#47 /home/sufocani/www/app.arssporttraining.ch/vendor/laravel/framework/src/Illuminate/Pipeline/Pipeline.php(219): Barryvdh\\Debugbar\\Middleware\\InjectDebugbar->handle()
#48 /home/sufocani/www/app.arssporttraining.ch/app/Http/Middleware/LogRequestTiming.php(14): Illuminate\\Pipeline\\Pipeline->{closure:{closure:Illuminate\\Pipeline\\Pipeline::carry():194}:195}()
#49 /home/sufocani/www/app.arssporttraining.ch/vendor/laravel/framework/src/Illuminate/Pipeline/Pipeline.php(219): App\\Http\\Middleware\\LogRequestTiming->handle()
#50 /home/sufocani/www/app.arssporttraining.ch/vendor/laravel/framework/src/Illuminate/Foundation/Http/Middleware/ConvertEmptyStringsToNull.php(27): Illuminate\\Pipeline\\Pipeline->{closure:{closure:Illuminate\\Pipeline\\Pipeline::carry():194}:195}()
#51 /home/sufocani/www/app.arssporttraining.ch/vendor/laravel/framework/src/Illuminate/Pipeline/Pipeline.php(219): Illuminate\\Foundation\\Http\\Middleware\\ConvertEmptyStringsToNull->handle()
#52 /home/sufocani/www/app.arssporttraining.ch/vendor/laravel/framework/src/Illuminate/Foundation/Http/Middleware/TrimStrings.php(47): Illuminate\\Pipeline\\Pipeline->{closure:{closure:Illuminate\\Pipeline\\Pipeline::carry():194}:195}()
#53 /home/sufocani/www/app.arssporttraining.ch/vendor/laravel/framework/src/Illuminate/Pipeline/Pipeline.php(219): Illuminate\\Foundation\\Http\\Middleware\\TrimStrings->handle()
#54 /home/sufocani/www/app.arssporttraining.ch/vendor/laravel/framework/src/Illuminate/Http/Middleware/ValidatePostSize.php(27): Illuminate\\Pipeline\\Pipeline->{closure:{closure:Illuminate\\Pipeline\\Pipeline::carry():194}:195}()
#55 /home/sufocani/www/app.arssporttraining.ch/vendor/laravel/framework/src/Illuminate/Pipeline/Pipeline.php(219): Illuminate\\Http\\Middleware\\ValidatePostSize->handle()
#56 /home/sufocani/www/app.arssporttraining.ch/vendor/laravel/framework/src/Illuminate/Foundation/Http/Middleware/PreventRequestsDuringMaintenance.php(109): Illuminate\\Pipeline\\Pipeline->{closure:{closure:Illuminate\\Pipeline\\Pipeline::carry():194}:195}()
#57 /home/sufocani/www/app.arssporttraining.ch/vendor/laravel/framework/src/Illuminate/Pipeline/Pipeline.php(219): Illuminate\\Foundation\\Http\\Middleware\\PreventRequestsDuringMaintenance->handle()
#58 /home/sufocani/www/app.arssporttraining.ch/vendor/laravel/framework/src/Illuminate/Http/Middleware/HandleCors.php(61): Illuminate\\Pipeline\\Pipeline->{closure:{closure:Illuminate\\Pipeline\\Pipeline::carry():194}:195}()
#59 /home/sufocani/www/app.arssporttraining.ch/vendor/laravel/framework/src/Illuminate/Pipeline/Pipeline.php(219): Illuminate\\Http\\Middleware\\HandleCors->handle()
#60 /home/sufocani/www/app.arssporttraining.ch/vendor/laravel/framework/src/Illuminate/Http/Middleware/TrustProxies.php(58): Illuminate\\Pipeline\\Pipeline->{closure:{closure:Illuminate\\Pipeline\\Pipeline::carry():194}:195}()
#61 /home/sufocani/www/app.arssporttraining.ch/vendor/laravel/framework/src/Illuminate/Pipeline/Pipeline.php(219): Illuminate\\Http\\Middleware\\TrustProxies->handle()
#62 /home/sufocani/www/app.arssporttraining.ch/vendor/laravel/framework/src/Illuminate/Foundation/Http/Middleware/InvokeDeferredCallbacks.php(22): Illuminate\\Pipeline\\Pipeline->{closure:{closure:Illuminate\\Pipeline\\Pipeline::carry():194}:195}()
#63 /home/sufocani/www/app.arssporttraining.ch/vendor/laravel/framework/src/Illuminate/Pipeline/Pipeline.php(219): Illuminate\\Foundation\\Http\\Middleware\\InvokeDeferredCallbacks->handle()
#64 /home/sufocani/www/app.arssporttraining.ch/vendor/laravel/framework/src/Illuminate/Http/Middleware/ValidatePathEncoding.php(26): Illuminate\\Pipeline\\Pipeline->{closure:{closure:Illuminate\\Pipeline\\Pipeline::carry():194}:195}()
#65 /home/sufocani/www/app.arssporttraining.ch/vendor/laravel/framework/src/Illuminate/Pipeline/Pipeline.php(219): Illuminate\\Http\\Middleware\\ValidatePathEncoding->handle()
#66 /home/sufocani/www/app.arssporttraining.ch/vendor/laravel/framework/src/Illuminate/Pipeline/Pipeline.php(137): Illuminate\\Pipeline\\Pipeline->{closure:{closure:Illuminate\\Pipeline\\Pipeline::carry():194}:195}()
#67 /home/sufocani/www/app.arssporttraining.ch/vendor/laravel/framework/src/Illuminate/Foundation/Http/Kernel.php(175): Illuminate\\Pipeline\\Pipeline->then()
#68 /home/sufocani/www/app.arssporttraining.ch/vendor/laravel/framework/src/Illuminate/Foundation/Http/Kernel.php(144): Illuminate\\Foundation\\Http\\Kernel->sendRequestThroughRouter()
#69 /home/sufocani/www/app.arssporttraining.ch/vendor/laravel/framework/src/Illuminate/Foundation/Application.php(1220): Illuminate\\Foundation\\Http\\Kernel->handle()
#70 /home/sufocani/www/app.arssporttraining.ch/public/index.php(20): Illuminate\\Foundation\\Application->handleRequest()
#71 {main}
"} 
[2026-05-25 19:10:39] production.ERROR: Property [$weeks] not found on component: [training.view.program-editor] {"userId":3,"exception":"[object] (Livewire\\Exceptions\\PropertyNotFoundException(code: 0): Property [$weeks] not found on component: [training.view.program-editor] at /home/sufocani/www/app.arssporttraining.ch/vendor/livewire/livewire/src/Component.php:139)
[stacktrace]
#0 /home/sufocani/www/app.arssporttraining.ch/app/Livewire/Training/View/ProgramEditor.php(426): Livewire\\Component->__get()
#1 /home/sufocani/www/app.arssporttraining.ch/vendor/laravel/framework/src/Illuminate/Container/BoundMethod.php(36): App\\Livewire\\Training\\View\\ProgramEditor->updatedWeeks()
#2 /home/sufocani/www/app.arssporttraining.ch/vendor/laravel/framework/src/Illuminate/Container/Util.php(43): Illuminate\\Container\\BoundMethod::{closure:Illuminate\\Container\\BoundMethod::call():35}()
#3 /home/sufocani/www/app.arssporttraining.ch/vendor/laravel/framework/src/Illuminate/Container/BoundMethod.php(96): Illuminate\\Container\\Util::unwrapIfClosure()
#4 /home/sufocani/www/app.arssporttraining.ch/vendor/laravel/framework/src/Illuminate/Container/BoundMethod.php(35): Illuminate\\Container\\BoundMethod::callBoundMethod()
#5 /home/sufocani/www/app.arssporttraining.ch/vendor/livewire/livewire/src/Wrapped.php(23): Illuminate\\Container\\BoundMethod::call()
#6 /home/sufocani/www/app.arssporttraining.ch/vendor/livewire/livewire/src/Features/SupportLifecycleHooks/SupportLifecycleHooks.php(176): Livewire\\Wrapped->__call()
#7 /home/sufocani/www/app.arssporttraining.ch/vendor/livewire/livewire/src/Features/SupportLifecycleHooks/SupportLifecycleHooks.php(93): Livewire\\Features\\SupportLifecycleHooks\\SupportLifecycleHooks->callHook()
#8 /home/sufocani/www/app.arssporttraining.ch/vendor/livewire/livewire/src/ComponentHook.php(33): Livewire\\Features\\SupportLifecycleHooks\\SupportLifecycleHooks->{closure:Livewire\\Features\\SupportLifecycleHooks\\SupportLifecycleHooks::update():89}()
#9 /home/sufocani/www/app.arssporttraining.ch/vendor/livewire/livewire/src/ComponentHookRegistry.php(121): Livewire\\ComponentHook->{closure:Livewire\\ComponentHook::callUpdate():31}()
#10 /home/sufocani/www/app.arssporttraining.ch/vendor/livewire/livewire/src/EventBus.php(100): Livewire\\ComponentHookRegistry::{closure:{closure:Livewire\\ComponentHookRegistry::proxyCallToHooks():110}:119}()
#11 /home/sufocani/www/app.arssporttraining.ch/vendor/livewire/livewire/src/Mechanisms/HandleComponents/HandleComponents.php(487): Livewire\\EventBus->{closure:Livewire\\EventBus::trigger():94}()
#12 /home/sufocani/www/app.arssporttraining.ch/vendor/livewire/livewire/src/Mechanisms/HandleComponents/HandleComponents.php(237): Livewire\\Mechanisms\\HandleComponents\\HandleComponents->updateProperties()
#13 /home/sufocani/www/app.arssporttraining.ch/vendor/livewire/livewire/src/LivewireManager.php(131): Livewire\\Mechanisms\\HandleComponents\\HandleComponents->update()
#14 /home/sufocani/www/app.arssporttraining.ch/vendor/livewire/livewire/src/Mechanisms/HandleRequests/HandleRequests.php(190): Livewire\\LivewireManager->update()
#15 /home/sufocani/www/app.arssporttraining.ch/vendor/laravel/framework/src/Illuminate/Routing/ControllerDispatcher.php(46): Livewire\\Mechanisms\\HandleRequests\\HandleRequests->handleUpdate()
#16 /home/sufocani/www/app.arssporttraining.ch/vendor/laravel/framework/src/Illuminate/Routing/Route.php(265): Illuminate\\Routing\\ControllerDispatcher->dispatch()
#17 /home/sufocani/www/app.arssporttraining.ch/vendor/laravel/framework/src/Illuminate/Routing/Route.php(211): Illuminate\\Routing\\Route->runController()
#18 /home/sufocani/www/app.arssporttraining.ch/vendor/laravel/framework/src/Illuminate/Routing/Router.php(822): Illuminate\\Routing\\Route->run()
#19 /home/sufocani/www/app.arssporttraining.ch/vendor/laravel/framework/src/Illuminate/Pipeline/Pipeline.php(180): Illuminate\\Routing\\Router->{closure:Illuminate\\Routing\\Router::runRouteWithinStack():821}()
#20 /home/sufocani/www/app.arssporttraining.ch/vendor/livewire/livewire/src/Mechanisms/HandleRequests/RequireLivewireHeaders.php(19): Illuminate\\Pipeline\\Pipeline->{closure:Illuminate\\Pipeline\\Pipeline::prepareDestination():178}()
#21 /home/sufocani/www/app.arssporttraining.ch/vendor/laravel/framework/src/Illuminate/Pipeline/Pipeline.php(219): Livewire\\Mechanisms\\HandleRequests\\RequireLivewireHeaders->handle()
#22 /home/sufocani/www/app.arssporttraining.ch/vendor/barryvdh/laravel-debugbar/src/Middleware/InjectDebugbar.php(59): Illuminate\\Pipeline\\Pipeline->{closure:{closure:Illuminate\\Pipeline\\Pipeline::carry():194}:195}()
#23 /home/sufocani/www/app.arssporttraining.ch/vendor/laravel/framework/src/Illuminate/Pipeline/Pipeline.php(219): Barryvdh\\Debugbar\\Middleware\\InjectDebugbar->handle()
#24 /home/sufocani/www/app.arssporttraining.ch/vendor/laravel/framework/src/Illuminate/Routing/Middleware/SubstituteBindings.php(50): Illuminate\\Pipeline\\Pipeline->{closure:{closure:Illuminate\\Pipeline\\Pipeline::carry():194}:195}()
#25 /home/sufocani/www/app.arssporttraining.ch/vendor/laravel/framework/src/Illuminate/Pipeline/Pipeline.php(219): Illuminate\\Routing\\Middleware\\SubstituteBindings->handle()
#26 /home/sufocani/www/app.arssporttraining.ch/vendor/laravel/framework/src/Illuminate/Foundation/Http/Middleware/VerifyCsrfToken.php(87): Illuminate\\Pipeline\\Pipeline->{closure:{closure:Illuminate\\Pipeline\\Pipeline::carry():194}:195}()
#27 /home/sufocani/www/app.arssporttraining.ch/vendor/laravel/framework/src/Illuminate/Pipeline/Pipeline.php(219): Illuminate\\Foundation\\Http\\Middleware\\VerifyCsrfToken->handle()
#28 /home/sufocani/www/app.arssporttraining.ch/vendor/laravel/framework/src/Illuminate/View/Middleware/ShareErrorsFromSession.php(48): Illuminate\\Pipeline\\Pipeline->{closure:{closure:Illuminate\\Pipeline\\Pipeline::carry():194}:195}()
#29 /home/sufocani/www/app.arssporttraining.ch/vendor/laravel/framework/src/Illuminate/Pipeline/Pipeline.php(219): Illuminate\\View\\Middleware\\ShareErrorsFromSession->handle()
#30 /home/sufocani/www/app.arssporttraining.ch/vendor/laravel/framework/src/Illuminate/Session/Middleware/StartSession.php(120): Illuminate\\Pipeline\\Pipeline->{closure:{closure:Illuminate\\Pipeline\\Pipeline::carry():194}:195}()
#31 /home/sufocani/www/app.arssporttraining.ch/vendor/laravel/framework/src/Illuminate/Session/Middleware/StartSession.php(63): Illuminate\\Session\\Middleware\\StartSession->handleStatefulRequest()
#32 /home/sufocani/www/app.arssporttraining.ch/vendor/laravel/framework/src/Illuminate/Pipeline/Pipeline.php(219): Illuminate\\Session\\Middleware\\StartSession->handle()
#33 /home/sufocani/www/app.arssporttraining.ch/vendor/laravel/framework/src/Illuminate/Cookie/Middleware/AddQueuedCookiesToResponse.php(36): Illuminate\\Pipeline\\Pipeline->{closure:{closure:Illuminate\\Pipeline\\Pipeline::carry():194}:195}()
#34 /home/sufocani/www/app.arssporttraining.ch/vendor/laravel/framework/src/Illuminate/Pipeline/Pipeline.php(219): Illuminate\\Cookie\\Middleware\\AddQueuedCookiesToResponse->handle()
#35 /home/sufocani/www/app.arssporttraining.ch/vendor/laravel/framework/src/Illuminate/Cookie/Middleware/EncryptCookies.php(74): Illuminate\\Pipeline\\Pipeline->{closure:{closure:Illuminate\\Pipeline\\Pipeline::carry():194}:195}()
#36 /home/sufocani/www/app.arssporttraining.ch/vendor/laravel/framework/src/Illuminate/Pipeline/Pipeline.php(219): Illuminate\\Cookie\\Middleware\\EncryptCookies->handle()
#37 /home/sufocani/www/app.arssporttraining.ch/vendor/laravel/framework/src/Illuminate/Pipeline/Pipeline.php(137): Illuminate\\Pipeline\\Pipeline->{closure:{closure:Illuminate\\Pipeline\\Pipeline::carry():194}:195}()
#38 /home/sufocani/www/app.arssporttraining.ch/vendor/laravel/framework/src/Illuminate/Routing/Router.php(821): Illuminate\\Pipeline\\Pipeline->then()
#39 /home/sufocani/www/app.arssporttraining.ch/vendor/laravel/framework/src/Illuminate/Routing/Router.php(800): Illuminate\\Routing\\Router->runRouteWithinStack()
#40 /home/sufocani/www/app.arssporttraining.ch/vendor/laravel/framework/src/Illuminate/Routing/Router.php(764): Illuminate\\Routing\\Router->runRoute()
#41 /home/sufocani/www/app.arssporttraining.ch/vendor/laravel/framework/src/Illuminate/Routing/Router.php(753): Illuminate\\Routing\\Router->dispatchToRoute()
#42 /home/sufocani/www/app.arssporttraining.ch/vendor/laravel/framework/src/Illuminate/Foundation/Http/Kernel.php(200): Illuminate\\Routing\\Router->dispatch()
#43 /home/sufocani/www/app.arssporttraining.ch/vendor/laravel/framework/src/Illuminate/Pipeline/Pipeline.php(180): Illuminate\\Foundation\\Http\\Kernel->{closure:Illuminate\\Foundation\\Http\\Kernel::dispatchToRouter():197}()
#44 /home/sufocani/www/app.arssporttraining.ch/vendor/livewire/livewire/src/Features/SupportDisablingBackButtonCache/DisableBackButtonCacheMiddleware.php(19): Illuminate\\Pipeline\\Pipeline->{closure:Illuminate\\Pipeline\\Pipeline::prepareDestination():178}()
#45 /home/sufocani/www/app.arssporttraining.ch/vendor/laravel/framework/src/Illuminate/Pipeline/Pipeline.php(219): Livewire\\Features\\SupportDisablingBackButtonCache\\DisableBackButtonCacheMiddleware->handle()
#46 /home/sufocani/www/app.arssporttraining.ch/vendor/barryvdh/laravel-debugbar/src/Middleware/InjectDebugbar.php(59): Illuminate\\Pipeline\\Pipeline->{closure:{closure:Illuminate\\Pipeline\\Pipeline::carry():194}:195}()
#47 /home/sufocani/www/app.arssporttraining.ch/vendor/laravel/framework/src/Illuminate/Pipeline/Pipeline.php(219): Barryvdh\\Debugbar\\Middleware\\InjectDebugbar->handle()
#48 /home/sufocani/www/app.arssporttraining.ch/app/Http/Middleware/LogRequestTiming.php(14): Illuminate\\Pipeline\\Pipeline->{closure:{closure:Illuminate\\Pipeline\\Pipeline::carry():194}:195}()
#49 /home/sufocani/www/app.arssporttraining.ch/vendor/laravel/framework/src/Illuminate/Pipeline/Pipeline.php(219): App\\Http\\Middleware\\LogRequestTiming->handle()
#50 /home/sufocani/www/app.arssporttraining.ch/vendor/laravel/framework/src/Illuminate/Foundation/Http/Middleware/ConvertEmptyStringsToNull.php(27): Illuminate\\Pipeline\\Pipeline->{closure:{closure:Illuminate\\Pipeline\\Pipeline::carry():194}:195}()
#51 /home/sufocani/www/app.arssporttraining.ch/vendor/laravel/framework/src/Illuminate/Pipeline/Pipeline.php(219): Illuminate\\Foundation\\Http\\Middleware\\ConvertEmptyStringsToNull->handle()
#52 /home/sufocani/www/app.arssporttraining.ch/vendor/laravel/framework/src/Illuminate/Foundation/Http/Middleware/TrimStrings.php(47): Illuminate\\Pipeline\\Pipeline->{closure:{closure:Illuminate\\Pipeline\\Pipeline::carry():194}:195}()
#53 /home/sufocani/www/app.arssporttraining.ch/vendor/laravel/framework/src/Illuminate/Pipeline/Pipeline.php(219): Illuminate\\Foundation\\Http\\Middleware\\TrimStrings->handle()
#54 /home/sufocani/www/app.arssporttraining.ch/vendor/laravel/framework/src/Illuminate/Http/Middleware/ValidatePostSize.php(27): Illuminate\\Pipeline\\Pipeline->{closure:{closure:Illuminate\\Pipeline\\Pipeline::carry():194}:195}()
#55 /home/sufocani/www/app.arssporttraining.ch/vendor/laravel/framework/src/Illuminate/Pipeline/Pipeline.php(219): Illuminate\\Http\\Middleware\\ValidatePostSize->handle()
#56 /home/sufocani/www/app.arssporttraining.ch/vendor/laravel/framework/src/Illuminate/Foundation/Http/Middleware/PreventRequestsDuringMaintenance.php(109): Illuminate\\Pipeline\\Pipeline->{closure:{closure:Illuminate\\Pipeline\\Pipeline::carry():194}:195}()
#57 /home/sufocani/www/app.arssporttraining.ch/vendor/laravel/framework/src/Illuminate/Pipeline/Pipeline.php(219): Illuminate\\Foundation\\Http\\Middleware\\PreventRequestsDuringMaintenance->handle()
#58 /home/sufocani/www/app.arssporttraining.ch/vendor/laravel/framework/src/Illuminate/Http/Middleware/HandleCors.php(61): Illuminate\\Pipeline\\Pipeline->{closure:{closure:Illuminate\\Pipeline\\Pipeline::carry():194}:195}()
#59 /home/sufocani/www/app.arssporttraining.ch/vendor/laravel/framework/src/Illuminate/Pipeline/Pipeline.php(219): Illuminate\\Http\\Middleware\\HandleCors->handle()
#60 /home/sufocani/www/app.arssporttraining.ch/vendor/laravel/framework/src/Illuminate/Http/Middleware/TrustProxies.php(58): Illuminate\\Pipeline\\Pipeline->{closure:{closure:Illuminate\\Pipeline\\Pipeline::carry():194}:195}()
#61 /home/sufocani/www/app.arssporttraining.ch/vendor/laravel/framework/src/Illuminate/Pipeline/Pipeline.php(219): Illuminate\\Http\\Middleware\\TrustProxies->handle()
#62 /home/sufocani/www/app.arssporttraining.ch/vendor/laravel/framework/src/Illuminate/Foundation/Http/Middleware/InvokeDeferredCallbacks.php(22): Illuminate\\Pipeline\\Pipeline->{closure:{closure:Illuminate\\Pipeline\\Pipeline::carry():194}:195}()
#63 /home/sufocani/www/app.arssporttraining.ch/vendor/laravel/framework/src/Illuminate/Pipeline/Pipeline.php(219): Illuminate\\Foundation\\Http\\Middleware\\InvokeDeferredCallbacks->handle()
#64 /home/sufocani/www/app.arssporttraining.ch/vendor/laravel/framework/src/Illuminate/Http/Middleware/ValidatePathEncoding.php(26): Illuminate\\Pipeline\\Pipeline->{closure:{closure:Illuminate\\Pipeline\\Pipeline::carry():194}:195}()
#65 /home/sufocani/www/app.arssporttraining.ch/vendor/laravel/framework/src/Illuminate/Pipeline/Pipeline.php(219): Illuminate\\Http\\Middleware\\ValidatePathEncoding->handle()
#66 /home/sufocani/www/app.arssporttraining.ch/vendor/laravel/framework/src/Illuminate/Pipeline/Pipeline.php(137): Illuminate\\Pipeline\\Pipeline->{closure:{closure:Illuminate\\Pipeline\\Pipeline::carry():194}:195}()
#67 /home/sufocani/www/app.arssporttraining.ch/vendor/laravel/framework/src/Illuminate/Foundation/Http/Kernel.php(175): Illuminate\\Pipeline\\Pipeline->then()
#68 /home/sufocani/www/app.arssporttraining.ch/vendor/laravel/framework/src/Illuminate/Foundation/Http/Kernel.php(144): Illuminate\\Foundation\\Http\\Kernel->sendRequestThroughRouter()
#69 /home/sufocani/www/app.arssporttraining.ch/vendor/laravel/framework/src/Illuminate/Foundation/Application.php(1220): Illuminate\\Foundation\\Http\\Kernel->handle()
#70 /home/sufocani/www/app.arssporttraining.ch/public/index.php(20): Illuminate\\Foundation\\Application->handleRequest()
#71 {main}
"} 
[2026-05-25 19:13:12] production.ERROR: Property [$weeks] not found on component: [training.view.program-editor] {"userId":3,"exception":"[object] (Livewire\\Exceptions\\PropertyNotFoundException(code: 0): Property [$weeks] not found on component: [training.view.program-editor] at /home/sufocani/www/app.arssporttraining.ch/vendor/livewire/livewire/src/Component.php:139)
[stacktrace]
#0 /home/sufocani/www/app.arssporttraining.ch/app/Livewire/Training/View/ProgramEditor.php(426): Livewire\\Component->__get()
#1 /home/sufocani/www/app.arssporttraining.ch/vendor/laravel/framework/src/Illuminate/Container/BoundMethod.php(36): App\\Livewire\\Training\\View\\ProgramEditor->updatedWeeks()
#2 /home/sufocani/www/app.arssporttraining.ch/vendor/laravel/framework/src/Illuminate/Container/Util.php(43): Illuminate\\Container\\BoundMethod::{closure:Illuminate\\Container\\BoundMethod::call():35}()
#3 /home/sufocani/www/app.arssporttraining.ch/vendor/laravel/framework/src/Illuminate/Container/BoundMethod.php(96): Illuminate\\Container\\Util::unwrapIfClosure()
#4 /home/sufocani/www/app.arssporttraining.ch/vendor/laravel/framework/src/Illuminate/Container/BoundMethod.php(35): Illuminate\\Container\\BoundMethod::callBoundMethod()
#5 /home/sufocani/www/app.arssporttraining.ch/vendor/livewire/livewire/src/Wrapped.php(23): Illuminate\\Container\\BoundMethod::call()
#6 /home/sufocani/www/app.arssporttraining.ch/vendor/livewire/livewire/src/Features/SupportLifecycleHooks/SupportLifecycleHooks.php(176): Livewire\\Wrapped->__call()
#7 /home/sufocani/www/app.arssporttraining.ch/vendor/livewire/livewire/src/Features/SupportLifecycleHooks/SupportLifecycleHooks.php(93): Livewire\\Features\\SupportLifecycleHooks\\SupportLifecycleHooks->callHook()
#8 /home/sufocani/www/app.arssporttraining.ch/vendor/livewire/livewire/src/ComponentHook.php(33): Livewire\\Features\\SupportLifecycleHooks\\SupportLifecycleHooks->{closure:Livewire\\Features\\SupportLifecycleHooks\\SupportLifecycleHooks::update():89}()
#9 /home/sufocani/www/app.arssporttraining.ch/vendor/livewire/livewire/src/ComponentHookRegistry.php(121): Livewire\\ComponentHook->{closure:Livewire\\ComponentHook::callUpdate():31}()
#10 /home/sufocani/www/app.arssporttraining.ch/vendor/livewire/livewire/src/EventBus.php(100): Livewire\\ComponentHookRegistry::{closure:{closure:Livewire\\ComponentHookRegistry::proxyCallToHooks():110}:119}()
#11 /home/sufocani/www/app.arssporttraining.ch/vendor/livewire/livewire/src/Mechanisms/HandleComponents/HandleComponents.php(487): Livewire\\EventBus->{closure:Livewire\\EventBus::trigger():94}()
#12 /home/sufocani/www/app.arssporttraining.ch/vendor/livewire/livewire/src/Mechanisms/HandleComponents/HandleComponents.php(237): Livewire\\Mechanisms\\HandleComponents\\HandleComponents->updateProperties()
#13 /home/sufocani/www/app.arssporttraining.ch/vendor/livewire/livewire/src/LivewireManager.php(131): Livewire\\Mechanisms\\HandleComponents\\HandleComponents->update()
#14 /home/sufocani/www/app.arssporttraining.ch/vendor/livewire/livewire/src/Mechanisms/HandleRequests/HandleRequests.php(190): Livewire\\LivewireManager->update()
#15 /home/sufocani/www/app.arssporttraining.ch/vendor/laravel/framework/src/Illuminate/Routing/ControllerDispatcher.php(46): Livewire\\Mechanisms\\HandleRequests\\HandleRequests->handleUpdate()
#16 /home/sufocani/www/app.arssporttraining.ch/vendor/laravel/framework/src/Illuminate/Routing/Route.php(265): Illuminate\\Routing\\ControllerDispatcher->dispatch()
#17 /home/sufocani/www/app.arssporttraining.ch/vendor/laravel/framework/src/Illuminate/Routing/Route.php(211): Illuminate\\Routing\\Route->runController()
#18 /home/sufocani/www/app.arssporttraining.ch/vendor/laravel/framework/src/Illuminate/Routing/Router.php(822): Illuminate\\Routing\\Route->run()
#19 /home/sufocani/www/app.arssporttraining.ch/vendor/laravel/framework/src/Illuminate/Pipeline/Pipeline.php(180): Illuminate\\Routing\\Router->{closure:Illuminate\\Routing\\Router::runRouteWithinStack():821}()
#20 /home/sufocani/www/app.arssporttraining.ch/vendor/livewire/livewire/src/Mechanisms/HandleRequests/RequireLivewireHeaders.php(19): Illuminate\\Pipeline\\Pipeline->{closure:Illuminate\\Pipeline\\Pipeline::prepareDestination():178}()
#21 /home/sufocani/www/app.arssporttraining.ch/vendor/laravel/framework/src/Illuminate/Pipeline/Pipeline.php(219): Livewire\\Mechanisms\\HandleRequests\\RequireLivewireHeaders->handle()
#22 /home/sufocani/www/app.arssporttraining.ch/vendor/barryvdh/laravel-debugbar/src/Middleware/InjectDebugbar.php(59): Illuminate\\Pipeline\\Pipeline->{closure:{closure:Illuminate\\Pipeline\\Pipeline::carry():194}:195}()
#23 /home/sufocani/www/app.arssporttraining.ch/vendor/laravel/framework/src/Illuminate/Pipeline/Pipeline.php(219): Barryvdh\\Debugbar\\Middleware\\InjectDebugbar->handle()
#24 /home/sufocani/www/app.arssporttraining.ch/vendor/laravel/framework/src/Illuminate/Routing/Middleware/SubstituteBindings.php(50): Illuminate\\Pipeline\\Pipeline->{closure:{closure:Illuminate\\Pipeline\\Pipeline::carry():194}:195}()
#25 /home/sufocani/www/app.arssporttraining.ch/vendor/laravel/framework/src/Illuminate/Pipeline/Pipeline.php(219): Illuminate\\Routing\\Middleware\\SubstituteBindings->handle()
#26 /home/sufocani/www/app.arssporttraining.ch/vendor/laravel/framework/src/Illuminate/Foundation/Http/Middleware/VerifyCsrfToken.php(87): Illuminate\\Pipeline\\Pipeline->{closure:{closure:Illuminate\\Pipeline\\Pipeline::carry():194}:195}()
#27 /home/sufocani/www/app.arssporttraining.ch/vendor/laravel/framework/src/Illuminate/Pipeline/Pipeline.php(219): Illuminate\\Foundation\\Http\\Middleware\\VerifyCsrfToken->handle()
#28 /home/sufocani/www/app.arssporttraining.ch/vendor/laravel/framework/src/Illuminate/View/Middleware/ShareErrorsFromSession.php(48): Illuminate\\Pipeline\\Pipeline->{closure:{closure:Illuminate\\Pipeline\\Pipeline::carry():194}:195}()
#29 /home/sufocani/www/app.arssporttraining.ch/vendor/laravel/framework/src/Illuminate/Pipeline/Pipeline.php(219): Illuminate\\View\\Middleware\\ShareErrorsFromSession->handle()
#30 /home/sufocani/www/app.arssporttraining.ch/vendor/laravel/framework/src/Illuminate/Session/Middleware/StartSession.php(120): Illuminate\\Pipeline\\Pipeline->{closure:{closure:Illuminate\\Pipeline\\Pipeline::carry():194}:195}()
#31 /home/sufocani/www/app.arssporttraining.ch/vendor/laravel/framework/src/Illuminate/Session/Middleware/StartSession.php(63): Illuminate\\Session\\Middleware\\StartSession->handleStatefulRequest()
#32 /home/sufocani/www/app.arssporttraining.ch/vendor/laravel/framework/src/Illuminate/Pipeline/Pipeline.php(219): Illuminate\\Session\\Middleware\\StartSession->handle()
#33 /home/sufocani/www/app.arssporttraining.ch/vendor/laravel/framework/src/Illuminate/Cookie/Middleware/AddQueuedCookiesToResponse.php(36): Illuminate\\Pipeline\\Pipeline->{closure:{closure:Illuminate\\Pipeline\\Pipeline::carry():194}:195}()
#34 /home/sufocani/www/app.arssporttraining.ch/vendor/laravel/framework/src/Illuminate/Pipeline/Pipeline.php(219): Illuminate\\Cookie\\Middleware\\AddQueuedCookiesToResponse->handle()
#35 /home/sufocani/www/app.arssporttraining.ch/vendor/laravel/framework/src/Illuminate/Cookie/Middleware/EncryptCookies.php(74): Illuminate\\Pipeline\\Pipeline->{closure:{closure:Illuminate\\Pipeline\\Pipeline::carry():194}:195}()
#36 /home/sufocani/www/app.arssporttraining.ch/vendor/laravel/framework/src/Illuminate/Pipeline/Pipeline.php(219): Illuminate\\Cookie\\Middleware\\EncryptCookies->handle()
#37 /home/sufocani/www/app.arssporttraining.ch/vendor/laravel/framework/src/Illuminate/Pipeline/Pipeline.php(137): Illuminate\\Pipeline\\Pipeline->{closure:{closure:Illuminate\\Pipeline\\Pipeline::carry():194}:195}()
#38 /home/sufocani/www/app.arssporttraining.ch/vendor/laravel/framework/src/Illuminate/Routing/Router.php(821): Illuminate\\Pipeline\\Pipeline->then()
#39 /home/sufocani/www/app.arssporttraining.ch/vendor/laravel/framework/src/Illuminate/Routing/Router.php(800): Illuminate\\Routing\\Router->runRouteWithinStack()
#40 /home/sufocani/www/app.arssporttraining.ch/vendor/laravel/framework/src/Illuminate/Routing/Router.php(764): Illuminate\\Routing\\Router->runRoute()
#41 /home/sufocani/www/app.arssporttraining.ch/vendor/laravel/framework/src/Illuminate/Routing/Router.php(753): Illuminate\\Routing\\Router->dispatchToRoute()
#42 /home/sufocani/www/app.arssporttraining.ch/vendor/laravel/framework/src/Illuminate/Foundation/Http/Kernel.php(200): Illuminate\\Routing\\Router->dispatch()
#43 /home/sufocani/www/app.arssporttraining.ch/vendor/laravel/framework/src/Illuminate/Pipeline/Pipeline.php(180): Illuminate\\Foundation\\Http\\Kernel->{closure:Illuminate\\Foundation\\Http\\Kernel::dispatchToRouter():197}()
#44 /home/sufocani/www/app.arssporttraining.ch/vendor/livewire/livewire/src/Features/SupportDisablingBackButtonCache/DisableBackButtonCacheMiddleware.php(19): Illuminate\\Pipeline\\Pipeline->{closure:Illuminate\\Pipeline\\Pipeline::prepareDestination():178}()
#45 /home/sufocani/www/app.arssporttraining.ch/vendor/laravel/framework/src/Illuminate/Pipeline/Pipeline.php(219): Livewire\\Features\\SupportDisablingBackButtonCache\\DisableBackButtonCacheMiddleware->handle()
#46 /home/sufocani/www/app.arssporttraining.ch/vendor/barryvdh/laravel-debugbar/src/Middleware/InjectDebugbar.php(59): Illuminate\\Pipeline\\Pipeline->{closure:{closure:Illuminate\\Pipeline\\Pipeline::carry():194}:195}()
#47 /home/sufocani/www/app.arssporttraining.ch/vendor/laravel/framework/src/Illuminate/Pipeline/Pipeline.php(219): Barryvdh\\Debugbar\\Middleware\\InjectDebugbar->handle()
#48 /home/sufocani/www/app.arssporttraining.ch/app/Http/Middleware/LogRequestTiming.php(14): Illuminate\\Pipeline\\Pipeline->{closure:{closure:Illuminate\\Pipeline\\Pipeline::carry():194}:195}()
#49 /home/sufocani/www/app.arssporttraining.ch/vendor/laravel/framework/src/Illuminate/Pipeline/Pipeline.php(219): App\\Http\\Middleware\\LogRequestTiming->handle()
#50 /home/sufocani/www/app.arssporttraining.ch/vendor/laravel/framework/src/Illuminate/Foundation/Http/Middleware/ConvertEmptyStringsToNull.php(27): Illuminate\\Pipeline\\Pipeline->{closure:{closure:Illuminate\\Pipeline\\Pipeline::carry():194}:195}()
#51 /home/sufocani/www/app.arssporttraining.ch/vendor/laravel/framework/src/Illuminate/Pipeline/Pipeline.php(219): Illuminate\\Foundation\\Http\\Middleware\\ConvertEmptyStringsToNull->handle()
#52 /home/sufocani/www/app.arssporttraining.ch/vendor/laravel/framework/src/Illuminate/Foundation/Http/Middleware/TrimStrings.php(47): Illuminate\\Pipeline\\Pipeline->{closure:{closure:Illuminate\\Pipeline\\Pipeline::carry():194}:195}()
#53 /home/sufocani/www/app.arssporttraining.ch/vendor/laravel/framework/src/Illuminate/Pipeline/Pipeline.php(219): Illuminate\\Foundation\\Http\\Middleware\\TrimStrings->handle()
#54 /home/sufocani/www/app.arssporttraining.ch/vendor/laravel/framework/src/Illuminate/Http/Middleware/ValidatePostSize.php(27): Illuminate\\Pipeline\\Pipeline->{closure:{closure:Illuminate\\Pipeline\\Pipeline::carry():194}:195}()
#55 /home/sufocani/www/app.arssporttraining.ch/vendor/laravel/framework/src/Illuminate/Pipeline/Pipeline.php(219): Illuminate\\Http\\Middleware\\ValidatePostSize->handle()
#56 /home/sufocani/www/app.arssporttraining.ch/vendor/laravel/framework/src/Illuminate/Foundation/Http/Middleware/PreventRequestsDuringMaintenance.php(109): Illuminate\\Pipeline\\Pipeline->{closure:{closure:Illuminate\\Pipeline\\Pipeline::carry():194}:195}()
#57 /home/sufocani/www/app.arssporttraining.ch/vendor/laravel/framework/src/Illuminate/Pipeline/Pipeline.php(219): Illuminate\\Foundation\\Http\\Middleware\\PreventRequestsDuringMaintenance->handle()
#58 /home/sufocani/www/app.arssporttraining.ch/vendor/laravel/framework/src/Illuminate/Http/Middleware/HandleCors.php(61): Illuminate\\Pipeline\\Pipeline->{closure:{closure:Illuminate\\Pipeline\\Pipeline::carry():194}:195}()
#59 /home/sufocani/www/app.arssporttraining.ch/vendor/laravel/framework/src/Illuminate/Pipeline/Pipeline.php(219): Illuminate\\Http\\Middleware\\HandleCors->handle()
#60 /home/sufocani/www/app.arssporttraining.ch/vendor/laravel/framework/src/Illuminate/Http/Middleware/TrustProxies.php(58): Illuminate\\Pipeline\\Pipeline->{closure:{closure:Illuminate\\Pipeline\\Pipeline::carry():194}:195}()
#61 /home/sufocani/www/app.arssporttraining.ch/vendor/laravel/framework/src/Illuminate/Pipeline/Pipeline.php(219): Illuminate\\Http\\Middleware\\TrustProxies->handle()
#62 /home/sufocani/www/app.arssporttraining.ch/vendor/laravel/framework/src/Illuminate/Foundation/Http/Middleware/InvokeDeferredCallbacks.php(22): Illuminate\\Pipeline\\Pipeline->{closure:{closure:Illuminate\\Pipeline\\Pipeline::carry():194}:195}()
#63 /home/sufocani/www/app.arssporttraining.ch/vendor/laravel/framework/src/Illuminate/Pipeline/Pipeline.php(219): Illuminate\\Foundation\\Http\\Middleware\\InvokeDeferredCallbacks->handle()
#64 /home/sufocani/www/app.arssporttraining.ch/vendor/laravel/framework/src/Illuminate/Http/Middleware/ValidatePathEncoding.php(26): Illuminate\\Pipeline\\Pipeline->{closure:{closure:Illuminate\\Pipeline\\Pipeline::carry():194}:195}()
#65 /home/sufocani/www/app.arssporttraining.ch/vendor/laravel/framework/src/Illuminate/Pipeline/Pipeline.php(219): Illuminate\\Http\\Middleware\\ValidatePathEncoding->handle()
#66 /home/sufocani/www/app.arssporttraining.ch/vendor/laravel/framework/src/Illuminate/Pipeline/Pipeline.php(137): Illuminate\\Pipeline\\Pipeline->{closure:{closure:Illuminate\\Pipeline\\Pipeline::carry():194}:195}()
#67 /home/sufocani/www/app.arssporttraining.ch/vendor/laravel/framework/src/Illuminate/Foundation/Http/Kernel.php(175): Illuminate\\Pipeline\\Pipeline->then()
#68 /home/sufocani/www/app.arssporttraining.ch/vendor/laravel/framework/src/Illuminate/Foundation/Http/Kernel.php(144): Illuminate\\Foundation\\Http\\Kernel->sendRequestThroughRouter()
#69 /home/sufocani/www/app.arssporttraining.ch/vendor/laravel/framework/src/Illuminate/Foundation/Application.php(1220): Illuminate\\Foundation\\Http\\Kernel->handle()
#70 /home/sufocani/www/app.arssporttraining.ch/public/index.php(20): Illuminate\\Foundation\\Application->handleRequest()
#71 {main}
"} 
[2026-05-25 19:18:10] production.ERROR: Property [$weeks] not found on component: [training.view.program-editor] {"userId":3,"exception":"[object] (Livewire\\Exceptions\\PropertyNotFoundException(code: 0): Property [$weeks] not found on component: [training.view.program-editor] at /home/sufocani/www/app.arssporttraining.ch/vendor/livewire/livewire/src/Component.php:139)
[stacktrace]
#0 /home/sufocani/www/app.arssporttraining.ch/app/Livewire/Training/View/ProgramEditor.php(426): Livewire\\Component->__get()
#1 /home/sufocani/www/app.arssporttraining.ch/vendor/laravel/framework/src/Illuminate/Container/BoundMethod.php(36): App\\Livewire\\Training\\View\\ProgramEditor->updatedWeeks()
#2 /home/sufocani/www/app.arssporttraining.ch/vendor/laravel/framework/src/Illuminate/Container/Util.php(43): Illuminate\\Container\\BoundMethod::{closure:Illuminate\\Container\\BoundMethod::call():35}()
#3 /home/sufocani/www/app.arssporttraining.ch/vendor/laravel/framework/src/Illuminate/Container/BoundMethod.php(96): Illuminate\\Container\\Util::unwrapIfClosure()
#4 /home/sufocani/www/app.arssporttraining.ch/vendor/laravel/framework/src/Illuminate/Container/BoundMethod.php(35): Illuminate\\Container\\BoundMethod::callBoundMethod()
#5 /home/sufocani/www/app.arssporttraining.ch/vendor/livewire/livewire/src/Wrapped.php(23): Illuminate\\Container\\BoundMethod::call()
#6 /home/sufocani/www/app.arssporttraining.ch/vendor/livewire/livewire/src/Features/SupportLifecycleHooks/SupportLifecycleHooks.php(176): Livewire\\Wrapped->__call()
#7 /home/sufocani/www/app.arssporttraining.ch/vendor/livewire/livewire/src/Features/SupportLifecycleHooks/SupportLifecycleHooks.php(93): Livewire\\Features\\SupportLifecycleHooks\\SupportLifecycleHooks->callHook()
#8 /home/sufocani/www/app.arssporttraining.ch/vendor/livewire/livewire/src/ComponentHook.php(33): Livewire\\Features\\SupportLifecycleHooks\\SupportLifecycleHooks->{closure:Livewire\\Features\\SupportLifecycleHooks\\SupportLifecycleHooks::update():89}()
#9 /home/sufocani/www/app.arssporttraining.ch/vendor/livewire/livewire/src/ComponentHookRegistry.php(121): Livewire\\ComponentHook->{closure:Livewire\\ComponentHook::callUpdate():31}()
#10 /home/sufocani/www/app.arssporttraining.ch/vendor/livewire/livewire/src/EventBus.php(100): Livewire\\ComponentHookRegistry::{closure:{closure:Livewire\\ComponentHookRegistry::proxyCallToHooks():110}:119}()
#11 /home/sufocani/www/app.arssporttraining.ch/vendor/livewire/livewire/src/Mechanisms/HandleComponents/HandleComponents.php(487): Livewire\\EventBus->{closure:Livewire\\EventBus::trigger():94}()
#12 /home/sufocani/www/app.arssporttraining.ch/vendor/livewire/livewire/src/Mechanisms/HandleComponents/HandleComponents.php(237): Livewire\\Mechanisms\\HandleComponents\\HandleComponents->updateProperties()
#13 /home/sufocani/www/app.arssporttraining.ch/vendor/livewire/livewire/src/LivewireManager.php(131): Livewire\\Mechanisms\\HandleComponents\\HandleComponents->update()
#14 /home/sufocani/www/app.arssporttraining.ch/vendor/livewire/livewire/src/Mechanisms/HandleRequests/HandleRequests.php(190): Livewire\\LivewireManager->update()
#15 /home/sufocani/www/app.arssporttraining.ch/vendor/laravel/framework/src/Illuminate/Routing/ControllerDispatcher.php(46): Livewire\\Mechanisms\\HandleRequests\\HandleRequests->handleUpdate()
#16 /home/sufocani/www/app.arssporttraining.ch/vendor/laravel/framework/src/Illuminate/Routing/Route.php(265): Illuminate\\Routing\\ControllerDispatcher->dispatch()
#17 /home/sufocani/www/app.arssporttraining.ch/vendor/laravel/framework/src/Illuminate/Routing/Route.php(211): Illuminate\\Routing\\Route->runController()
#18 /home/sufocani/www/app.arssporttraining.ch/vendor/laravel/framework/src/Illuminate/Routing/Router.php(822): Illuminate\\Routing\\Route->run()
#19 /home/sufocani/www/app.arssporttraining.ch/vendor/laravel/framework/src/Illuminate/Pipeline/Pipeline.php(180): Illuminate\\Routing\\Router->{closure:Illuminate\\Routing\\Router::runRouteWithinStack():821}()
#20 /home/sufocani/www/app.arssporttraining.ch/vendor/livewire/livewire/src/Mechanisms/HandleRequests/RequireLivewireHeaders.php(19): Illuminate\\Pipeline\\Pipeline->{closure:Illuminate\\Pipeline\\Pipeline::prepareDestination():178}()
#21 /home/sufocani/www/app.arssporttraining.ch/vendor/laravel/framework/src/Illuminate/Pipeline/Pipeline.php(219): Livewire\\Mechanisms\\HandleRequests\\RequireLivewireHeaders->handle()
#22 /home/sufocani/www/app.arssporttraining.ch/vendor/barryvdh/laravel-debugbar/src/Middleware/InjectDebugbar.php(59): Illuminate\\Pipeline\\Pipeline->{closure:{closure:Illuminate\\Pipeline\\Pipeline::carry():194}:195}()
#23 /home/sufocani/www/app.arssporttraining.ch/vendor/laravel/framework/src/Illuminate/Pipeline/Pipeline.php(219): Barryvdh\\Debugbar\\Middleware\\InjectDebugbar->handle()
#24 /home/sufocani/www/app.arssporttraining.ch/vendor/laravel/framework/src/Illuminate/Routing/Middleware/SubstituteBindings.php(50): Illuminate\\Pipeline\\Pipeline->{closure:{closure:Illuminate\\Pipeline\\Pipeline::carry():194}:195}()
#25 /home/sufocani/www/app.arssporttraining.ch/vendor/laravel/framework/src/Illuminate/Pipeline/Pipeline.php(219): Illuminate\\Routing\\Middleware\\SubstituteBindings->handle()
#26 /home/sufocani/www/app.arssporttraining.ch/vendor/laravel/framework/src/Illuminate/Foundation/Http/Middleware/VerifyCsrfToken.php(87): Illuminate\\Pipeline\\Pipeline->{closure:{closure:Illuminate\\Pipeline\\Pipeline::carry():194}:195}()
#27 /home/sufocani/www/app.arssporttraining.ch/vendor/laravel/framework/src/Illuminate/Pipeline/Pipeline.php(219): Illuminate\\Foundation\\Http\\Middleware\\VerifyCsrfToken->handle()
#28 /home/sufocani/www/app.arssporttraining.ch/vendor/laravel/framework/src/Illuminate/View/Middleware/ShareErrorsFromSession.php(48): Illuminate\\Pipeline\\Pipeline->{closure:{closure:Illuminate\\Pipeline\\Pipeline::carry():194}:195}()
#29 /home/sufocani/www/app.arssporttraining.ch/vendor/laravel/framework/src/Illuminate/Pipeline/Pipeline.php(219): Illuminate\\View\\Middleware\\ShareErrorsFromSession->handle()
#30 /home/sufocani/www/app.arssporttraining.ch/vendor/laravel/framework/src/Illuminate/Session/Middleware/StartSession.php(120): Illuminate\\Pipeline\\Pipeline->{closure:{closure:Illuminate\\Pipeline\\Pipeline::carry():194}:195}()
#31 /home/sufocani/www/app.arssporttraining.ch/vendor/laravel/framework/src/Illuminate/Session/Middleware/StartSession.php(63): Illuminate\\Session\\Middleware\\StartSession->handleStatefulRequest()
#32 /home/sufocani/www/app.arssporttraining.ch/vendor/laravel/framework/src/Illuminate/Pipeline/Pipeline.php(219): Illuminate\\Session\\Middleware\\StartSession->handle()
#33 /home/sufocani/www/app.arssporttraining.ch/vendor/laravel/framework/src/Illuminate/Cookie/Middleware/AddQueuedCookiesToResponse.php(36): Illuminate\\Pipeline\\Pipeline->{closure:{closure:Illuminate\\Pipeline\\Pipeline::carry():194}:195}()
#34 /home/sufocani/www/app.arssporttraining.ch/vendor/laravel/framework/src/Illuminate/Pipeline/Pipeline.php(219): Illuminate\\Cookie\\Middleware\\AddQueuedCookiesToResponse->handle()
#35 /home/sufocani/www/app.arssporttraining.ch/vendor/laravel/framework/src/Illuminate/Cookie/Middleware/EncryptCookies.php(74): Illuminate\\Pipeline\\Pipeline->{closure:{closure:Illuminate\\Pipeline\\Pipeline::carry():194}:195}()
#36 /home/sufocani/www/app.arssporttraining.ch/vendor/laravel/framework/src/Illuminate/Pipeline/Pipeline.php(219): Illuminate\\Cookie\\Middleware\\EncryptCookies->handle()
#37 /home/sufocani/www/app.arssporttraining.ch/vendor/laravel/framework/src/Illuminate/Pipeline/Pipeline.php(137): Illuminate\\Pipeline\\Pipeline->{closure:{closure:Illuminate\\Pipeline\\Pipeline::carry():194}:195}()
#38 /home/sufocani/www/app.arssporttraining.ch/vendor/laravel/framework/src/Illuminate/Routing/Router.php(821): Illuminate\\Pipeline\\Pipeline->then()
#39 /home/sufocani/www/app.arssporttraining.ch/vendor/laravel/framework/src/Illuminate/Routing/Router.php(800): Illuminate\\Routing\\Router->runRouteWithinStack()
#40 /home/sufocani/www/app.arssporttraining.ch/vendor/laravel/framework/src/Illuminate/Routing/Router.php(764): Illuminate\\Routing\\Router->runRoute()
#41 /home/sufocani/www/app.arssporttraining.ch/vendor/laravel/framework/src/Illuminate/Routing/Router.php(753): Illuminate\\Routing\\Router->dispatchToRoute()
#42 /home/sufocani/www/app.arssporttraining.ch/vendor/laravel/framework/src/Illuminate/Foundation/Http/Kernel.php(200): Illuminate\\Routing\\Router->dispatch()
#43 /home/sufocani/www/app.arssporttraining.ch/vendor/laravel/framework/src/Illuminate/Pipeline/Pipeline.php(180): Illuminate\\Foundation\\Http\\Kernel->{closure:Illuminate\\Foundation\\Http\\Kernel::dispatchToRouter():197}()
#44 /home/sufocani/www/app.arssporttraining.ch/vendor/livewire/livewire/src/Features/SupportDisablingBackButtonCache/DisableBackButtonCacheMiddleware.php(19): Illuminate\\Pipeline\\Pipeline->{closure:Illuminate\\Pipeline\\Pipeline::prepareDestination():178}()
#45 /home/sufocani/www/app.arssporttraining.ch/vendor/laravel/framework/src/Illuminate/Pipeline/Pipeline.php(219): Livewire\\Features\\SupportDisablingBackButtonCache\\DisableBackButtonCacheMiddleware->handle()
#46 /home/sufocani/www/app.arssporttraining.ch/vendor/barryvdh/laravel-debugbar/src/Middleware/InjectDebugbar.php(59): Illuminate\\Pipeline\\Pipeline->{closure:{closure:Illuminate\\Pipeline\\Pipeline::carry():194}:195}()
#47 /home/sufocani/www/app.arssporttraining.ch/vendor/laravel/framework/src/Illuminate/Pipeline/Pipeline.php(219): Barryvdh\\Debugbar\\Middleware\\InjectDebugbar->handle()
#48 /home/sufocani/www/app.arssporttraining.ch/app/Http/Middleware/LogRequestTiming.php(14): Illuminate\\Pipeline\\Pipeline->{closure:{closure:Illuminate\\Pipeline\\Pipeline::carry():194}:195}()
#49 /home/sufocani/www/app.arssporttraining.ch/vendor/laravel/framework/src/Illuminate/Pipeline/Pipeline.php(219): App\\Http\\Middleware\\LogRequestTiming->handle()
#50 /home/sufocani/www/app.arssporttraining.ch/vendor/laravel/framework/src/Illuminate/Foundation/Http/Middleware/ConvertEmptyStringsToNull.php(27): Illuminate\\Pipeline\\Pipeline->{closure:{closure:Illuminate\\Pipeline\\Pipeline::carry():194}:195}()
#51 /home/sufocani/www/app.arssporttraining.ch/vendor/laravel/framework/src/Illuminate/Pipeline/Pipeline.php(219): Illuminate\\Foundation\\Http\\Middleware\\ConvertEmptyStringsToNull->handle()
#52 /home/sufocani/www/app.arssporttraining.ch/vendor/laravel/framework/src/Illuminate/Foundation/Http/Middleware/TrimStrings.php(47): Illuminate\\Pipeline\\Pipeline->{closure:{closure:Illuminate\\Pipeline\\Pipeline::carry():194}:195}()
#53 /home/sufocani/www/app.arssporttraining.ch/vendor/laravel/framework/src/Illuminate/Pipeline/Pipeline.php(219): Illuminate\\Foundation\\Http\\Middleware\\TrimStrings->handle()
#54 /home/sufocani/www/app.arssporttraining.ch/vendor/laravel/framework/src/Illuminate/Http/Middleware/ValidatePostSize.php(27): Illuminate\\Pipeline\\Pipeline->{closure:{closure:Illuminate\\Pipeline\\Pipeline::carry():194}:195}()
#55 /home/sufocani/www/app.arssporttraining.ch/vendor/laravel/framework/src/Illuminate/Pipeline/Pipeline.php(219): Illuminate\\Http\\Middleware\\ValidatePostSize->handle()
#56 /home/sufocani/www/app.arssporttraining.ch/vendor/laravel/framework/src/Illuminate/Foundation/Http/Middleware/PreventRequestsDuringMaintenance.php(109): Illuminate\\Pipeline\\Pipeline->{closure:{closure:Illuminate\\Pipeline\\Pipeline::carry():194}:195}()
#57 /home/sufocani/www/app.arssporttraining.ch/vendor/laravel/framework/src/Illuminate/Pipeline/Pipeline.php(219): Illuminate\\Foundation\\Http\\Middleware\\PreventRequestsDuringMaintenance->handle()
#58 /home/sufocani/www/app.arssporttraining.ch/vendor/laravel/framework/src/Illuminate/Http/Middleware/HandleCors.php(61): Illuminate\\Pipeline\\Pipeline->{closure:{closure:Illuminate\\Pipeline\\Pipeline::carry():194}:195}()
#59 /home/sufocani/www/app.arssporttraining.ch/vendor/laravel/framework/src/Illuminate/Pipeline/Pipeline.php(219): Illuminate\\Http\\Middleware\\HandleCors->handle()
#60 /home/sufocani/www/app.arssporttraining.ch/vendor/laravel/framework/src/Illuminate/Http/Middleware/TrustProxies.php(58): Illuminate\\Pipeline\\Pipeline->{closure:{closure:Illuminate\\Pipeline\\Pipeline::carry():194}:195}()
#61 /home/sufocani/www/app.arssporttraining.ch/vendor/laravel/framework/src/Illuminate/Pipeline/Pipeline.php(219): Illuminate\\Http\\Middleware\\TrustProxies->handle()
#62 /home/sufocani/www/app.arssporttraining.ch/vendor/laravel/framework/src/Illuminate/Foundation/Http/Middleware/InvokeDeferredCallbacks.php(22): Illuminate\\Pipeline\\Pipeline->{closure:{closure:Illuminate\\Pipeline\\Pipeline::carry():194}:195}()
#63 /home/sufocani/www/app.arssporttraining.ch/vendor/laravel/framework/src/Illuminate/Pipeline/Pipeline.php(219): Illuminate\\Foundation\\Http\\Middleware\\InvokeDeferredCallbacks->handle()
#64 /home/sufocani/www/app.arssporttraining.ch/vendor/laravel/framework/src/Illuminate/Http/Middleware/ValidatePathEncoding.php(26): Illuminate\\Pipeline\\Pipeline->{closure:{closure:Illuminate\\Pipeline\\Pipeline::carry():194}:195}()
#65 /home/sufocani/www/app.arssporttraining.ch/vendor/laravel/framework/src/Illuminate/Pipeline/Pipeline.php(219): Illuminate\\Http\\Middleware\\ValidatePathEncoding->handle()
#66 /home/sufocani/www/app.arssporttraining.ch/vendor/laravel/framework/src/Illuminate/Pipeline/Pipeline.php(137): Illuminate\\Pipeline\\Pipeline->{closure:{closure:Illuminate\\Pipeline\\Pipeline::carry():194}:195}()
#67 /home/sufocani/www/app.arssporttraining.ch/vendor/laravel/framework/src/Illuminate/Foundation/Http/Kernel.php(175): Illuminate\\Pipeline\\Pipeline->then()
#68 /home/sufocani/www/app.arssporttraining.ch/vendor/laravel/framework/src/Illuminate/Foundation/Http/Kernel.php(144): Illuminate\\Foundation\\Http\\Kernel->sendRequestThroughRouter()
#69 /home/sufocani/www/app.arssporttraining.ch/vendor/laravel/framework/src/Illuminate/Foundation/Application.php(1220): Illuminate\\Foundation\\Http\\Kernel->handle()
#70 /home/sufocani/www/app.arssporttraining.ch/public/index.php(20): Illuminate\\Foundation\\Application->handleRequest()
#71 {main}
"} 
[2026-05-25 19:26:21] production.ERROR: Property [$weeks] not found on component: [training.view.program-editor] {"userId":3,"exception":"[object] (Livewire\\Exceptions\\PropertyNotFoundException(code: 0): Property [$weeks] not found on component: [training.view.program-editor] at /home/sufocani/www/app.arssporttraining.ch/vendor/livewire/livewire/src/Component.php:139)
[stacktrace]
#0 /home/sufocani/www/app.arssporttraining.ch/app/Livewire/Training/View/ProgramEditor.php(426): Livewire\\Component->__get()
#1 /home/sufocani/www/app.arssporttraining.ch/vendor/laravel/framework/src/Illuminate/Container/BoundMethod.php(36): App\\Livewire\\Training\\View\\ProgramEditor->updatedWeeks()
#2 /home/sufocani/www/app.arssporttraining.ch/vendor/laravel/framework/src/Illuminate/Container/Util.php(43): Illuminate\\Container\\BoundMethod::{closure:Illuminate\\Container\\BoundMethod::call():35}()
#3 /home/sufocani/www/app.arssporttraining.ch/vendor/laravel/framework/src/Illuminate/Container/BoundMethod.php(96): Illuminate\\Container\\Util::unwrapIfClosure()
#4 /home/sufocani/www/app.arssporttraining.ch/vendor/laravel/framework/src/Illuminate/Container/BoundMethod.php(35): Illuminate\\Container\\BoundMethod::callBoundMethod()
#5 /home/sufocani/www/app.arssporttraining.ch/vendor/livewire/livewire/src/Wrapped.php(23): Illuminate\\Container\\BoundMethod::call()
#6 /home/sufocani/www/app.arssporttraining.ch/vendor/livewire/livewire/src/Features/SupportLifecycleHooks/SupportLifecycleHooks.php(176): Livewire\\Wrapped->__call()
#7 /home/sufocani/www/app.arssporttraining.ch/vendor/livewire/livewire/src/Features/SupportLifecycleHooks/SupportLifecycleHooks.php(93): Livewire\\Features\\SupportLifecycleHooks\\SupportLifecycleHooks->callHook()
#8 /home/sufocani/www/app.arssporttraining.ch/vendor/livewire/livewire/src/ComponentHook.php(33): Livewire\\Features\\SupportLifecycleHooks\\SupportLifecycleHooks->{closure:Livewire\\Features\\SupportLifecycleHooks\\SupportLifecycleHooks::update():89}()
#9 /home/sufocani/www/app.arssporttraining.ch/vendor/livewire/livewire/src/ComponentHookRegistry.php(121): Livewire\\ComponentHook->{closure:Livewire\\ComponentHook::callUpdate():31}()
#10 /home/sufocani/www/app.arssporttraining.ch/vendor/livewire/livewire/src/EventBus.php(100): Livewire\\ComponentHookRegistry::{closure:{closure:Livewire\\ComponentHookRegistry::proxyCallToHooks():110}:119}()
#11 /home/sufocani/www/app.arssporttraining.ch/vendor/livewire/livewire/src/Mechanisms/HandleComponents/HandleComponents.php(487): Livewire\\EventBus->{closure:Livewire\\EventBus::trigger():94}()
#12 /home/sufocani/www/app.arssporttraining.ch/vendor/livewire/livewire/src/Mechanisms/HandleComponents/HandleComponents.php(237): Livewire\\Mechanisms\\HandleComponents\\HandleComponents->updateProperties()
#13 /home/sufocani/www/app.arssporttraining.ch/vendor/livewire/livewire/src/LivewireManager.php(131): Livewire\\Mechanisms\\HandleComponents\\HandleComponents->update()
#14 /home/sufocani/www/app.arssporttraining.ch/vendor/livewire/livewire/src/Mechanisms/HandleRequests/HandleRequests.php(190): Livewire\\LivewireManager->update()
#15 /home/sufocani/www/app.arssporttraining.ch/vendor/laravel/framework/src/Illuminate/Routing/ControllerDispatcher.php(46): Livewire\\Mechanisms\\HandleRequests\\HandleRequests->handleUpdate()
#16 /home/sufocani/www/app.arssporttraining.ch/vendor/laravel/framework/src/Illuminate/Routing/Route.php(265): Illuminate\\Routing\\ControllerDispatcher->dispatch()
#17 /home/sufocani/www/app.arssporttraining.ch/vendor/laravel/framework/src/Illuminate/Routing/Route.php(211): Illuminate\\Routing\\Route->runController()
#18 /home/sufocani/www/app.arssporttraining.ch/vendor/laravel/framework/src/Illuminate/Routing/Router.php(822): Illuminate\\Routing\\Route->run()
#19 /home/sufocani/www/app.arssporttraining.ch/vendor/laravel/framework/src/Illuminate/Pipeline/Pipeline.php(180): Illuminate\\Routing\\Router->{closure:Illuminate\\Routing\\Router::runRouteWithinStack():821}()
#20 /home/sufocani/www/app.arssporttraining.ch/vendor/livewire/livewire/src/Mechanisms/HandleRequests/RequireLivewireHeaders.php(19): Illuminate\\Pipeline\\Pipeline->{closure:Illuminate\\Pipeline\\Pipeline::prepareDestination():178}()
#21 /home/sufocani/www/app.arssporttraining.ch/vendor/laravel/framework/src/Illuminate/Pipeline/Pipeline.php(219): Livewire\\Mechanisms\\HandleRequests\\RequireLivewireHeaders->handle()
#22 /home/sufocani/www/app.arssporttraining.ch/vendor/barryvdh/laravel-debugbar/src/Middleware/InjectDebugbar.php(59): Illuminate\\Pipeline\\Pipeline->{closure:{closure:Illuminate\\Pipeline\\Pipeline::carry():194}:195}()
#23 /home/sufocani/www/app.arssporttraining.ch/vendor/laravel/framework/src/Illuminate/Pipeline/Pipeline.php(219): Barryvdh\\Debugbar\\Middleware\\InjectDebugbar->handle()
#24 /home/sufocani/www/app.arssporttraining.ch/vendor/laravel/framework/src/Illuminate/Routing/Middleware/SubstituteBindings.php(50): Illuminate\\Pipeline\\Pipeline->{closure:{closure:Illuminate\\Pipeline\\Pipeline::carry():194}:195}()
#25 /home/sufocani/www/app.arssporttraining.ch/vendor/laravel/framework/src/Illuminate/Pipeline/Pipeline.php(219): Illuminate\\Routing\\Middleware\\SubstituteBindings->handle()
#26 /home/sufocani/www/app.arssporttraining.ch/vendor/laravel/framework/src/Illuminate/Foundation/Http/Middleware/VerifyCsrfToken.php(87): Illuminate\\Pipeline\\Pipeline->{closure:{closure:Illuminate\\Pipeline\\Pipeline::carry():194}:195}()
#27 /home/sufocani/www/app.arssporttraining.ch/vendor/laravel/framework/src/Illuminate/Pipeline/Pipeline.php(219): Illuminate\\Foundation\\Http\\Middleware\\VerifyCsrfToken->handle()
#28 /home/sufocani/www/app.arssporttraining.ch/vendor/laravel/framework/src/Illuminate/View/Middleware/ShareErrorsFromSession.php(48): Illuminate\\Pipeline\\Pipeline->{closure:{closure:Illuminate\\Pipeline\\Pipeline::carry():194}:195}()
#29 /home/sufocani/www/app.arssporttraining.ch/vendor/laravel/framework/src/Illuminate/Pipeline/Pipeline.php(219): Illuminate\\View\\Middleware\\ShareErrorsFromSession->handle()
#30 /home/sufocani/www/app.arssporttraining.ch/vendor/laravel/framework/src/Illuminate/Session/Middleware/StartSession.php(120): Illuminate\\Pipeline\\Pipeline->{closure:{closure:Illuminate\\Pipeline\\Pipeline::carry():194}:195}()
#31 /home/sufocani/www/app.arssporttraining.ch/vendor/laravel/framework/src/Illuminate/Session/Middleware/StartSession.php(63): Illuminate\\Session\\Middleware\\StartSession->handleStatefulRequest()
#32 /home/sufocani/www/app.arssporttraining.ch/vendor/laravel/framework/src/Illuminate/Pipeline/Pipeline.php(219): Illuminate\\Session\\Middleware\\StartSession->handle()
#33 /home/sufocani/www/app.arssporttraining.ch/vendor/laravel/framework/src/Illuminate/Cookie/Middleware/AddQueuedCookiesToResponse.php(36): Illuminate\\Pipeline\\Pipeline->{closure:{closure:Illuminate\\Pipeline\\Pipeline::carry():194}:195}()
#34 /home/sufocani/www/app.arssporttraining.ch/vendor/laravel/framework/src/Illuminate/Pipeline/Pipeline.php(219): Illuminate\\Cookie\\Middleware\\AddQueuedCookiesToResponse->handle()
#35 /home/sufocani/www/app.arssporttraining.ch/vendor/laravel/framework/src/Illuminate/Cookie/Middleware/EncryptCookies.php(74): Illuminate\\Pipeline\\Pipeline->{closure:{closure:Illuminate\\Pipeline\\Pipeline::carry():194}:195}()
#36 /home/sufocani/www/app.arssporttraining.ch/vendor/laravel/framework/src/Illuminate/Pipeline/Pipeline.php(219): Illuminate\\Cookie\\Middleware\\EncryptCookies->handle()
#37 /home/sufocani/www/app.arssporttraining.ch/vendor/laravel/framework/src/Illuminate/Pipeline/Pipeline.php(137): Illuminate\\Pipeline\\Pipeline->{closure:{closure:Illuminate\\Pipeline\\Pipeline::carry():194}:195}()
#38 /home/sufocani/www/app.arssporttraining.ch/vendor/laravel/framework/src/Illuminate/Routing/Router.php(821): Illuminate\\Pipeline\\Pipeline->then()
#39 /home/sufocani/www/app.arssporttraining.ch/vendor/laravel/framework/src/Illuminate/Routing/Router.php(800): Illuminate\\Routing\\Router->runRouteWithinStack()
#40 /home/sufocani/www/app.arssporttraining.ch/vendor/laravel/framework/src/Illuminate/Routing/Router.php(764): Illuminate\\Routing\\Router->runRoute()
#41 /home/sufocani/www/app.arssporttraining.ch/vendor/laravel/framework/src/Illuminate/Routing/Router.php(753): Illuminate\\Routing\\Router->dispatchToRoute()
#42 /home/sufocani/www/app.arssporttraining.ch/vendor/laravel/framework/src/Illuminate/Foundation/Http/Kernel.php(200): Illuminate\\Routing\\Router->dispatch()
#43 /home/sufocani/www/app.arssporttraining.ch/vendor/laravel/framework/src/Illuminate/Pipeline/Pipeline.php(180): Illuminate\\Foundation\\Http\\Kernel->{closure:Illuminate\\Foundation\\Http\\Kernel::dispatchToRouter():197}()
#44 /home/sufocani/www/app.arssporttraining.ch/vendor/livewire/livewire/src/Features/SupportDisablingBackButtonCache/DisableBackButtonCacheMiddleware.php(19): Illuminate\\Pipeline\\Pipeline->{closure:Illuminate\\Pipeline\\Pipeline::prepareDestination():178}()
#45 /home/sufocani/www/app.arssporttraining.ch/vendor/laravel/framework/src/Illuminate/Pipeline/Pipeline.php(219): Livewire\\Features\\SupportDisablingBackButtonCache\\DisableBackButtonCacheMiddleware->handle()
#46 /home/sufocani/www/app.arssporttraining.ch/vendor/barryvdh/laravel-debugbar/src/Middleware/InjectDebugbar.php(59): Illuminate\\Pipeline\\Pipeline->{closure:{closure:Illuminate\\Pipeline\\Pipeline::carry():194}:195}()
#47 /home/sufocani/www/app.arssporttraining.ch/vendor/laravel/framework/src/Illuminate/Pipeline/Pipeline.php(219): Barryvdh\\Debugbar\\Middleware\\InjectDebugbar->handle()
#48 /home/sufocani/www/app.arssporttraining.ch/app/Http/Middleware/LogRequestTiming.php(14): Illuminate\\Pipeline\\Pipeline->{closure:{closure:Illuminate\\Pipeline\\Pipeline::carry():194}:195}()
#49 /home/sufocani/www/app.arssporttraining.ch/vendor/laravel/framework/src/Illuminate/Pipeline/Pipeline.php(219): App\\Http\\Middleware\\LogRequestTiming->handle()
#50 /home/sufocani/www/app.arssporttraining.ch/vendor/laravel/framework/src/Illuminate/Foundation/Http/Middleware/ConvertEmptyStringsToNull.php(27): Illuminate\\Pipeline\\Pipeline->{closure:{closure:Illuminate\\Pipeline\\Pipeline::carry():194}:195}()
#51 /home/sufocani/www/app.arssporttraining.ch/vendor/laravel/framework/src/Illuminate/Pipeline/Pipeline.php(219): Illuminate\\Foundation\\Http\\Middleware\\ConvertEmptyStringsToNull->handle()
#52 /home/sufocani/www/app.arssporttraining.ch/vendor/laravel/framework/src/Illuminate/Foundation/Http/Middleware/TrimStrings.php(47): Illuminate\\Pipeline\\Pipeline->{closure:{closure:Illuminate\\Pipeline\\Pipeline::carry():194}:195}()
#53 /home/sufocani/www/app.arssporttraining.ch/vendor/laravel/framework/src/Illuminate/Pipeline/Pipeline.php(219): Illuminate\\Foundation\\Http\\Middleware\\TrimStrings->handle()
#54 /home/sufocani/www/app.arssporttraining.ch/vendor/laravel/framework/src/Illuminate/Http/Middleware/ValidatePostSize.php(27): Illuminate\\Pipeline\\Pipeline->{closure:{closure:Illuminate\\Pipeline\\Pipeline::carry():194}:195}()
#55 /home/sufocani/www/app.arssporttraining.ch/vendor/laravel/framework/src/Illuminate/Pipeline/Pipeline.php(219): Illuminate\\Http\\Middleware\\ValidatePostSize->handle()
#56 /home/sufocani/www/app.arssporttraining.ch/vendor/laravel/framework/src/Illuminate/Foundation/Http/Middleware/PreventRequestsDuringMaintenance.php(109): Illuminate\\Pipeline\\Pipeline->{closure:{closure:Illuminate\\Pipeline\\Pipeline::carry():194}:195}()
#57 /home/sufocani/www/app.arssporttraining.ch/vendor/laravel/framework/src/Illuminate/Pipeline/Pipeline.php(219): Illuminate\\Foundation\\Http\\Middleware\\PreventRequestsDuringMaintenance->handle()
#58 /home/sufocani/www/app.arssporttraining.ch/vendor/laravel/framework/src/Illuminate/Http/Middleware/HandleCors.php(61): Illuminate\\Pipeline\\Pipeline->{closure:{closure:Illuminate\\Pipeline\\Pipeline::carry():194}:195}()
#59 /home/sufocani/www/app.arssporttraining.ch/vendor/laravel/framework/src/Illuminate/Pipeline/Pipeline.php(219): Illuminate\\Http\\Middleware\\HandleCors->handle()
#60 /home/sufocani/www/app.arssporttraining.ch/vendor/laravel/framework/src/Illuminate/Http/Middleware/TrustProxies.php(58): Illuminate\\Pipeline\\Pipeline->{closure:{closure:Illuminate\\Pipeline\\Pipeline::carry():194}:195}()
#61 /home/sufocani/www/app.arssporttraining.ch/vendor/laravel/framework/src/Illuminate/Pipeline/Pipeline.php(219): Illuminate\\Http\\Middleware\\TrustProxies->handle()
#62 /home/sufocani/www/app.arssporttraining.ch/vendor/laravel/framework/src/Illuminate/Foundation/Http/Middleware/InvokeDeferredCallbacks.php(22): Illuminate\\Pipeline\\Pipeline->{closure:{closure:Illuminate\\Pipeline\\Pipeline::carry():194}:195}()
#63 /home/sufocani/www/app.arssporttraining.ch/vendor/laravel/framework/src/Illuminate/Pipeline/Pipeline.php(219): Illuminate\\Foundation\\Http\\Middleware\\InvokeDeferredCallbacks->handle()
#64 /home/sufocani/www/app.arssporttraining.ch/vendor/laravel/framework/src/Illuminate/Http/Middleware/ValidatePathEncoding.php(26): Illuminate\\Pipeline\\Pipeline->{closure:{closure:Illuminate\\Pipeline\\Pipeline::carry():194}:195}()
#65 /home/sufocani/www/app.arssporttraining.ch/vendor/laravel/framework/src/Illuminate/Pipeline/Pipeline.php(219): Illuminate\\Http\\Middleware\\ValidatePathEncoding->handle()
#66 /home/sufocani/www/app.arssporttraining.ch/vendor/laravel/framework/src/Illuminate/Pipeline/Pipeline.php(137): Illuminate\\Pipeline\\Pipeline->{closure:{closure:Illuminate\\Pipeline\\Pipeline::carry():194}:195}()
#67 /home/sufocani/www/app.arssporttraining.ch/vendor/laravel/framework/src/Illuminate/Foundation/Http/Kernel.php(175): Illuminate\\Pipeline\\Pipeline->then()
#68 /home/sufocani/www/app.arssporttraining.ch/vendor/laravel/framework/src/Illuminate/Foundation/Http/Kernel.php(144): Illuminate\\Foundation\\Http\\Kernel->sendRequestThroughRouter()
#69 /home/sufocani/www/app.arssporttraining.ch/vendor/laravel/framework/src/Illuminate/Foundation/Application.php(1220): Illuminate\\Foundation\\Http\\Kernel->handle()
#70 /home/sufocani/www/app.arssporttraining.ch/public/index.php(20): Illuminate\\Foundation\\Application->handleRequest()
#71 {main}
"} 
[2026-05-31 09:12:42] production.ERROR: Property [$weeks] not found on component: [training.view.program-editor] {"userId":2,"exception":"[object] (Livewire\\Exceptions\\PropertyNotFoundException(code: 0): Property [$weeks] not found on component: [training.view.program-editor] at /home/sufocani/www/app.arssporttraining.ch/vendor/livewire/livewire/src/Component.php:139)
[stacktrace]
#0 /home/sufocani/www/app.arssporttraining.ch/app/Livewire/Training/View/ProgramEditor.php(426): Livewire\\Component->__get()
#1 /home/sufocani/www/app.arssporttraining.ch/vendor/laravel/framework/src/Illuminate/Container/BoundMethod.php(36): App\\Livewire\\Training\\View\\ProgramEditor->updatedWeeks()
#2 /home/sufocani/www/app.arssporttraining.ch/vendor/laravel/framework/src/Illuminate/Container/Util.php(43): Illuminate\\Container\\BoundMethod::{closure:Illuminate\\Container\\BoundMethod::call():35}()
#3 /home/sufocani/www/app.arssporttraining.ch/vendor/laravel/framework/src/Illuminate/Container/BoundMethod.php(96): Illuminate\\Container\\Util::unwrapIfClosure()
#4 /home/sufocani/www/app.arssporttraining.ch/vendor/laravel/framework/src/Illuminate/Container/BoundMethod.php(35): Illuminate\\Container\\BoundMethod::callBoundMethod()
#5 /home/sufocani/www/app.arssporttraining.ch/vendor/livewire/livewire/src/Wrapped.php(23): Illuminate\\Container\\BoundMethod::call()
#6 /home/sufocani/www/app.arssporttraining.ch/vendor/livewire/livewire/src/Features/SupportLifecycleHooks/SupportLifecycleHooks.php(176): Livewire\\Wrapped->__call()
#7 /home/sufocani/www/app.arssporttraining.ch/vendor/livewire/livewire/src/Features/SupportLifecycleHooks/SupportLifecycleHooks.php(93): Livewire\\Features\\SupportLifecycleHooks\\SupportLifecycleHooks->callHook()
#8 /home/sufocani/www/app.arssporttraining.ch/vendor/livewire/livewire/src/ComponentHook.php(33): Livewire\\Features\\SupportLifecycleHooks\\SupportLifecycleHooks->{closure:Livewire\\Features\\SupportLifecycleHooks\\SupportLifecycleHooks::update():89}()
#9 /home/sufocani/www/app.arssporttraining.ch/vendor/livewire/livewire/src/ComponentHookRegistry.php(121): Livewire\\ComponentHook->{closure:Livewire\\ComponentHook::callUpdate():31}()
#10 /home/sufocani/www/app.arssporttraining.ch/vendor/livewire/livewire/src/EventBus.php(100): Livewire\\ComponentHookRegistry::{closure:{closure:Livewire\\ComponentHookRegistry::proxyCallToHooks():110}:119}()
#11 /home/sufocani/www/app.arssporttraining.ch/vendor/livewire/livewire/src/Mechanisms/HandleComponents/HandleComponents.php(487): Livewire\\EventBus->{closure:Livewire\\EventBus::trigger():94}()
#12 /home/sufocani/www/app.arssporttraining.ch/vendor/livewire/livewire/src/Mechanisms/HandleComponents/HandleComponents.php(237): Livewire\\Mechanisms\\HandleComponents\\HandleComponents->updateProperties()
#13 /home/sufocani/www/app.arssporttraining.ch/vendor/livewire/livewire/src/LivewireManager.php(131): Livewire\\Mechanisms\\HandleComponents\\HandleComponents->update()
#14 /home/sufocani/www/app.arssporttraining.ch/vendor/livewire/livewire/src/Mechanisms/HandleRequests/HandleRequests.php(190): Livewire\\LivewireManager->update()
#15 /home/sufocani/www/app.arssporttraining.ch/vendor/laravel/framework/src/Illuminate/Routing/ControllerDispatcher.php(46): Livewire\\Mechanisms\\HandleRequests\\HandleRequests->handleUpdate()
#16 /home/sufocani/www/app.arssporttraining.ch/vendor/laravel/framework/src/Illuminate/Routing/Route.php(265): Illuminate\\Routing\\ControllerDispatcher->dispatch()
#17 /home/sufocani/www/app.arssporttraining.ch/vendor/laravel/framework/src/Illuminate/Routing/Route.php(211): Illuminate\\Routing\\Route->runController()
#18 /home/sufocani/www/app.arssporttraining.ch/vendor/laravel/framework/src/Illuminate/Routing/Router.php(822): Illuminate\\Routing\\Route->run()
#19 /home/sufocani/www/app.arssporttraining.ch/vendor/laravel/framework/src/Illuminate/Pipeline/Pipeline.php(180): Illuminate\\Routing\\Router->{closure:Illuminate\\Routing\\Router::runRouteWithinStack():821}()
#20 /home/sufocani/www/app.arssporttraining.ch/vendor/livewire/livewire/src/Mechanisms/HandleRequests/RequireLivewireHeaders.php(19): Illuminate\\Pipeline\\Pipeline->{closure:Illuminate\\Pipeline\\Pipeline::prepareDestination():178}()
#21 /home/sufocani/www/app.arssporttraining.ch/vendor/laravel/framework/src/Illuminate/Pipeline/Pipeline.php(219): Livewire\\Mechanisms\\HandleRequests\\RequireLivewireHeaders->handle()
#22 /home/sufocani/www/app.arssporttraining.ch/vendor/barryvdh/laravel-debugbar/src/Middleware/InjectDebugbar.php(59): Illuminate\\Pipeline\\Pipeline->{closure:{closure:Illuminate\\Pipeline\\Pipeline::carry():194}:195}()
#23 /home/sufocani/www/app.arssporttraining.ch/vendor/laravel/framework/src/Illuminate/Pipeline/Pipeline.php(219): Barryvdh\\Debugbar\\Middleware\\InjectDebugbar->handle()
#24 /home/sufocani/www/app.arssporttraining.ch/vendor/laravel/framework/src/Illuminate/Routing/Middleware/SubstituteBindings.php(50): Illuminate\\Pipeline\\Pipeline->{closure:{closure:Illuminate\\Pipeline\\Pipeline::carry():194}:195}()
#25 /home/sufocani/www/app.arssporttraining.ch/vendor/laravel/framework/src/Illuminate/Pipeline/Pipeline.php(219): Illuminate\\Routing\\Middleware\\SubstituteBindings->handle()
#26 /home/sufocani/www/app.arssporttraining.ch/vendor/laravel/framework/src/Illuminate/Foundation/Http/Middleware/VerifyCsrfToken.php(87): Illuminate\\Pipeline\\Pipeline->{closure:{closure:Illuminate\\Pipeline\\Pipeline::carry():194}:195}()
#27 /home/sufocani/www/app.arssporttraining.ch/vendor/laravel/framework/src/Illuminate/Pipeline/Pipeline.php(219): Illuminate\\Foundation\\Http\\Middleware\\VerifyCsrfToken->handle()
#28 /home/sufocani/www/app.arssporttraining.ch/vendor/laravel/framework/src/Illuminate/View/Middleware/ShareErrorsFromSession.php(48): Illuminate\\Pipeline\\Pipeline->{closure:{closure:Illuminate\\Pipeline\\Pipeline::carry():194}:195}()
#29 /home/sufocani/www/app.arssporttraining.ch/vendor/laravel/framework/src/Illuminate/Pipeline/Pipeline.php(219): Illuminate\\View\\Middleware\\ShareErrorsFromSession->handle()
#30 /home/sufocani/www/app.arssporttraining.ch/vendor/laravel/framework/src/Illuminate/Session/Middleware/StartSession.php(120): Illuminate\\Pipeline\\Pipeline->{closure:{closure:Illuminate\\Pipeline\\Pipeline::carry():194}:195}()
#31 /home/sufocani/www/app.arssporttraining.ch/vendor/laravel/framework/src/Illuminate/Session/Middleware/StartSession.php(63): Illuminate\\Session\\Middleware\\StartSession->handleStatefulRequest()
#32 /home/sufocani/www/app.arssporttraining.ch/vendor/laravel/framework/src/Illuminate/Pipeline/Pipeline.php(219): Illuminate\\Session\\Middleware\\StartSession->handle()
#33 /home/sufocani/www/app.arssporttraining.ch/vendor/laravel/framework/src/Illuminate/Cookie/Middleware/AddQueuedCookiesToResponse.php(36): Illuminate\\Pipeline\\Pipeline->{closure:{closure:Illuminate\\Pipeline\\Pipeline::carry():194}:195}()
#34 /home/sufocani/www/app.arssporttraining.ch/vendor/laravel/framework/src/Illuminate/Pipeline/Pipeline.php(219): Illuminate\\Cookie\\Middleware\\AddQueuedCookiesToResponse->handle()
#35 /home/sufocani/www/app.arssporttraining.ch/vendor/laravel/framework/src/Illuminate/Cookie/Middleware/EncryptCookies.php(74): Illuminate\\Pipeline\\Pipeline->{closure:{closure:Illuminate\\Pipeline\\Pipeline::carry():194}:195}()
#36 /home/sufocani/www/app.arssporttraining.ch/vendor/laravel/framework/src/Illuminate/Pipeline/Pipeline.php(219): Illuminate\\Cookie\\Middleware\\EncryptCookies->handle()
#37 /home/sufocani/www/app.arssporttraining.ch/vendor/laravel/framework/src/Illuminate/Pipeline/Pipeline.php(137): Illuminate\\Pipeline\\Pipeline->{closure:{closure:Illuminate\\Pipeline\\Pipeline::carry():194}:195}()
#38 /home/sufocani/www/app.arssporttraining.ch/vendor/laravel/framework/src/Illuminate/Routing/Router.php(821): Illuminate\\Pipeline\\Pipeline->then()
#39 /home/sufocani/www/app.arssporttraining.ch/vendor/laravel/framework/src/Illuminate/Routing/Router.php(800): Illuminate\\Routing\\Router->runRouteWithinStack()
#40 /home/sufocani/www/app.arssporttraining.ch/vendor/laravel/framework/src/Illuminate/Routing/Router.php(764): Illuminate\\Routing\\Router->runRoute()
#41 /home/sufocani/www/app.arssporttraining.ch/vendor/laravel/framework/src/Illuminate/Routing/Router.php(753): Illuminate\\Routing\\Router->dispatchToRoute()
#42 /home/sufocani/www/app.arssporttraining.ch/vendor/laravel/framework/src/Illuminate/Foundation/Http/Kernel.php(200): Illuminate\\Routing\\Router->dispatch()
#43 /home/sufocani/www/app.arssporttraining.ch/vendor/laravel/framework/src/Illuminate/Pipeline/Pipeline.php(180): Illuminate\\Foundation\\Http\\Kernel->{closure:Illuminate\\Foundation\\Http\\Kernel::dispatchToRouter():197}()
#44 /home/sufocani/www/app.arssporttraining.ch/vendor/livewire/livewire/src/Features/SupportDisablingBackButtonCache/DisableBackButtonCacheMiddleware.php(19): Illuminate\\Pipeline\\Pipeline->{closure:Illuminate\\Pipeline\\Pipeline::prepareDestination():178}()
#45 /home/sufocani/www/app.arssporttraining.ch/vendor/laravel/framework/src/Illuminate/Pipeline/Pipeline.php(219): Livewire\\Features\\SupportDisablingBackButtonCache\\DisableBackButtonCacheMiddleware->handle()
#46 /home/sufocani/www/app.arssporttraining.ch/vendor/barryvdh/laravel-debugbar/src/Middleware/InjectDebugbar.php(59): Illuminate\\Pipeline\\Pipeline->{closure:{closure:Illuminate\\Pipeline\\Pipeline::carry():194}:195}()
#47 /home/sufocani/www/app.arssporttraining.ch/vendor/laravel/framework/src/Illuminate/Pipeline/Pipeline.php(219): Barryvdh\\Debugbar\\Middleware\\InjectDebugbar->handle()
#48 /home/sufocani/www/app.arssporttraining.ch/app/Http/Middleware/LogRequestTiming.php(14): Illuminate\\Pipeline\\Pipeline->{closure:{closure:Illuminate\\Pipeline\\Pipeline::carry():194}:195}()
#49 /home/sufocani/www/app.arssporttraining.ch/vendor/laravel/framework/src/Illuminate/Pipeline/Pipeline.php(219): App\\Http\\Middleware\\LogRequestTiming->handle()
#50 /home/sufocani/www/app.arssporttraining.ch/vendor/laravel/framework/src/Illuminate/Foundation/Http/Middleware/ConvertEmptyStringsToNull.php(27): Illuminate\\Pipeline\\Pipeline->{closure:{closure:Illuminate\\Pipeline\\Pipeline::carry():194}:195}()
#51 /home/sufocani/www/app.arssporttraining.ch/vendor/laravel/framework/src/Illuminate/Pipeline/Pipeline.php(219): Illuminate\\Foundation\\Http\\Middleware\\ConvertEmptyStringsToNull->handle()
#52 /home/sufocani/www/app.arssporttraining.ch/vendor/laravel/framework/src/Illuminate/Foundation/Http/Middleware/TrimStrings.php(47): Illuminate\\Pipeline\\Pipeline->{closure:{closure:Illuminate\\Pipeline\\Pipeline::carry():194}:195}()
#53 /home/sufocani/www/app.arssporttraining.ch/vendor/laravel/framework/src/Illuminate/Pipeline/Pipeline.php(219): Illuminate\\Foundation\\Http\\Middleware\\TrimStrings->handle()
#54 /home/sufocani/www/app.arssporttraining.ch/vendor/laravel/framework/src/Illuminate/Http/Middleware/ValidatePostSize.php(27): Illuminate\\Pipeline\\Pipeline->{closure:{closure:Illuminate\\Pipeline\\Pipeline::carry():194}:195}()
#55 /home/sufocani/www/app.arssporttraining.ch/vendor/laravel/framework/src/Illuminate/Pipeline/Pipeline.php(219): Illuminate\\Http\\Middleware\\ValidatePostSize->handle()
#56 /home/sufocani/www/app.arssporttraining.ch/vendor/laravel/framework/src/Illuminate/Foundation/Http/Middleware/PreventRequestsDuringMaintenance.php(109): Illuminate\\Pipeline\\Pipeline->{closure:{closure:Illuminate\\Pipeline\\Pipeline::carry():194}:195}()
#57 /home/sufocani/www/app.arssporttraining.ch/vendor/laravel/framework/src/Illuminate/Pipeline/Pipeline.php(219): Illuminate\\Foundation\\Http\\Middleware\\PreventRequestsDuringMaintenance->handle()
#58 /home/sufocani/www/app.arssporttraining.ch/vendor/laravel/framework/src/Illuminate/Http/Middleware/HandleCors.php(61): Illuminate\\Pipeline\\Pipeline->{closure:{closure:Illuminate\\Pipeline\\Pipeline::carry():194}:195}()
#59 /home/sufocani/www/app.arssporttraining.ch/vendor/laravel/framework/src/Illuminate/Pipeline/Pipeline.php(219): Illuminate\\Http\\Middleware\\HandleCors->handle()
#60 /home/sufocani/www/app.arssporttraining.ch/vendor/laravel/framework/src/Illuminate/Http/Middleware/TrustProxies.php(58): Illuminate\\Pipeline\\Pipeline->{closure:{closure:Illuminate\\Pipeline\\Pipeline::carry():194}:195}()
#61 /home/sufocani/www/app.arssporttraining.ch/vendor/laravel/framework/src/Illuminate/Pipeline/Pipeline.php(219): Illuminate\\Http\\Middleware\\TrustProxies->handle()
#62 /home/sufocani/www/app.arssporttraining.ch/vendor/laravel/framework/src/Illuminate/Foundation/Http/Middleware/InvokeDeferredCallbacks.php(22): Illuminate\\Pipeline\\Pipeline->{closure:{closure:Illuminate\\Pipeline\\Pipeline::carry():194}:195}()
#63 /home/sufocani/www/app.arssporttraining.ch/vendor/laravel/framework/src/Illuminate/Pipeline/Pipeline.php(219): Illuminate\\Foundation\\Http\\Middleware\\InvokeDeferredCallbacks->handle()
#64 /home/sufocani/www/app.arssporttraining.ch/vendor/laravel/framework/src/Illuminate/Http/Middleware/ValidatePathEncoding.php(26): Illuminate\\Pipeline\\Pipeline->{closure:{closure:Illuminate\\Pipeline\\Pipeline::carry():194}:195}()
#65 /home/sufocani/www/app.arssporttraining.ch/vendor/laravel/framework/src/Illuminate/Pipeline/Pipeline.php(219): Illuminate\\Http\\Middleware\\ValidatePathEncoding->handle()
#66 /home/sufocani/www/app.arssporttraining.ch/vendor/laravel/framework/src/Illuminate/Pipeline/Pipeline.php(137): Illuminate\\Pipeline\\Pipeline->{closure:{closure:Illuminate\\Pipeline\\Pipeline::carry():194}:195}()
#67 /home/sufocani/www/app.arssporttraining.ch/vendor/laravel/framework/src/Illuminate/Foundation/Http/Kernel.php(175): Illuminate\\Pipeline\\Pipeline->then()
#68 /home/sufocani/www/app.arssporttraining.ch/vendor/laravel/framework/src/Illuminate/Foundation/Http/Kernel.php(144): Illuminate\\Foundation\\Http\\Kernel->sendRequestThroughRouter()
#69 /home/sufocani/www/app.arssporttraining.ch/vendor/laravel/framework/src/Illuminate/Foundation/Application.php(1220): Illuminate\\Foundation\\Http\\Kernel->handle()
#70 /home/sufocani/www/app.arssporttraining.ch/public/index.php(20): Illuminate\\Foundation\\Application->handleRequest()
#71 {main}
"} 
[2026-05-31 12:48:03] production.ERROR: Property [$weeks] not found on component: [training.view.program-editor] {"userId":3,"exception":"[object] (Livewire\\Exceptions\\PropertyNotFoundException(code: 0): Property [$weeks] not found on component: [training.view.program-editor] at /home/sufocani/www/app.arssporttraining.ch/vendor/livewire/livewire/src/Component.php:139)
[stacktrace]
#0 /home/sufocani/www/app.arssporttraining.ch/app/Livewire/Training/View/ProgramEditor.php(426): Livewire\\Component->__get()
#1 /home/sufocani/www/app.arssporttraining.ch/vendor/laravel/framework/src/Illuminate/Container/BoundMethod.php(36): App\\Livewire\\Training\\View\\ProgramEditor->updatedWeeks()
#2 /home/sufocani/www/app.arssporttraining.ch/vendor/laravel/framework/src/Illuminate/Container/Util.php(43): Illuminate\\Container\\BoundMethod::{closure:Illuminate\\Container\\BoundMethod::call():35}()
#3 /home/sufocani/www/app.arssporttraining.ch/vendor/laravel/framework/src/Illuminate/Container/BoundMethod.php(96): Illuminate\\Container\\Util::unwrapIfClosure()
#4 /home/sufocani/www/app.arssporttraining.ch/vendor/laravel/framework/src/Illuminate/Container/BoundMethod.php(35): Illuminate\\Container\\BoundMethod::callBoundMethod()
#5 /home/sufocani/www/app.arssporttraining.ch/vendor/livewire/livewire/src/Wrapped.php(23): Illuminate\\Container\\BoundMethod::call()
#6 /home/sufocani/www/app.arssporttraining.ch/vendor/livewire/livewire/src/Features/SupportLifecycleHooks/SupportLifecycleHooks.php(176): Livewire\\Wrapped->__call()
#7 /home/sufocani/www/app.arssporttraining.ch/vendor/livewire/livewire/src/Features/SupportLifecycleHooks/SupportLifecycleHooks.php(93): Livewire\\Features\\SupportLifecycleHooks\\SupportLifecycleHooks->callHook()
#8 /home/sufocani/www/app.arssporttraining.ch/vendor/livewire/livewire/src/ComponentHook.php(33): Livewire\\Features\\SupportLifecycleHooks\\SupportLifecycleHooks->{closure:Livewire\\Features\\SupportLifecycleHooks\\SupportLifecycleHooks::update():89}()
#9 /home/sufocani/www/app.arssporttraining.ch/vendor/livewire/livewire/src/ComponentHookRegistry.php(121): Livewire\\ComponentHook->{closure:Livewire\\ComponentHook::callUpdate():31}()
#10 /home/sufocani/www/app.arssporttraining.ch/vendor/livewire/livewire/src/EventBus.php(100): Livewire\\ComponentHookRegistry::{closure:{closure:Livewire\\ComponentHookRegistry::proxyCallToHooks():110}:119}()
#11 /home/sufocani/www/app.arssporttraining.ch/vendor/livewire/livewire/src/Mechanisms/HandleComponents/HandleComponents.php(487): Livewire\\EventBus->{closure:Livewire\\EventBus::trigger():94}()
#12 /home/sufocani/www/app.arssporttraining.ch/vendor/livewire/livewire/src/Mechanisms/HandleComponents/HandleComponents.php(237): Livewire\\Mechanisms\\HandleComponents\\HandleComponents->updateProperties()
#13 /home/sufocani/www/app.arssporttraining.ch/vendor/livewire/livewire/src/LivewireManager.php(131): Livewire\\Mechanisms\\HandleComponents\\HandleComponents->update()
#14 /home/sufocani/www/app.arssporttraining.ch/vendor/livewire/livewire/src/Mechanisms/HandleRequests/HandleRequests.php(190): Livewire\\LivewireManager->update()
#15 /home/sufocani/www/app.arssporttraining.ch/vendor/laravel/framework/src/Illuminate/Routing/ControllerDispatcher.php(46): Livewire\\Mechanisms\\HandleRequests\\HandleRequests->handleUpdate()
#16 /home/sufocani/www/app.arssporttraining.ch/vendor/laravel/framework/src/Illuminate/Routing/Route.php(265): Illuminate\\Routing\\ControllerDispatcher->dispatch()
#17 /home/sufocani/www/app.arssporttraining.ch/vendor/laravel/framework/src/Illuminate/Routing/Route.php(211): Illuminate\\Routing\\Route->runController()
#18 /home/sufocani/www/app.arssporttraining.ch/vendor/laravel/framework/src/Illuminate/Routing/Router.php(822): Illuminate\\Routing\\Route->run()
#19 /home/sufocani/www/app.arssporttraining.ch/vendor/laravel/framework/src/Illuminate/Pipeline/Pipeline.php(180): Illuminate\\Routing\\Router->{closure:Illuminate\\Routing\\Router::runRouteWithinStack():821}()
#20 /home/sufocani/www/app.arssporttraining.ch/vendor/livewire/livewire/src/Mechanisms/HandleRequests/RequireLivewireHeaders.php(19): Illuminate\\Pipeline\\Pipeline->{closure:Illuminate\\Pipeline\\Pipeline::prepareDestination():178}()
#21 /home/sufocani/www/app.arssporttraining.ch/vendor/laravel/framework/src/Illuminate/Pipeline/Pipeline.php(219): Livewire\\Mechanisms\\HandleRequests\\RequireLivewireHeaders->handle()
#22 /home/sufocani/www/app.arssporttraining.ch/vendor/barryvdh/laravel-debugbar/src/Middleware/InjectDebugbar.php(59): Illuminate\\Pipeline\\Pipeline->{closure:{closure:Illuminate\\Pipeline\\Pipeline::carry():194}:195}()
#23 /home/sufocani/www/app.arssporttraining.ch/vendor/laravel/framework/src/Illuminate/Pipeline/Pipeline.php(219): Barryvdh\\Debugbar\\Middleware\\InjectDebugbar->handle()
#24 /home/sufocani/www/app.arssporttraining.ch/vendor/laravel/framework/src/Illuminate/Routing/Middleware/SubstituteBindings.php(50): Illuminate\\Pipeline\\Pipeline->{closure:{closure:Illuminate\\Pipeline\\Pipeline::carry():194}:195}()
#25 /home/sufocani/www/app.arssporttraining.ch/vendor/laravel/framework/src/Illuminate/Pipeline/Pipeline.php(219): Illuminate\\Routing\\Middleware\\SubstituteBindings->handle()
#26 /home/sufocani/www/app.arssporttraining.ch/vendor/laravel/framework/src/Illuminate/Foundation/Http/Middleware/VerifyCsrfToken.php(87): Illuminate\\Pipeline\\Pipeline->{closure:{closure:Illuminate\\Pipeline\\Pipeline::carry():194}:195}()
#27 /home/sufocani/www/app.arssporttraining.ch/vendor/laravel/framework/src/Illuminate/Pipeline/Pipeline.php(219): Illuminate\\Foundation\\Http\\Middleware\\VerifyCsrfToken->handle()
#28 /home/sufocani/www/app.arssporttraining.ch/vendor/laravel/framework/src/Illuminate/View/Middleware/ShareErrorsFromSession.php(48): Illuminate\\Pipeline\\Pipeline->{closure:{closure:Illuminate\\Pipeline\\Pipeline::carry():194}:195}()
#29 /home/sufocani/www/app.arssporttraining.ch/vendor/laravel/framework/src/Illuminate/Pipeline/Pipeline.php(219): Illuminate\\View\\Middleware\\ShareErrorsFromSession->handle()
#30 /home/sufocani/www/app.arssporttraining.ch/vendor/laravel/framework/src/Illuminate/Session/Middleware/StartSession.php(120): Illuminate\\Pipeline\\Pipeline->{closure:{closure:Illuminate\\Pipeline\\Pipeline::carry():194}:195}()
#31 /home/sufocani/www/app.arssporttraining.ch/vendor/laravel/framework/src/Illuminate/Session/Middleware/StartSession.php(63): Illuminate\\Session\\Middleware\\StartSession->handleStatefulRequest()
#32 /home/sufocani/www/app.arssporttraining.ch/vendor/laravel/framework/src/Illuminate/Pipeline/Pipeline.php(219): Illuminate\\Session\\Middleware\\StartSession->handle()
#33 /home/sufocani/www/app.arssporttraining.ch/vendor/laravel/framework/src/Illuminate/Cookie/Middleware/AddQueuedCookiesToResponse.php(36): Illuminate\\Pipeline\\Pipeline->{closure:{closure:Illuminate\\Pipeline\\Pipeline::carry():194}:195}()
#34 /home/sufocani/www/app.arssporttraining.ch/vendor/laravel/framework/src/Illuminate/Pipeline/Pipeline.php(219): Illuminate\\Cookie\\Middleware\\AddQueuedCookiesToResponse->handle()
#35 /home/sufocani/www/app.arssporttraining.ch/vendor/laravel/framework/src/Illuminate/Cookie/Middleware/EncryptCookies.php(74): Illuminate\\Pipeline\\Pipeline->{closure:{closure:Illuminate\\Pipeline\\Pipeline::carry():194}:195}()
#36 /home/sufocani/www/app.arssporttraining.ch/vendor/laravel/framework/src/Illuminate/Pipeline/Pipeline.php(219): Illuminate\\Cookie\\Middleware\\EncryptCookies->handle()
#37 /home/sufocani/www/app.arssporttraining.ch/vendor/laravel/framework/src/Illuminate/Pipeline/Pipeline.php(137): Illuminate\\Pipeline\\Pipeline->{closure:{closure:Illuminate\\Pipeline\\Pipeline::carry():194}:195}()
#38 /home/sufocani/www/app.arssporttraining.ch/vendor/laravel/framework/src/Illuminate/Routing/Router.php(821): Illuminate\\Pipeline\\Pipeline->then()
#39 /home/sufocani/www/app.arssporttraining.ch/vendor/laravel/framework/src/Illuminate/Routing/Router.php(800): Illuminate\\Routing\\Router->runRouteWithinStack()
#40 /home/sufocani/www/app.arssporttraining.ch/vendor/laravel/framework/src/Illuminate/Routing/Router.php(764): Illuminate\\Routing\\Router->runRoute()
#41 /home/sufocani/www/app.arssporttraining.ch/vendor/laravel/framework/src/Illuminate/Routing/Router.php(753): Illuminate\\Routing\\Router->dispatchToRoute()
#42 /home/sufocani/www/app.arssporttraining.ch/vendor/laravel/framework/src/Illuminate/Foundation/Http/Kernel.php(200): Illuminate\\Routing\\Router->dispatch()
#43 /home/sufocani/www/app.arssporttraining.ch/vendor/laravel/framework/src/Illuminate/Pipeline/Pipeline.php(180): Illuminate\\Foundation\\Http\\Kernel->{closure:Illuminate\\Foundation\\Http\\Kernel::dispatchToRouter():197}()
#44 /home/sufocani/www/app.arssporttraining.ch/vendor/livewire/livewire/src/Features/SupportDisablingBackButtonCache/DisableBackButtonCacheMiddleware.php(19): Illuminate\\Pipeline\\Pipeline->{closure:Illuminate\\Pipeline\\Pipeline::prepareDestination():178}()
#45 /home/sufocani/www/app.arssporttraining.ch/vendor/laravel/framework/src/Illuminate/Pipeline/Pipeline.php(219): Livewire\\Features\\SupportDisablingBackButtonCache\\DisableBackButtonCacheMiddleware->handle()
#46 /home/sufocani/www/app.arssporttraining.ch/vendor/barryvdh/laravel-debugbar/src/Middleware/InjectDebugbar.php(59): Illuminate\\Pipeline\\Pipeline->{closure:{closure:Illuminate\\Pipeline\\Pipeline::carry():194}:195}()
#47 /home/sufocani/www/app.arssporttraining.ch/vendor/laravel/framework/src/Illuminate/Pipeline/Pipeline.php(219): Barryvdh\\Debugbar\\Middleware\\InjectDebugbar->handle()
#48 /home/sufocani/www/app.arssporttraining.ch/app/Http/Middleware/LogRequestTiming.php(14): Illuminate\\Pipeline\\Pipeline->{closure:{closure:Illuminate\\Pipeline\\Pipeline::carry():194}:195}()
#49 /home/sufocani/www/app.arssporttraining.ch/vendor/laravel/framework/src/Illuminate/Pipeline/Pipeline.php(219): App\\Http\\Middleware\\LogRequestTiming->handle()
#50 /home/sufocani/www/app.arssporttraining.ch/vendor/laravel/framework/src/Illuminate/Foundation/Http/Middleware/ConvertEmptyStringsToNull.php(27): Illuminate\\Pipeline\\Pipeline->{closure:{closure:Illuminate\\Pipeline\\Pipeline::carry():194}:195}()
#51 /home/sufocani/www/app.arssporttraining.ch/vendor/laravel/framework/src/Illuminate/Pipeline/Pipeline.php(219): Illuminate\\Foundation\\Http\\Middleware\\ConvertEmptyStringsToNull->handle()
#52 /home/sufocani/www/app.arssporttraining.ch/vendor/laravel/framework/src/Illuminate/Foundation/Http/Middleware/TrimStrings.php(47): Illuminate\\Pipeline\\Pipeline->{closure:{closure:Illuminate\\Pipeline\\Pipeline::carry():194}:195}()
#53 /home/sufocani/www/app.arssporttraining.ch/vendor/laravel/framework/src/Illuminate/Pipeline/Pipeline.php(219): Illuminate\\Foundation\\Http\\Middleware\\TrimStrings->handle()
#54 /home/sufocani/www/app.arssporttraining.ch/vendor/laravel/framework/src/Illuminate/Http/Middleware/ValidatePostSize.php(27): Illuminate\\Pipeline\\Pipeline->{closure:{closure:Illuminate\\Pipeline\\Pipeline::carry():194}:195}()
#55 /home/sufocani/www/app.arssporttraining.ch/vendor/laravel/framework/src/Illuminate/Pipeline/Pipeline.php(219): Illuminate\\Http\\Middleware\\ValidatePostSize->handle()
#56 /home/sufocani/www/app.arssporttraining.ch/vendor/laravel/framework/src/Illuminate/Foundation/Http/Middleware/PreventRequestsDuringMaintenance.php(109): Illuminate\\Pipeline\\Pipeline->{closure:{closure:Illuminate\\Pipeline\\Pipeline::carry():194}:195}()
#57 /home/sufocani/www/app.arssporttraining.ch/vendor/laravel/framework/src/Illuminate/Pipeline/Pipeline.php(219): Illuminate\\Foundation\\Http\\Middleware\\PreventRequestsDuringMaintenance->handle()
#58 /home/sufocani/www/app.arssporttraining.ch/vendor/laravel/framework/src/Illuminate/Http/Middleware/HandleCors.php(61): Illuminate\\Pipeline\\Pipeline->{closure:{closure:Illuminate\\Pipeline\\Pipeline::carry():194}:195}()
#59 /home/sufocani/www/app.arssporttraining.ch/vendor/laravel/framework/src/Illuminate/Pipeline/Pipeline.php(219): Illuminate\\Http\\Middleware\\HandleCors->handle()
#60 /home/sufocani/www/app.arssporttraining.ch/vendor/laravel/framework/src/Illuminate/Http/Middleware/TrustProxies.php(58): Illuminate\\Pipeline\\Pipeline->{closure:{closure:Illuminate\\Pipeline\\Pipeline::carry():194}:195}()
#61 /home/sufocani/www/app.arssporttraining.ch/vendor/laravel/framework/src/Illuminate/Pipeline/Pipeline.php(219): Illuminate\\Http\\Middleware\\TrustProxies->handle()
#62 /home/sufocani/www/app.arssporttraining.ch/vendor/laravel/framework/src/Illuminate/Foundation/Http/Middleware/InvokeDeferredCallbacks.php(22): Illuminate\\Pipeline\\Pipeline->{closure:{closure:Illuminate\\Pipeline\\Pipeline::carry():194}:195}()
#63 /home/sufocani/www/app.arssporttraining.ch/vendor/laravel/framework/src/Illuminate/Pipeline/Pipeline.php(219): Illuminate\\Foundation\\Http\\Middleware\\InvokeDeferredCallbacks->handle()
#64 /home/sufocani/www/app.arssporttraining.ch/vendor/laravel/framework/src/Illuminate/Http/Middleware/ValidatePathEncoding.php(26): Illuminate\\Pipeline\\Pipeline->{closure:{closure:Illuminate\\Pipeline\\Pipeline::carry():194}:195}()
#65 /home/sufocani/www/app.arssporttraining.ch/vendor/laravel/framework/src/Illuminate/Pipeline/Pipeline.php(219): Illuminate\\Http\\Middleware\\ValidatePathEncoding->handle()
#66 /home/sufocani/www/app.arssporttraining.ch/vendor/laravel/framework/src/Illuminate/Pipeline/Pipeline.php(137): Illuminate\\Pipeline\\Pipeline->{closure:{closure:Illuminate\\Pipeline\\Pipeline::carry():194}:195}()
#67 /home/sufocani/www/app.arssporttraining.ch/vendor/laravel/framework/src/Illuminate/Foundation/Http/Kernel.php(175): Illuminate\\Pipeline\\Pipeline->then()
#68 /home/sufocani/www/app.arssporttraining.ch/vendor/laravel/framework/src/Illuminate/Foundation/Http/Kernel.php(144): Illuminate\\Foundation\\Http\\Kernel->sendRequestThroughRouter()
#69 /home/sufocani/www/app.arssporttraining.ch/vendor/laravel/framework/src/Illuminate/Foundation/Application.php(1220): Illuminate\\Foundation\\Http\\Kernel->handle()
#70 /home/sufocani/www/app.arssporttraining.ch/public/index.php(20): Illuminate\\Foundation\\Application->handleRequest()
#71 {main}
"} 
[2026-05-31 13:54:43] production.ERROR: Property [$weeks] not found on component: [training.view.program-editor] {"userId":3,"exception":"[object] (Livewire\\Exceptions\\PropertyNotFoundException(code: 0): Property [$weeks] not found on component: [training.view.program-editor] at /home/sufocani/www/app.arssporttraining.ch/vendor/livewire/livewire/src/Component.php:139)
[stacktrace]
#0 /home/sufocani/www/app.arssporttraining.ch/app/Livewire/Training/View/ProgramEditor.php(426): Livewire\\Component->__get()
#1 /home/sufocani/www/app.arssporttraining.ch/vendor/laravel/framework/src/Illuminate/Container/BoundMethod.php(36): App\\Livewire\\Training\\View\\ProgramEditor->updatedWeeks()
#2 /home/sufocani/www/app.arssporttraining.ch/vendor/laravel/framework/src/Illuminate/Container/Util.php(43): Illuminate\\Container\\BoundMethod::{closure:Illuminate\\Container\\BoundMethod::call():35}()
#3 /home/sufocani/www/app.arssporttraining.ch/vendor/laravel/framework/src/Illuminate/Container/BoundMethod.php(96): Illuminate\\Container\\Util::unwrapIfClosure()
#4 /home/sufocani/www/app.arssporttraining.ch/vendor/laravel/framework/src/Illuminate/Container/BoundMethod.php(35): Illuminate\\Container\\BoundMethod::callBoundMethod()
#5 /home/sufocani/www/app.arssporttraining.ch/vendor/livewire/livewire/src/Wrapped.php(23): Illuminate\\Container\\BoundMethod::call()
#6 /home/sufocani/www/app.arssporttraining.ch/vendor/livewire/livewire/src/Features/SupportLifecycleHooks/SupportLifecycleHooks.php(176): Livewire\\Wrapped->__call()
#7 /home/sufocani/www/app.arssporttraining.ch/vendor/livewire/livewire/src/Features/SupportLifecycleHooks/SupportLifecycleHooks.php(93): Livewire\\Features\\SupportLifecycleHooks\\SupportLifecycleHooks->callHook()
#8 /home/sufocani/www/app.arssporttraining.ch/vendor/livewire/livewire/src/ComponentHook.php(33): Livewire\\Features\\SupportLifecycleHooks\\SupportLifecycleHooks->{closure:Livewire\\Features\\SupportLifecycleHooks\\SupportLifecycleHooks::update():89}()
#9 /home/sufocani/www/app.arssporttraining.ch/vendor/livewire/livewire/src/ComponentHookRegistry.php(121): Livewire\\ComponentHook->{closure:Livewire\\ComponentHook::callUpdate():31}()
#10 /home/sufocani/www/app.arssporttraining.ch/vendor/livewire/livewire/src/EventBus.php(100): Livewire\\ComponentHookRegistry::{closure:{closure:Livewire\\ComponentHookRegistry::proxyCallToHooks():110}:119}()
#11 /home/sufocani/www/app.arssporttraining.ch/vendor/livewire/livewire/src/Mechanisms/HandleComponents/HandleComponents.php(487): Livewire\\EventBus->{closure:Livewire\\EventBus::trigger():94}()
#12 /home/sufocani/www/app.arssporttraining.ch/vendor/livewire/livewire/src/Mechanisms/HandleComponents/HandleComponents.php(237): Livewire\\Mechanisms\\HandleComponents\\HandleComponents->updateProperties()
#13 /home/sufocani/www/app.arssporttraining.ch/vendor/livewire/livewire/src/LivewireManager.php(131): Livewire\\Mechanisms\\HandleComponents\\HandleComponents->update()
#14 /home/sufocani/www/app.arssporttraining.ch/vendor/livewire/livewire/src/Mechanisms/HandleRequests/HandleRequests.php(190): Livewire\\LivewireManager->update()
#15 /home/sufocani/www/app.arssporttraining.ch/vendor/laravel/framework/src/Illuminate/Routing/ControllerDispatcher.php(46): Livewire\\Mechanisms\\HandleRequests\\HandleRequests->handleUpdate()
#16 /home/sufocani/www/app.arssporttraining.ch/vendor/laravel/framework/src/Illuminate/Routing/Route.php(265): Illuminate\\Routing\\ControllerDispatcher->dispatch()
#17 /home/sufocani/www/app.arssporttraining.ch/vendor/laravel/framework/src/Illuminate/Routing/Route.php(211): Illuminate\\Routing\\Route->runController()
#18 /home/sufocani/www/app.arssporttraining.ch/vendor/laravel/framework/src/Illuminate/Routing/Router.php(822): Illuminate\\Routing\\Route->run()
#19 /home/sufocani/www/app.arssporttraining.ch/vendor/laravel/framework/src/Illuminate/Pipeline/Pipeline.php(180): Illuminate\\Routing\\Router->{closure:Illuminate\\Routing\\Router::runRouteWithinStack():821}()
#20 /home/sufocani/www/app.arssporttraining.ch/vendor/livewire/livewire/src/Mechanisms/HandleRequests/RequireLivewireHeaders.php(19): Illuminate\\Pipeline\\Pipeline->{closure:Illuminate\\Pipeline\\Pipeline::prepareDestination():178}()
#21 /home/sufocani/www/app.arssporttraining.ch/vendor/laravel/framework/src/Illuminate/Pipeline/Pipeline.php(219): Livewire\\Mechanisms\\HandleRequests\\RequireLivewireHeaders->handle()
#22 /home/sufocani/www/app.arssporttraining.ch/vendor/barryvdh/laravel-debugbar/src/Middleware/InjectDebugbar.php(59): Illuminate\\Pipeline\\Pipeline->{closure:{closure:Illuminate\\Pipeline\\Pipeline::carry():194}:195}()
#23 /home/sufocani/www/app.arssporttraining.ch/vendor/laravel/framework/src/Illuminate/Pipeline/Pipeline.php(219): Barryvdh\\Debugbar\\Middleware\\InjectDebugbar->handle()
#24 /home/sufocani/www/app.arssporttraining.ch/vendor/laravel/framework/src/Illuminate/Routing/Middleware/SubstituteBindings.php(50): Illuminate\\Pipeline\\Pipeline->{closure:{closure:Illuminate\\Pipeline\\Pipeline::carry():194}:195}()
#25 /home/sufocani/www/app.arssporttraining.ch/vendor/laravel/framework/src/Illuminate/Pipeline/Pipeline.php(219): Illuminate\\Routing\\Middleware\\SubstituteBindings->handle()
#26 /home/sufocani/www/app.arssporttraining.ch/vendor/laravel/framework/src/Illuminate/Foundation/Http/Middleware/VerifyCsrfToken.php(87): Illuminate\\Pipeline\\Pipeline->{closure:{closure:Illuminate\\Pipeline\\Pipeline::carry():194}:195}()
#27 /home/sufocani/www/app.arssporttraining.ch/vendor/laravel/framework/src/Illuminate/Pipeline/Pipeline.php(219): Illuminate\\Foundation\\Http\\Middleware\\VerifyCsrfToken->handle()
#28 /home/sufocani/www/app.arssporttraining.ch/vendor/laravel/framework/src/Illuminate/View/Middleware/ShareErrorsFromSession.php(48): Illuminate\\Pipeline\\Pipeline->{closure:{closure:Illuminate\\Pipeline\\Pipeline::carry():194}:195}()
#29 /home/sufocani/www/app.arssporttraining.ch/vendor/laravel/framework/src/Illuminate/Pipeline/Pipeline.php(219): Illuminate\\View\\Middleware\\ShareErrorsFromSession->handle()
#30 /home/sufocani/www/app.arssporttraining.ch/vendor/laravel/framework/src/Illuminate/Session/Middleware/StartSession.php(120): Illuminate\\Pipeline\\Pipeline->{closure:{closure:Illuminate\\Pipeline\\Pipeline::carry():194}:195}()
#31 /home/sufocani/www/app.arssporttraining.ch/vendor/laravel/framework/src/Illuminate/Session/Middleware/StartSession.php(63): Illuminate\\Session\\Middleware\\StartSession->handleStatefulRequest()
#32 /home/sufocani/www/app.arssporttraining.ch/vendor/laravel/framework/src/Illuminate/Pipeline/Pipeline.php(219): Illuminate\\Session\\Middleware\\StartSession->handle()
#33 /home/sufocani/www/app.arssporttraining.ch/vendor/laravel/framework/src/Illuminate/Cookie/Middleware/AddQueuedCookiesToResponse.php(36): Illuminate\\Pipeline\\Pipeline->{closure:{closure:Illuminate\\Pipeline\\Pipeline::carry():194}:195}()
#34 /home/sufocani/www/app.arssporttraining.ch/vendor/laravel/framework/src/Illuminate/Pipeline/Pipeline.php(219): Illuminate\\Cookie\\Middleware\\AddQueuedCookiesToResponse->handle()
#35 /home/sufocani/www/app.arssporttraining.ch/vendor/laravel/framework/src/Illuminate/Cookie/Middleware/EncryptCookies.php(74): Illuminate\\Pipeline\\Pipeline->{closure:{closure:Illuminate\\Pipeline\\Pipeline::carry():194}:195}()
#36 /home/sufocani/www/app.arssporttraining.ch/vendor/laravel/framework/src/Illuminate/Pipeline/Pipeline.php(219): Illuminate\\Cookie\\Middleware\\EncryptCookies->handle()
#37 /home/sufocani/www/app.arssporttraining.ch/vendor/laravel/framework/src/Illuminate/Pipeline/Pipeline.php(137): Illuminate\\Pipeline\\Pipeline->{closure:{closure:Illuminate\\Pipeline\\Pipeline::carry():194}:195}()
#38 /home/sufocani/www/app.arssporttraining.ch/vendor/laravel/framework/src/Illuminate/Routing/Router.php(821): Illuminate\\Pipeline\\Pipeline->then()
#39 /home/sufocani/www/app.arssporttraining.ch/vendor/laravel/framework/src/Illuminate/Routing/Router.php(800): Illuminate\\Routing\\Router->runRouteWithinStack()
#40 /home/sufocani/www/app.arssporttraining.ch/vendor/laravel/framework/src/Illuminate/Routing/Router.php(764): Illuminate\\Routing\\Router->runRoute()
#41 /home/sufocani/www/app.arssporttraining.ch/vendor/laravel/framework/src/Illuminate/Routing/Router.php(753): Illuminate\\Routing\\Router->dispatchToRoute()
#42 /home/sufocani/www/app.arssporttraining.ch/vendor/laravel/framework/src/Illuminate/Foundation/Http/Kernel.php(200): Illuminate\\Routing\\Router->dispatch()
#43 /home/sufocani/www/app.arssporttraining.ch/vendor/laravel/framework/src/Illuminate/Pipeline/Pipeline.php(180): Illuminate\\Foundation\\Http\\Kernel->{closure:Illuminate\\Foundation\\Http\\Kernel::dispatchToRouter():197}()
#44 /home/sufocani/www/app.arssporttraining.ch/vendor/livewire/livewire/src/Features/SupportDisablingBackButtonCache/DisableBackButtonCacheMiddleware.php(19): Illuminate\\Pipeline\\Pipeline->{closure:Illuminate\\Pipeline\\Pipeline::prepareDestination():178}()
#45 /home/sufocani/www/app.arssporttraining.ch/vendor/laravel/framework/src/Illuminate/Pipeline/Pipeline.php(219): Livewire\\Features\\SupportDisablingBackButtonCache\\DisableBackButtonCacheMiddleware->handle()
#46 /home/sufocani/www/app.arssporttraining.ch/vendor/barryvdh/laravel-debugbar/src/Middleware/InjectDebugbar.php(59): Illuminate\\Pipeline\\Pipeline->{closure:{closure:Illuminate\\Pipeline\\Pipeline::carry():194}:195}()
#47 /home/sufocani/www/app.arssporttraining.ch/vendor/laravel/framework/src/Illuminate/Pipeline/Pipeline.php(219): Barryvdh\\Debugbar\\Middleware\\InjectDebugbar->handle()
#48 /home/sufocani/www/app.arssporttraining.ch/app/Http/Middleware/LogRequestTiming.php(14): Illuminate\\Pipeline\\Pipeline->{closure:{closure:Illuminate\\Pipeline\\Pipeline::carry():194}:195}()
#49 /home/sufocani/www/app.arssporttraining.ch/vendor/laravel/framework/src/Illuminate/Pipeline/Pipeline.php(219): App\\Http\\Middleware\\LogRequestTiming->handle()
#50 /home/sufocani/www/app.arssporttraining.ch/vendor/laravel/framework/src/Illuminate/Foundation/Http/Middleware/ConvertEmptyStringsToNull.php(27): Illuminate\\Pipeline\\Pipeline->{closure:{closure:Illuminate\\Pipeline\\Pipeline::carry():194}:195}()
#51 /home/sufocani/www/app.arssporttraining.ch/vendor/laravel/framework/src/Illuminate/Pipeline/Pipeline.php(219): Illuminate\\Foundation\\Http\\Middleware\\ConvertEmptyStringsToNull->handle()
#52 /home/sufocani/www/app.arssporttraining.ch/vendor/laravel/framework/src/Illuminate/Foundation/Http/Middleware/TrimStrings.php(47): Illuminate\\Pipeline\\Pipeline->{closure:{closure:Illuminate\\Pipeline\\Pipeline::carry():194}:195}()
#53 /home/sufocani/www/app.arssporttraining.ch/vendor/laravel/framework/src/Illuminate/Pipeline/Pipeline.php(219): Illuminate\\Foundation\\Http\\Middleware\\TrimStrings->handle()
#54 /home/sufocani/www/app.arssporttraining.ch/vendor/laravel/framework/src/Illuminate/Http/Middleware/ValidatePostSize.php(27): Illuminate\\Pipeline\\Pipeline->{closure:{closure:Illuminate\\Pipeline\\Pipeline::carry():194}:195}()
#55 /home/sufocani/www/app.arssporttraining.ch/vendor/laravel/framework/src/Illuminate/Pipeline/Pipeline.php(219): Illuminate\\Http\\Middleware\\ValidatePostSize->handle()
#56 /home/sufocani/www/app.arssporttraining.ch/vendor/laravel/framework/src/Illuminate/Foundation/Http/Middleware/PreventRequestsDuringMaintenance.php(109): Illuminate\\Pipeline\\Pipeline->{closure:{closure:Illuminate\\Pipeline\\Pipeline::carry():194}:195}()
#57 /home/sufocani/www/app.arssporttraining.ch/vendor/laravel/framework/src/Illuminate/Pipeline/Pipeline.php(219): Illuminate\\Foundation\\Http\\Middleware\\PreventRequestsDuringMaintenance->handle()
#58 /home/sufocani/www/app.arssporttraining.ch/vendor/laravel/framework/src/Illuminate/Http/Middleware/HandleCors.php(61): Illuminate\\Pipeline\\Pipeline->{closure:{closure:Illuminate\\Pipeline\\Pipeline::carry():194}:195}()
#59 /home/sufocani/www/app.arssporttraining.ch/vendor/laravel/framework/src/Illuminate/Pipeline/Pipeline.php(219): Illuminate\\Http\\Middleware\\HandleCors->handle()
#60 /home/sufocani/www/app.arssporttraining.ch/vendor/laravel/framework/src/Illuminate/Http/Middleware/TrustProxies.php(58): Illuminate\\Pipeline\\Pipeline->{closure:{closure:Illuminate\\Pipeline\\Pipeline::carry():194}:195}()
#61 /home/sufocani/www/app.arssporttraining.ch/vendor/laravel/framework/src/Illuminate/Pipeline/Pipeline.php(219): Illuminate\\Http\\Middleware\\TrustProxies->handle()
#62 /home/sufocani/www/app.arssporttraining.ch/vendor/laravel/framework/src/Illuminate/Foundation/Http/Middleware/InvokeDeferredCallbacks.php(22): Illuminate\\Pipeline\\Pipeline->{closure:{closure:Illuminate\\Pipeline\\Pipeline::carry():194}:195}()
#63 /home/sufocani/www/app.arssporttraining.ch/vendor/laravel/framework/src/Illuminate/Pipeline/Pipeline.php(219): Illuminate\\Foundation\\Http\\Middleware\\InvokeDeferredCallbacks->handle()
#64 /home/sufocani/www/app.arssporttraining.ch/vendor/laravel/framework/src/Illuminate/Http/Middleware/ValidatePathEncoding.php(26): Illuminate\\Pipeline\\Pipeline->{closure:{closure:Illuminate\\Pipeline\\Pipeline::carry():194}:195}()
#65 /home/sufocani/www/app.arssporttraining.ch/vendor/laravel/framework/src/Illuminate/Pipeline/Pipeline.php(219): Illuminate\\Http\\Middleware\\ValidatePathEncoding->handle()
#66 /home/sufocani/www/app.arssporttraining.ch/vendor/laravel/framework/src/Illuminate/Pipeline/Pipeline.php(137): Illuminate\\Pipeline\\Pipeline->{closure:{closure:Illuminate\\Pipeline\\Pipeline::carry():194}:195}()
#67 /home/sufocani/www/app.arssporttraining.ch/vendor/laravel/framework/src/Illuminate/Foundation/Http/Kernel.php(175): Illuminate\\Pipeline\\Pipeline->then()
#68 /home/sufocani/www/app.arssporttraining.ch/vendor/laravel/framework/src/Illuminate/Foundation/Http/Kernel.php(144): Illuminate\\Foundation\\Http\\Kernel->sendRequestThroughRouter()
#69 /home/sufocani/www/app.arssporttraining.ch/vendor/laravel/framework/src/Illuminate/Foundation/Application.php(1220): Illuminate\\Foundation\\Http\\Kernel->handle()
#70 /home/sufocani/www/app.arssporttraining.ch/public/index.php(20): Illuminate\\Foundation\\Application->handleRequest()
#71 {main}
"} 
[2026-05-31 15:22:01] production.ERROR: Property [$weeks] not found on component: [training.view.program-editor] {"userId":3,"exception":"[object] (Livewire\\Exceptions\\PropertyNotFoundException(code: 0): Property [$weeks] not found on component: [training.view.program-editor] at /home/sufocani/www/app.arssporttraining.ch/vendor/livewire/livewire/src/Component.php:139)
[stacktrace]
#0 /home/sufocani/www/app.arssporttraining.ch/app/Livewire/Training/View/ProgramEditor.php(426): Livewire\\Component->__get()
#1 /home/sufocani/www/app.arssporttraining.ch/vendor/laravel/framework/src/Illuminate/Container/BoundMethod.php(36): App\\Livewire\\Training\\View\\ProgramEditor->updatedWeeks()
#2 /home/sufocani/www/app.arssporttraining.ch/vendor/laravel/framework/src/Illuminate/Container/Util.php(43): Illuminate\\Container\\BoundMethod::{closure:Illuminate\\Container\\BoundMethod::call():35}()
#3 /home/sufocani/www/app.arssporttraining.ch/vendor/laravel/framework/src/Illuminate/Container/BoundMethod.php(96): Illuminate\\Container\\Util::unwrapIfClosure()
#4 /home/sufocani/www/app.arssporttraining.ch/vendor/laravel/framework/src/Illuminate/Container/BoundMethod.php(35): Illuminate\\Container\\BoundMethod::callBoundMethod()
#5 /home/sufocani/www/app.arssporttraining.ch/vendor/livewire/livewire/src/Wrapped.php(23): Illuminate\\Container\\BoundMethod::call()
#6 /home/sufocani/www/app.arssporttraining.ch/vendor/livewire/livewire/src/Features/SupportLifecycleHooks/SupportLifecycleHooks.php(176): Livewire\\Wrapped->__call()
#7 /home/sufocani/www/app.arssporttraining.ch/vendor/livewire/livewire/src/Features/SupportLifecycleHooks/SupportLifecycleHooks.php(93): Livewire\\Features\\SupportLifecycleHooks\\SupportLifecycleHooks->callHook()
#8 /home/sufocani/www/app.arssporttraining.ch/vendor/livewire/livewire/src/ComponentHook.php(33): Livewire\\Features\\SupportLifecycleHooks\\SupportLifecycleHooks->{closure:Livewire\\Features\\SupportLifecycleHooks\\SupportLifecycleHooks::update():89}()
#9 /home/sufocani/www/app.arssporttraining.ch/vendor/livewire/livewire/src/ComponentHookRegistry.php(121): Livewire\\ComponentHook->{closure:Livewire\\ComponentHook::callUpdate():31}()
#10 /home/sufocani/www/app.arssporttraining.ch/vendor/livewire/livewire/src/EventBus.php(100): Livewire\\ComponentHookRegistry::{closure:{closure:Livewire\\ComponentHookRegistry::proxyCallToHooks():110}:119}()
#11 /home/sufocani/www/app.arssporttraining.ch/vendor/livewire/livewire/src/Mechanisms/HandleComponents/HandleComponents.php(487): Livewire\\EventBus->{closure:Livewire\\EventBus::trigger():94}()
#12 /home/sufocani/www/app.arssporttraining.ch/vendor/livewire/livewire/src/Mechanisms/HandleComponents/HandleComponents.php(237): Livewire\\Mechanisms\\HandleComponents\\HandleComponents->updateProperties()
#13 /home/sufocani/www/app.arssporttraining.ch/vendor/livewire/livewire/src/LivewireManager.php(131): Livewire\\Mechanisms\\HandleComponents\\HandleComponents->update()
#14 /home/sufocani/www/app.arssporttraining.ch/vendor/livewire/livewire/src/Mechanisms/HandleRequests/HandleRequests.php(190): Livewire\\LivewireManager->update()
#15 /home/sufocani/www/app.arssporttraining.ch/vendor/laravel/framework/src/Illuminate/Routing/ControllerDispatcher.php(46): Livewire\\Mechanisms\\HandleRequests\\HandleRequests->handleUpdate()
#16 /home/sufocani/www/app.arssporttraining.ch/vendor/laravel/framework/src/Illuminate/Routing/Route.php(265): Illuminate\\Routing\\ControllerDispatcher->dispatch()
#17 /home/sufocani/www/app.arssporttraining.ch/vendor/laravel/framework/src/Illuminate/Routing/Route.php(211): Illuminate\\Routing\\Route->runController()
#18 /home/sufocani/www/app.arssporttraining.ch/vendor/laravel/framework/src/Illuminate/Routing/Router.php(822): Illuminate\\Routing\\Route->run()
#19 /home/sufocani/www/app.arssporttraining.ch/vendor/laravel/framework/src/Illuminate/Pipeline/Pipeline.php(180): Illuminate\\Routing\\Router->{closure:Illuminate\\Routing\\Router::runRouteWithinStack():821}()
#20 /home/sufocani/www/app.arssporttraining.ch/vendor/livewire/livewire/src/Mechanisms/HandleRequests/RequireLivewireHeaders.php(19): Illuminate\\Pipeline\\Pipeline->{closure:Illuminate\\Pipeline\\Pipeline::prepareDestination():178}()
#21 /home/sufocani/www/app.arssporttraining.ch/vendor/laravel/framework/src/Illuminate/Pipeline/Pipeline.php(219): Livewire\\Mechanisms\\HandleRequests\\RequireLivewireHeaders->handle()
#22 /home/sufocani/www/app.arssporttraining.ch/vendor/barryvdh/laravel-debugbar/src/Middleware/InjectDebugbar.php(59): Illuminate\\Pipeline\\Pipeline->{closure:{closure:Illuminate\\Pipeline\\Pipeline::carry():194}:195}()
#23 /home/sufocani/www/app.arssporttraining.ch/vendor/laravel/framework/src/Illuminate/Pipeline/Pipeline.php(219): Barryvdh\\Debugbar\\Middleware\\InjectDebugbar->handle()
#24 /home/sufocani/www/app.arssporttraining.ch/vendor/laravel/framework/src/Illuminate/Routing/Middleware/SubstituteBindings.php(50): Illuminate\\Pipeline\\Pipeline->{closure:{closure:Illuminate\\Pipeline\\Pipeline::carry():194}:195}()
#25 /home/sufocani/www/app.arssporttraining.ch/vendor/laravel/framework/src/Illuminate/Pipeline/Pipeline.php(219): Illuminate\\Routing\\Middleware\\SubstituteBindings->handle()
#26 /home/sufocani/www/app.arssporttraining.ch/vendor/laravel/framework/src/Illuminate/Foundation/Http/Middleware/VerifyCsrfToken.php(87): Illuminate\\Pipeline\\Pipeline->{closure:{closure:Illuminate\\Pipeline\\Pipeline::carry():194}:195}()
#27 /home/sufocani/www/app.arssporttraining.ch/vendor/laravel/framework/src/Illuminate/Pipeline/Pipeline.php(219): Illuminate\\Foundation\\Http\\Middleware\\VerifyCsrfToken->handle()
#28 /home/sufocani/www/app.arssporttraining.ch/vendor/laravel/framework/src/Illuminate/View/Middleware/ShareErrorsFromSession.php(48): Illuminate\\Pipeline\\Pipeline->{closure:{closure:Illuminate\\Pipeline\\Pipeline::carry():194}:195}()
#29 /home/sufocani/www/app.arssporttraining.ch/vendor/laravel/framework/src/Illuminate/Pipeline/Pipeline.php(219): Illuminate\\View\\Middleware\\ShareErrorsFromSession->handle()
#30 /home/sufocani/www/app.arssporttraining.ch/vendor/laravel/framework/src/Illuminate/Session/Middleware/StartSession.php(120): Illuminate\\Pipeline\\Pipeline->{closure:{closure:Illuminate\\Pipeline\\Pipeline::carry():194}:195}()
#31 /home/sufocani/www/app.arssporttraining.ch/vendor/laravel/framework/src/Illuminate/Session/Middleware/StartSession.php(63): Illuminate\\Session\\Middleware\\StartSession->handleStatefulRequest()
#32 /home/sufocani/www/app.arssporttraining.ch/vendor/laravel/framework/src/Illuminate/Pipeline/Pipeline.php(219): Illuminate\\Session\\Middleware\\StartSession->handle()
#33 /home/sufocani/www/app.arssporttraining.ch/vendor/laravel/framework/src/Illuminate/Cookie/Middleware/AddQueuedCookiesToResponse.php(36): Illuminate\\Pipeline\\Pipeline->{closure:{closure:Illuminate\\Pipeline\\Pipeline::carry():194}:195}()
#34 /home/sufocani/www/app.arssporttraining.ch/vendor/laravel/framework/src/Illuminate/Pipeline/Pipeline.php(219): Illuminate\\Cookie\\Middleware\\AddQueuedCookiesToResponse->handle()
#35 /home/sufocani/www/app.arssporttraining.ch/vendor/laravel/framework/src/Illuminate/Cookie/Middleware/EncryptCookies.php(74): Illuminate\\Pipeline\\Pipeline->{closure:{closure:Illuminate\\Pipeline\\Pipeline::carry():194}:195}()
#36 /home/sufocani/www/app.arssporttraining.ch/vendor/laravel/framework/src/Illuminate/Pipeline/Pipeline.php(219): Illuminate\\Cookie\\Middleware\\EncryptCookies->handle()
#37 /home/sufocani/www/app.arssporttraining.ch/vendor/laravel/framework/src/Illuminate/Pipeline/Pipeline.php(137): Illuminate\\Pipeline\\Pipeline->{closure:{closure:Illuminate\\Pipeline\\Pipeline::carry():194}:195}()
#38 /home/sufocani/www/app.arssporttraining.ch/vendor/laravel/framework/src/Illuminate/Routing/Router.php(821): Illuminate\\Pipeline\\Pipeline->then()
#39 /home/sufocani/www/app.arssporttraining.ch/vendor/laravel/framework/src/Illuminate/Routing/Router.php(800): Illuminate\\Routing\\Router->runRouteWithinStack()
#40 /home/sufocani/www/app.arssporttraining.ch/vendor/laravel/framework/src/Illuminate/Routing/Router.php(764): Illuminate\\Routing\\Router->runRoute()
#41 /home/sufocani/www/app.arssporttraining.ch/vendor/laravel/framework/src/Illuminate/Routing/Router.php(753): Illuminate\\Routing\\Router->dispatchToRoute()
#42 /home/sufocani/www/app.arssporttraining.ch/vendor/laravel/framework/src/Illuminate/Foundation/Http/Kernel.php(200): Illuminate\\Routing\\Router->dispatch()
#43 /home/sufocani/www/app.arssporttraining.ch/vendor/laravel/framework/src/Illuminate/Pipeline/Pipeline.php(180): Illuminate\\Foundation\\Http\\Kernel->{closure:Illuminate\\Foundation\\Http\\Kernel::dispatchToRouter():197}()
#44 /home/sufocani/www/app.arssporttraining.ch/vendor/livewire/livewire/src/Features/SupportDisablingBackButtonCache/DisableBackButtonCacheMiddleware.php(19): Illuminate\\Pipeline\\Pipeline->{closure:Illuminate\\Pipeline\\Pipeline::prepareDestination():178}()
#45 /home/sufocani/www/app.arssporttraining.ch/vendor/laravel/framework/src/Illuminate/Pipeline/Pipeline.php(219): Livewire\\Features\\SupportDisablingBackButtonCache\\DisableBackButtonCacheMiddleware->handle()
#46 /home/sufocani/www/app.arssporttraining.ch/vendor/barryvdh/laravel-debugbar/src/Middleware/InjectDebugbar.php(59): Illuminate\\Pipeline\\Pipeline->{closure:{closure:Illuminate\\Pipeline\\Pipeline::carry():194}:195}()
#47 /home/sufocani/www/app.arssporttraining.ch/vendor/laravel/framework/src/Illuminate/Pipeline/Pipeline.php(219): Barryvdh\\Debugbar\\Middleware\\InjectDebugbar->handle()
#48 /home/sufocani/www/app.arssporttraining.ch/app/Http/Middleware/LogRequestTiming.php(14): Illuminate\\Pipeline\\Pipeline->{closure:{closure:Illuminate\\Pipeline\\Pipeline::carry():194}:195}()
#49 /home/sufocani/www/app.arssporttraining.ch/vendor/laravel/framework/src/Illuminate/Pipeline/Pipeline.php(219): App\\Http\\Middleware\\LogRequestTiming->handle()
#50 /home/sufocani/www/app.arssporttraining.ch/vendor/laravel/framework/src/Illuminate/Foundation/Http/Middleware/ConvertEmptyStringsToNull.php(27): Illuminate\\Pipeline\\Pipeline->{closure:{closure:Illuminate\\Pipeline\\Pipeline::carry():194}:195}()
#51 /home/sufocani/www/app.arssporttraining.ch/vendor/laravel/framework/src/Illuminate/Pipeline/Pipeline.php(219): Illuminate\\Foundation\\Http\\Middleware\\ConvertEmptyStringsToNull->handle()
#52 /home/sufocani/www/app.arssporttraining.ch/vendor/laravel/framework/src/Illuminate/Foundation/Http/Middleware/TrimStrings.php(47): Illuminate\\Pipeline\\Pipeline->{closure:{closure:Illuminate\\Pipeline\\Pipeline::carry():194}:195}()
#53 /home/sufocani/www/app.arssporttraining.ch/vendor/laravel/framework/src/Illuminate/Pipeline/Pipeline.php(219): Illuminate\\Foundation\\Http\\Middleware\\TrimStrings->handle()
#54 /home/sufocani/www/app.arssporttraining.ch/vendor/laravel/framework/src/Illuminate/Http/Middleware/ValidatePostSize.php(27): Illuminate\\Pipeline\\Pipeline->{closure:{closure:Illuminate\\Pipeline\\Pipeline::carry():194}:195}()
#55 /home/sufocani/www/app.arssporttraining.ch/vendor/laravel/framework/src/Illuminate/Pipeline/Pipeline.php(219): Illuminate\\Http\\Middleware\\ValidatePostSize->handle()
#56 /home/sufocani/www/app.arssporttraining.ch/vendor/laravel/framework/src/Illuminate/Foundation/Http/Middleware/PreventRequestsDuringMaintenance.php(109): Illuminate\\Pipeline\\Pipeline->{closure:{closure:Illuminate\\Pipeline\\Pipeline::carry():194}:195}()
#57 /home/sufocani/www/app.arssporttraining.ch/vendor/laravel/framework/src/Illuminate/Pipeline/Pipeline.php(219): Illuminate\\Foundation\\Http\\Middleware\\PreventRequestsDuringMaintenance->handle()
#58 /home/sufocani/www/app.arssporttraining.ch/vendor/laravel/framework/src/Illuminate/Http/Middleware/HandleCors.php(61): Illuminate\\Pipeline\\Pipeline->{closure:{closure:Illuminate\\Pipeline\\Pipeline::carry():194}:195}()
#59 /home/sufocani/www/app.arssporttraining.ch/vendor/laravel/framework/src/Illuminate/Pipeline/Pipeline.php(219): Illuminate\\Http\\Middleware\\HandleCors->handle()
#60 /home/sufocani/www/app.arssporttraining.ch/vendor/laravel/framework/src/Illuminate/Http/Middleware/TrustProxies.php(58): Illuminate\\Pipeline\\Pipeline->{closure:{closure:Illuminate\\Pipeline\\Pipeline::carry():194}:195}()
#61 /home/sufocani/www/app.arssporttraining.ch/vendor/laravel/framework/src/Illuminate/Pipeline/Pipeline.php(219): Illuminate\\Http\\Middleware\\TrustProxies->handle()
#62 /home/sufocani/www/app.arssporttraining.ch/vendor/laravel/framework/src/Illuminate/Foundation/Http/Middleware/InvokeDeferredCallbacks.php(22): Illuminate\\Pipeline\\Pipeline->{closure:{closure:Illuminate\\Pipeline\\Pipeline::carry():194}:195}()
#63 /home/sufocani/www/app.arssporttraining.ch/vendor/laravel/framework/src/Illuminate/Pipeline/Pipeline.php(219): Illuminate\\Foundation\\Http\\Middleware\\InvokeDeferredCallbacks->handle()
#64 /home/sufocani/www/app.arssporttraining.ch/vendor/laravel/framework/src/Illuminate/Http/Middleware/ValidatePathEncoding.php(26): Illuminate\\Pipeline\\Pipeline->{closure:{closure:Illuminate\\Pipeline\\Pipeline::carry():194}:195}()
#65 /home/sufocani/www/app.arssporttraining.ch/vendor/laravel/framework/src/Illuminate/Pipeline/Pipeline.php(219): Illuminate\\Http\\Middleware\\ValidatePathEncoding->handle()
#66 /home/sufocani/www/app.arssporttraining.ch/vendor/laravel/framework/src/Illuminate/Pipeline/Pipeline.php(137): Illuminate\\Pipeline\\Pipeline->{closure:{closure:Illuminate\\Pipeline\\Pipeline::carry():194}:195}()
#67 /home/sufocani/www/app.arssporttraining.ch/vendor/laravel/framework/src/Illuminate/Foundation/Http/Kernel.php(175): Illuminate\\Pipeline\\Pipeline->then()
#68 /home/sufocani/www/app.arssporttraining.ch/vendor/laravel/framework/src/Illuminate/Foundation/Http/Kernel.php(144): Illuminate\\Foundation\\Http\\Kernel->sendRequestThroughRouter()
#69 /home/sufocani/www/app.arssporttraining.ch/vendor/laravel/framework/src/Illuminate/Foundation/Application.php(1220): Illuminate\\Foundation\\Http\\Kernel->handle()
#70 /home/sufocani/www/app.arssporttraining.ch/public/index.php(20): Illuminate\\Foundation\\Application->handleRequest()
#71 {main}
"} 
[2026-06-03 10:34:45] production.ERROR: Property [$weeks] not found on component: [training.view.program-editor] {"userId":3,"exception":"[object] (Livewire\\Exceptions\\PropertyNotFoundException(code: 0): Property [$weeks] not found on component: [training.view.program-editor] at /home/sufocani/www/app.arssporttraining.ch/vendor/livewire/livewire/src/Component.php:139)
[stacktrace]
#0 /home/sufocani/www/app.arssporttraining.ch/app/Livewire/Training/View/ProgramEditor.php(426): Livewire\\Component->__get()
#1 /home/sufocani/www/app.arssporttraining.ch/vendor/laravel/framework/src/Illuminate/Container/BoundMethod.php(36): App\\Livewire\\Training\\View\\ProgramEditor->updatedWeeks()
#2 /home/sufocani/www/app.arssporttraining.ch/vendor/laravel/framework/src/Illuminate/Container/Util.php(43): Illuminate\\Container\\BoundMethod::{closure:Illuminate\\Container\\BoundMethod::call():35}()
#3 /home/sufocani/www/app.arssporttraining.ch/vendor/laravel/framework/src/Illuminate/Container/BoundMethod.php(96): Illuminate\\Container\\Util::unwrapIfClosure()
#4 /home/sufocani/www/app.arssporttraining.ch/vendor/laravel/framework/src/Illuminate/Container/BoundMethod.php(35): Illuminate\\Container\\BoundMethod::callBoundMethod()
#5 /home/sufocani/www/app.arssporttraining.ch/vendor/livewire/livewire/src/Wrapped.php(23): Illuminate\\Container\\BoundMethod::call()
#6 /home/sufocani/www/app.arssporttraining.ch/vendor/livewire/livewire/src/Features/SupportLifecycleHooks/SupportLifecycleHooks.php(176): Livewire\\Wrapped->__call()
#7 /home/sufocani/www/app.arssporttraining.ch/vendor/livewire/livewire/src/Features/SupportLifecycleHooks/SupportLifecycleHooks.php(93): Livewire\\Features\\SupportLifecycleHooks\\SupportLifecycleHooks->callHook()
#8 /home/sufocani/www/app.arssporttraining.ch/vendor/livewire/livewire/src/ComponentHook.php(33): Livewire\\Features\\SupportLifecycleHooks\\SupportLifecycleHooks->{closure:Livewire\\Features\\SupportLifecycleHooks\\SupportLifecycleHooks::update():89}()
#9 /home/sufocani/www/app.arssporttraining.ch/vendor/livewire/livewire/src/ComponentHookRegistry.php(121): Livewire\\ComponentHook->{closure:Livewire\\ComponentHook::callUpdate():31}()
#10 /home/sufocani/www/app.arssporttraining.ch/vendor/livewire/livewire/src/EventBus.php(100): Livewire\\ComponentHookRegistry::{closure:{closure:Livewire\\ComponentHookRegistry::proxyCallToHooks():110}:119}()
#11 /home/sufocani/www/app.arssporttraining.ch/vendor/livewire/livewire/src/Mechanisms/HandleComponents/HandleComponents.php(487): Livewire\\EventBus->{closure:Livewire\\EventBus::trigger():94}()
#12 /home/sufocani/www/app.arssporttraining.ch/vendor/livewire/livewire/src/Mechanisms/HandleComponents/HandleComponents.php(237): Livewire\\Mechanisms\\HandleComponents\\HandleComponents->updateProperties()
#13 /home/sufocani/www/app.arssporttraining.ch/vendor/livewire/livewire/src/LivewireManager.php(131): Livewire\\Mechanisms\\HandleComponents\\HandleComponents->update()
#14 /home/sufocani/www/app.arssporttraining.ch/vendor/livewire/livewire/src/Mechanisms/HandleRequests/HandleRequests.php(190): Livewire\\LivewireManager->update()
#15 /home/sufocani/www/app.arssporttraining.ch/vendor/laravel/framework/src/Illuminate/Routing/ControllerDispatcher.php(46): Livewire\\Mechanisms\\HandleRequests\\HandleRequests->handleUpdate()
#16 /home/sufocani/www/app.arssporttraining.ch/vendor/laravel/framework/src/Illuminate/Routing/Route.php(265): Illuminate\\Routing\\ControllerDispatcher->dispatch()
#17 /home/sufocani/www/app.arssporttraining.ch/vendor/laravel/framework/src/Illuminate/Routing/Route.php(211): Illuminate\\Routing\\Route->runController()
#18 /home/sufocani/www/app.arssporttraining.ch/vendor/laravel/framework/src/Illuminate/Routing/Router.php(822): Illuminate\\Routing\\Route->run()
#19 /home/sufocani/www/app.arssporttraining.ch/vendor/laravel/framework/src/Illuminate/Pipeline/Pipeline.php(180): Illuminate\\Routing\\Router->{closure:Illuminate\\Routing\\Router::runRouteWithinStack():821}()
#20 /home/sufocani/www/app.arssporttraining.ch/vendor/livewire/livewire/src/Mechanisms/HandleRequests/RequireLivewireHeaders.php(19): Illuminate\\Pipeline\\Pipeline->{closure:Illuminate\\Pipeline\\Pipeline::prepareDestination():178}()
#21 /home/sufocani/www/app.arssporttraining.ch/vendor/laravel/framework/src/Illuminate/Pipeline/Pipeline.php(219): Livewire\\Mechanisms\\HandleRequests\\RequireLivewireHeaders->handle()
#22 /home/sufocani/www/app.arssporttraining.ch/vendor/barryvdh/laravel-debugbar/src/Middleware/InjectDebugbar.php(59): Illuminate\\Pipeline\\Pipeline->{closure:{closure:Illuminate\\Pipeline\\Pipeline::carry():194}:195}()
#23 /home/sufocani/www/app.arssporttraining.ch/vendor/laravel/framework/src/Illuminate/Pipeline/Pipeline.php(219): Barryvdh\\Debugbar\\Middleware\\InjectDebugbar->handle()
#24 /home/sufocani/www/app.arssporttraining.ch/vendor/laravel/framework/src/Illuminate/Routing/Middleware/SubstituteBindings.php(50): Illuminate\\Pipeline\\Pipeline->{closure:{closure:Illuminate\\Pipeline\\Pipeline::carry():194}:195}()
#25 /home/sufocani/www/app.arssporttraining.ch/vendor/laravel/framework/src/Illuminate/Pipeline/Pipeline.php(219): Illuminate\\Routing\\Middleware\\SubstituteBindings->handle()
#26 /home/sufocani/www/app.arssporttraining.ch/vendor/laravel/framework/src/Illuminate/Foundation/Http/Middleware/VerifyCsrfToken.php(87): Illuminate\\Pipeline\\Pipeline->{closure:{closure:Illuminate\\Pipeline\\Pipeline::carry():194}:195}()
#27 /home/sufocani/www/app.arssporttraining.ch/vendor/laravel/framework/src/Illuminate/Pipeline/Pipeline.php(219): Illuminate\\Foundation\\Http\\Middleware\\VerifyCsrfToken->handle()
#28 /home/sufocani/www/app.arssporttraining.ch/vendor/laravel/framework/src/Illuminate/View/Middleware/ShareErrorsFromSession.php(48): Illuminate\\Pipeline\\Pipeline->{closure:{closure:Illuminate\\Pipeline\\Pipeline::carry():194}:195}()
#29 /home/sufocani/www/app.arssporttraining.ch/vendor/laravel/framework/src/Illuminate/Pipeline/Pipeline.php(219): Illuminate\\View\\Middleware\\ShareErrorsFromSession->handle()
#30 /home/sufocani/www/app.arssporttraining.ch/vendor/laravel/framework/src/Illuminate/Session/Middleware/StartSession.php(120): Illuminate\\Pipeline\\Pipeline->{closure:{closure:Illuminate\\Pipeline\\Pipeline::carry():194}:195}()
#31 /home/sufocani/www/app.arssporttraining.ch/vendor/laravel/framework/src/Illuminate/Session/Middleware/StartSession.php(63): Illuminate\\Session\\Middleware\\StartSession->handleStatefulRequest()
#32 /home/sufocani/www/app.arssporttraining.ch/vendor/laravel/framework/src/Illuminate/Pipeline/Pipeline.php(219): Illuminate\\Session\\Middleware\\StartSession->handle()
#33 /home/sufocani/www/app.arssporttraining.ch/vendor/laravel/framework/src/Illuminate/Cookie/Middleware/AddQueuedCookiesToResponse.php(36): Illuminate\\Pipeline\\Pipeline->{closure:{closure:Illuminate\\Pipeline\\Pipeline::carry():194}:195}()
#34 /home/sufocani/www/app.arssporttraining.ch/vendor/laravel/framework/src/Illuminate/Pipeline/Pipeline.php(219): Illuminate\\Cookie\\Middleware\\AddQueuedCookiesToResponse->handle()
#35 /home/sufocani/www/app.arssporttraining.ch/vendor/laravel/framework/src/Illuminate/Cookie/Middleware/EncryptCookies.php(74): Illuminate\\Pipeline\\Pipeline->{closure:{closure:Illuminate\\Pipeline\\Pipeline::carry():194}:195}()
#36 /home/sufocani/www/app.arssporttraining.ch/vendor/laravel/framework/src/Illuminate/Pipeline/Pipeline.php(219): Illuminate\\Cookie\\Middleware\\EncryptCookies->handle()
#37 /home/sufocani/www/app.arssporttraining.ch/vendor/laravel/framework/src/Illuminate/Pipeline/Pipeline.php(137): Illuminate\\Pipeline\\Pipeline->{closure:{closure:Illuminate\\Pipeline\\Pipeline::carry():194}:195}()
#38 /home/sufocani/www/app.arssporttraining.ch/vendor/laravel/framework/src/Illuminate/Routing/Router.php(821): Illuminate\\Pipeline\\Pipeline->then()
#39 /home/sufocani/www/app.arssporttraining.ch/vendor/laravel/framework/src/Illuminate/Routing/Router.php(800): Illuminate\\Routing\\Router->runRouteWithinStack()
#40 /home/sufocani/www/app.arssporttraining.ch/vendor/laravel/framework/src/Illuminate/Routing/Router.php(764): Illuminate\\Routing\\Router->runRoute()
#41 /home/sufocani/www/app.arssporttraining.ch/vendor/laravel/framework/src/Illuminate/Routing/Router.php(753): Illuminate\\Routing\\Router->dispatchToRoute()
#42 /home/sufocani/www/app.arssporttraining.ch/vendor/laravel/framework/src/Illuminate/Foundation/Http/Kernel.php(200): Illuminate\\Routing\\Router->dispatch()
#43 /home/sufocani/www/app.arssporttraining.ch/vendor/laravel/framework/src/Illuminate/Pipeline/Pipeline.php(180): Illuminate\\Foundation\\Http\\Kernel->{closure:Illuminate\\Foundation\\Http\\Kernel::dispatchToRouter():197}()
#44 /home/sufocani/www/app.arssporttraining.ch/vendor/livewire/livewire/src/Features/SupportDisablingBackButtonCache/DisableBackButtonCacheMiddleware.php(19): Illuminate\\Pipeline\\Pipeline->{closure:Illuminate\\Pipeline\\Pipeline::prepareDestination():178}()
#45 /home/sufocani/www/app.arssporttraining.ch/vendor/laravel/framework/src/Illuminate/Pipeline/Pipeline.php(219): Livewire\\Features\\SupportDisablingBackButtonCache\\DisableBackButtonCacheMiddleware->handle()
#46 /home/sufocani/www/app.arssporttraining.ch/vendor/barryvdh/laravel-debugbar/src/Middleware/InjectDebugbar.php(59): Illuminate\\Pipeline\\Pipeline->{closure:{closure:Illuminate\\Pipeline\\Pipeline::carry():194}:195}()
#47 /home/sufocani/www/app.arssporttraining.ch/vendor/laravel/framework/src/Illuminate/Pipeline/Pipeline.php(219): Barryvdh\\Debugbar\\Middleware\\InjectDebugbar->handle()
#48 /home/sufocani/www/app.arssporttraining.ch/app/Http/Middleware/LogRequestTiming.php(14): Illuminate\\Pipeline\\Pipeline->{closure:{closure:Illuminate\\Pipeline\\Pipeline::carry():194}:195}()
#49 /home/sufocani/www/app.arssporttraining.ch/vendor/laravel/framework/src/Illuminate/Pipeline/Pipeline.php(219): App\\Http\\Middleware\\LogRequestTiming->handle()
#50 /home/sufocani/www/app.arssporttraining.ch/vendor/laravel/framework/src/Illuminate/Foundation/Http/Middleware/ConvertEmptyStringsToNull.php(27): Illuminate\\Pipeline\\Pipeline->{closure:{closure:Illuminate\\Pipeline\\Pipeline::carry():194}:195}()
#51 /home/sufocani/www/app.arssporttraining.ch/vendor/laravel/framework/src/Illuminate/Pipeline/Pipeline.php(219): Illuminate\\Foundation\\Http\\Middleware\\ConvertEmptyStringsToNull->handle()
#52 /home/sufocani/www/app.arssporttraining.ch/vendor/laravel/framework/src/Illuminate/Foundation/Http/Middleware/TrimStrings.php(47): Illuminate\\Pipeline\\Pipeline->{closure:{closure:Illuminate\\Pipeline\\Pipeline::carry():194}:195}()
#53 /home/sufocani/www/app.arssporttraining.ch/vendor/laravel/framework/src/Illuminate/Pipeline/Pipeline.php(219): Illuminate\\Foundation\\Http\\Middleware\\TrimStrings->handle()
#54 /home/sufocani/www/app.arssporttraining.ch/vendor/laravel/framework/src/Illuminate/Http/Middleware/ValidatePostSize.php(27): Illuminate\\Pipeline\\Pipeline->{closure:{closure:Illuminate\\Pipeline\\Pipeline::carry():194}:195}()
#55 /home/sufocani/www/app.arssporttraining.ch/vendor/laravel/framework/src/Illuminate/Pipeline/Pipeline.php(219): Illuminate\\Http\\Middleware\\ValidatePostSize->handle()
#56 /home/sufocani/www/app.arssporttraining.ch/vendor/laravel/framework/src/Illuminate/Foundation/Http/Middleware/PreventRequestsDuringMaintenance.php(109): Illuminate\\Pipeline\\Pipeline->{closure:{closure:Illuminate\\Pipeline\\Pipeline::carry():194}:195}()
#57 /home/sufocani/www/app.arssporttraining.ch/vendor/laravel/framework/src/Illuminate/Pipeline/Pipeline.php(219): Illuminate\\Foundation\\Http\\Middleware\\PreventRequestsDuringMaintenance->handle()
#58 /home/sufocani/www/app.arssporttraining.ch/vendor/laravel/framework/src/Illuminate/Http/Middleware/HandleCors.php(61): Illuminate\\Pipeline\\Pipeline->{closure:{closure:Illuminate\\Pipeline\\Pipeline::carry():194}:195}()
#59 /home/sufocani/www/app.arssporttraining.ch/vendor/laravel/framework/src/Illuminate/Pipeline/Pipeline.php(219): Illuminate\\Http\\Middleware\\HandleCors->handle()
#60 /home/sufocani/www/app.arssporttraining.ch/vendor/laravel/framework/src/Illuminate/Http/Middleware/TrustProxies.php(58): Illuminate\\Pipeline\\Pipeline->{closure:{closure:Illuminate\\Pipeline\\Pipeline::carry():194}:195}()
#61 /home/sufocani/www/app.arssporttraining.ch/vendor/laravel/framework/src/Illuminate/Pipeline/Pipeline.php(219): Illuminate\\Http\\Middleware\\TrustProxies->handle()
#62 /home/sufocani/www/app.arssporttraining.ch/vendor/laravel/framework/src/Illuminate/Foundation/Http/Middleware/InvokeDeferredCallbacks.php(22): Illuminate\\Pipeline\\Pipeline->{closure:{closure:Illuminate\\Pipeline\\Pipeline::carry():194}:195}()
#63 /home/sufocani/www/app.arssporttraining.ch/vendor/laravel/framework/src/Illuminate/Pipeline/Pipeline.php(219): Illuminate\\Foundation\\Http\\Middleware\\InvokeDeferredCallbacks->handle()
#64 /home/sufocani/www/app.arssporttraining.ch/vendor/laravel/framework/src/Illuminate/Http/Middleware/ValidatePathEncoding.php(26): Illuminate\\Pipeline\\Pipeline->{closure:{closure:Illuminate\\Pipeline\\Pipeline::carry():194}:195}()
#65 /home/sufocani/www/app.arssporttraining.ch/vendor/laravel/framework/src/Illuminate/Pipeline/Pipeline.php(219): Illuminate\\Http\\Middleware\\ValidatePathEncoding->handle()
#66 /home/sufocani/www/app.arssporttraining.ch/vendor/laravel/framework/src/Illuminate/Pipeline/Pipeline.php(137): Illuminate\\Pipeline\\Pipeline->{closure:{closure:Illuminate\\Pipeline\\Pipeline::carry():194}:195}()
#67 /home/sufocani/www/app.arssporttraining.ch/vendor/laravel/framework/src/Illuminate/Foundation/Http/Kernel.php(175): Illuminate\\Pipeline\\Pipeline->then()
#68 /home/sufocani/www/app.arssporttraining.ch/vendor/laravel/framework/src/Illuminate/Foundation/Http/Kernel.php(144): Illuminate\\Foundation\\Http\\Kernel->sendRequestThroughRouter()
#69 /home/sufocani/www/app.arssporttraining.ch/vendor/laravel/framework/src/Illuminate/Foundation/Application.php(1220): Illuminate\\Foundation\\Http\\Kernel->handle()
#70 /home/sufocani/www/app.arssporttraining.ch/public/index.php(20): Illuminate\\Foundation\\Application->handleRequest()
#71 {main}
"} 
[2026-06-03 10:34:52] production.ERROR: Property [$weeks] not found on component: [training.view.program-editor] {"userId":3,"exception":"[object] (Livewire\\Exceptions\\PropertyNotFoundException(code: 0): Property [$weeks] not found on component: [training.view.program-editor] at /home/sufocani/www/app.arssporttraining.ch/vendor/livewire/livewire/src/Component.php:139)
[stacktrace]
#0 /home/sufocani/www/app.arssporttraining.ch/app/Livewire/Training/View/ProgramEditor.php(426): Livewire\\Component->__get()
#1 /home/sufocani/www/app.arssporttraining.ch/vendor/laravel/framework/src/Illuminate/Container/BoundMethod.php(36): App\\Livewire\\Training\\View\\ProgramEditor->updatedWeeks()
#2 /home/sufocani/www/app.arssporttraining.ch/vendor/laravel/framework/src/Illuminate/Container/Util.php(43): Illuminate\\Container\\BoundMethod::{closure:Illuminate\\Container\\BoundMethod::call():35}()
#3 /home/sufocani/www/app.arssporttraining.ch/vendor/laravel/framework/src/Illuminate/Container/BoundMethod.php(96): Illuminate\\Container\\Util::unwrapIfClosure()
#4 /home/sufocani/www/app.arssporttraining.ch/vendor/laravel/framework/src/Illuminate/Container/BoundMethod.php(35): Illuminate\\Container\\BoundMethod::callBoundMethod()
#5 /home/sufocani/www/app.arssporttraining.ch/vendor/livewire/livewire/src/Wrapped.php(23): Illuminate\\Container\\BoundMethod::call()
#6 /home/sufocani/www/app.arssporttraining.ch/vendor/livewire/livewire/src/Features/SupportLifecycleHooks/SupportLifecycleHooks.php(176): Livewire\\Wrapped->__call()
#7 /home/sufocani/www/app.arssporttraining.ch/vendor/livewire/livewire/src/Features/SupportLifecycleHooks/SupportLifecycleHooks.php(93): Livewire\\Features\\SupportLifecycleHooks\\SupportLifecycleHooks->callHook()
#8 /home/sufocani/www/app.arssporttraining.ch/vendor/livewire/livewire/src/ComponentHook.php(33): Livewire\\Features\\SupportLifecycleHooks\\SupportLifecycleHooks->{closure:Livewire\\Features\\SupportLifecycleHooks\\SupportLifecycleHooks::update():89}()
#9 /home/sufocani/www/app.arssporttraining.ch/vendor/livewire/livewire/src/ComponentHookRegistry.php(121): Livewire\\ComponentHook->{closure:Livewire\\ComponentHook::callUpdate():31}()
#10 /home/sufocani/www/app.arssporttraining.ch/vendor/livewire/livewire/src/EventBus.php(100): Livewire\\ComponentHookRegistry::{closure:{closure:Livewire\\ComponentHookRegistry::proxyCallToHooks():110}:119}()
#11 /home/sufocani/www/app.arssporttraining.ch/vendor/livewire/livewire/src/Mechanisms/HandleComponents/HandleComponents.php(487): Livewire\\EventBus->{closure:Livewire\\EventBus::trigger():94}()
#12 /home/sufocani/www/app.arssporttraining.ch/vendor/livewire/livewire/src/Mechanisms/HandleComponents/HandleComponents.php(237): Livewire\\Mechanisms\\HandleComponents\\HandleComponents->updateProperties()
#13 /home/sufocani/www/app.arssporttraining.ch/vendor/livewire/livewire/src/LivewireManager.php(131): Livewire\\Mechanisms\\HandleComponents\\HandleComponents->update()
#14 /home/sufocani/www/app.arssporttraining.ch/vendor/livewire/livewire/src/Mechanisms/HandleRequests/HandleRequests.php(190): Livewire\\LivewireManager->update()
#15 /home/sufocani/www/app.arssporttraining.ch/vendor/laravel/framework/src/Illuminate/Routing/ControllerDispatcher.php(46): Livewire\\Mechanisms\\HandleRequests\\HandleRequests->handleUpdate()
#16 /home/sufocani/www/app.arssporttraining.ch/vendor/laravel/framework/src/Illuminate/Routing/Route.php(265): Illuminate\\Routing\\ControllerDispatcher->dispatch()
#17 /home/sufocani/www/app.arssporttraining.ch/vendor/laravel/framework/src/Illuminate/Routing/Route.php(211): Illuminate\\Routing\\Route->runController()
#18 /home/sufocani/www/app.arssporttraining.ch/vendor/laravel/framework/src/Illuminate/Routing/Router.php(822): Illuminate\\Routing\\Route->run()
#19 /home/sufocani/www/app.arssporttraining.ch/vendor/laravel/framework/src/Illuminate/Pipeline/Pipeline.php(180): Illuminate\\Routing\\Router->{closure:Illuminate\\Routing\\Router::runRouteWithinStack():821}()
#20 /home/sufocani/www/app.arssporttraining.ch/vendor/livewire/livewire/src/Mechanisms/HandleRequests/RequireLivewireHeaders.php(19): Illuminate\\Pipeline\\Pipeline->{closure:Illuminate\\Pipeline\\Pipeline::prepareDestination():178}()
#21 /home/sufocani/www/app.arssporttraining.ch/vendor/laravel/framework/src/Illuminate/Pipeline/Pipeline.php(219): Livewire\\Mechanisms\\HandleRequests\\RequireLivewireHeaders->handle()
#22 /home/sufocani/www/app.arssporttraining.ch/vendor/barryvdh/laravel-debugbar/src/Middleware/InjectDebugbar.php(59): Illuminate\\Pipeline\\Pipeline->{closure:{closure:Illuminate\\Pipeline\\Pipeline::carry():194}:195}()
#23 /home/sufocani/www/app.arssporttraining.ch/vendor/laravel/framework/src/Illuminate/Pipeline/Pipeline.php(219): Barryvdh\\Debugbar\\Middleware\\InjectDebugbar->handle()
#24 /home/sufocani/www/app.arssporttraining.ch/vendor/laravel/framework/src/Illuminate/Routing/Middleware/SubstituteBindings.php(50): Illuminate\\Pipeline\\Pipeline->{closure:{closure:Illuminate\\Pipeline\\Pipeline::carry():194}:195}()
#25 /home/sufocani/www/app.arssporttraining.ch/vendor/laravel/framework/src/Illuminate/Pipeline/Pipeline.php(219): Illuminate\\Routing\\Middleware\\SubstituteBindings->handle()
#26 /home/sufocani/www/app.arssporttraining.ch/vendor/laravel/framework/src/Illuminate/Foundation/Http/Middleware/VerifyCsrfToken.php(87): Illuminate\\Pipeline\\Pipeline->{closure:{closure:Illuminate\\Pipeline\\Pipeline::carry():194}:195}()
#27 /home/sufocani/www/app.arssporttraining.ch/vendor/laravel/framework/src/Illuminate/Pipeline/Pipeline.php(219): Illuminate\\Foundation\\Http\\Middleware\\VerifyCsrfToken->handle()
#28 /home/sufocani/www/app.arssporttraining.ch/vendor/laravel/framework/src/Illuminate/View/Middleware/ShareErrorsFromSession.php(48): Illuminate\\Pipeline\\Pipeline->{closure:{closure:Illuminate\\Pipeline\\Pipeline::carry():194}:195}()
#29 /home/sufocani/www/app.arssporttraining.ch/vendor/laravel/framework/src/Illuminate/Pipeline/Pipeline.php(219): Illuminate\\View\\Middleware\\ShareErrorsFromSession->handle()
#30 /home/sufocani/www/app.arssporttraining.ch/vendor/laravel/framework/src/Illuminate/Session/Middleware/StartSession.php(120): Illuminate\\Pipeline\\Pipeline->{closure:{closure:Illuminate\\Pipeline\\Pipeline::carry():194}:195}()
#31 /home/sufocani/www/app.arssporttraining.ch/vendor/laravel/framework/src/Illuminate/Session/Middleware/StartSession.php(63): Illuminate\\Session\\Middleware\\StartSession->handleStatefulRequest()
#32 /home/sufocani/www/app.arssporttraining.ch/vendor/laravel/framework/src/Illuminate/Pipeline/Pipeline.php(219): Illuminate\\Session\\Middleware\\StartSession->handle()
#33 /home/sufocani/www/app.arssporttraining.ch/vendor/laravel/framework/src/Illuminate/Cookie/Middleware/AddQueuedCookiesToResponse.php(36): Illuminate\\Pipeline\\Pipeline->{closure:{closure:Illuminate\\Pipeline\\Pipeline::carry():194}:195}()
#34 /home/sufocani/www/app.arssporttraining.ch/vendor/laravel/framework/src/Illuminate/Pipeline/Pipeline.php(219): Illuminate\\Cookie\\Middleware\\AddQueuedCookiesToResponse->handle()
#35 /home/sufocani/www/app.arssporttraining.ch/vendor/laravel/framework/src/Illuminate/Cookie/Middleware/EncryptCookies.php(74): Illuminate\\Pipeline\\Pipeline->{closure:{closure:Illuminate\\Pipeline\\Pipeline::carry():194}:195}()
#36 /home/sufocani/www/app.arssporttraining.ch/vendor/laravel/framework/src/Illuminate/Pipeline/Pipeline.php(219): Illuminate\\Cookie\\Middleware\\EncryptCookies->handle()
#37 /home/sufocani/www/app.arssporttraining.ch/vendor/laravel/framework/src/Illuminate/Pipeline/Pipeline.php(137): Illuminate\\Pipeline\\Pipeline->{closure:{closure:Illuminate\\Pipeline\\Pipeline::carry():194}:195}()
#38 /home/sufocani/www/app.arssporttraining.ch/vendor/laravel/framework/src/Illuminate/Routing/Router.php(821): Illuminate\\Pipeline\\Pipeline->then()
#39 /home/sufocani/www/app.arssporttraining.ch/vendor/laravel/framework/src/Illuminate/Routing/Router.php(800): Illuminate\\Routing\\Router->runRouteWithinStack()
#40 /home/sufocani/www/app.arssporttraining.ch/vendor/laravel/framework/src/Illuminate/Routing/Router.php(764): Illuminate\\Routing\\Router->runRoute()
#41 /home/sufocani/www/app.arssporttraining.ch/vendor/laravel/framework/src/Illuminate/Routing/Router.php(753): Illuminate\\Routing\\Router->dispatchToRoute()
#42 /home/sufocani/www/app.arssporttraining.ch/vendor/laravel/framework/src/Illuminate/Foundation/Http/Kernel.php(200): Illuminate\\Routing\\Router->dispatch()
#43 /home/sufocani/www/app.arssporttraining.ch/vendor/laravel/framework/src/Illuminate/Pipeline/Pipeline.php(180): Illuminate\\Foundation\\Http\\Kernel->{closure:Illuminate\\Foundation\\Http\\Kernel::dispatchToRouter():197}()
#44 /home/sufocani/www/app.arssporttraining.ch/vendor/livewire/livewire/src/Features/SupportDisablingBackButtonCache/DisableBackButtonCacheMiddleware.php(19): Illuminate\\Pipeline\\Pipeline->{closure:Illuminate\\Pipeline\\Pipeline::prepareDestination():178}()
#45 /home/sufocani/www/app.arssporttraining.ch/vendor/laravel/framework/src/Illuminate/Pipeline/Pipeline.php(219): Livewire\\Features\\SupportDisablingBackButtonCache\\DisableBackButtonCacheMiddleware->handle()
#46 /home/sufocani/www/app.arssporttraining.ch/vendor/barryvdh/laravel-debugbar/src/Middleware/InjectDebugbar.php(59): Illuminate\\Pipeline\\Pipeline->{closure:{closure:Illuminate\\Pipeline\\Pipeline::carry():194}:195}()
#47 /home/sufocani/www/app.arssporttraining.ch/vendor/laravel/framework/src/Illuminate/Pipeline/Pipeline.php(219): Barryvdh\\Debugbar\\Middleware\\InjectDebugbar->handle()
#48 /home/sufocani/www/app.arssporttraining.ch/app/Http/Middleware/LogRequestTiming.php(14): Illuminate\\Pipeline\\Pipeline->{closure:{closure:Illuminate\\Pipeline\\Pipeline::carry():194}:195}()
#49 /home/sufocani/www/app.arssporttraining.ch/vendor/laravel/framework/src/Illuminate/Pipeline/Pipeline.php(219): App\\Http\\Middleware\\LogRequestTiming->handle()
#50 /home/sufocani/www/app.arssporttraining.ch/vendor/laravel/framework/src/Illuminate/Foundation/Http/Middleware/ConvertEmptyStringsToNull.php(27): Illuminate\\Pipeline\\Pipeline->{closure:{closure:Illuminate\\Pipeline\\Pipeline::carry():194}:195}()
#51 /home/sufocani/www/app.arssporttraining.ch/vendor/laravel/framework/src/Illuminate/Pipeline/Pipeline.php(219): Illuminate\\Foundation\\Http\\Middleware\\ConvertEmptyStringsToNull->handle()
#52 /home/sufocani/www/app.arssporttraining.ch/vendor/laravel/framework/src/Illuminate/Foundation/Http/Middleware/TrimStrings.php(47): Illuminate\\Pipeline\\Pipeline->{closure:{closure:Illuminate\\Pipeline\\Pipeline::carry():194}:195}()
#53 /home/sufocani/www/app.arssporttraining.ch/vendor/laravel/framework/src/Illuminate/Pipeline/Pipeline.php(219): Illuminate\\Foundation\\Http\\Middleware\\TrimStrings->handle()
#54 /home/sufocani/www/app.arssporttraining.ch/vendor/laravel/framework/src/Illuminate/Http/Middleware/ValidatePostSize.php(27): Illuminate\\Pipeline\\Pipeline->{closure:{closure:Illuminate\\Pipeline\\Pipeline::carry():194}:195}()
#55 /home/sufocani/www/app.arssporttraining.ch/vendor/laravel/framework/src/Illuminate/Pipeline/Pipeline.php(219): Illuminate\\Http\\Middleware\\ValidatePostSize->handle()
#56 /home/sufocani/www/app.arssporttraining.ch/vendor/laravel/framework/src/Illuminate/Foundation/Http/Middleware/PreventRequestsDuringMaintenance.php(109): Illuminate\\Pipeline\\Pipeline->{closure:{closure:Illuminate\\Pipeline\\Pipeline::carry():194}:195}()
#57 /home/sufocani/www/app.arssporttraining.ch/vendor/laravel/framework/src/Illuminate/Pipeline/Pipeline.php(219): Illuminate\\Foundation\\Http\\Middleware\\PreventRequestsDuringMaintenance->handle()
#58 /home/sufocani/www/app.arssporttraining.ch/vendor/laravel/framework/src/Illuminate/Http/Middleware/HandleCors.php(61): Illuminate\\Pipeline\\Pipeline->{closure:{closure:Illuminate\\Pipeline\\Pipeline::carry():194}:195}()
#59 /home/sufocani/www/app.arssporttraining.ch/vendor/laravel/framework/src/Illuminate/Pipeline/Pipeline.php(219): Illuminate\\Http\\Middleware\\HandleCors->handle()
#60 /home/sufocani/www/app.arssporttraining.ch/vendor/laravel/framework/src/Illuminate/Http/Middleware/TrustProxies.php(58): Illuminate\\Pipeline\\Pipeline->{closure:{closure:Illuminate\\Pipeline\\Pipeline::carry():194}:195}()
#61 /home/sufocani/www/app.arssporttraining.ch/vendor/laravel/framework/src/Illuminate/Pipeline/Pipeline.php(219): Illuminate\\Http\\Middleware\\TrustProxies->handle()
#62 /home/sufocani/www/app.arssporttraining.ch/vendor/laravel/framework/src/Illuminate/Foundation/Http/Middleware/InvokeDeferredCallbacks.php(22): Illuminate\\Pipeline\\Pipeline->{closure:{closure:Illuminate\\Pipeline\\Pipeline::carry():194}:195}()
#63 /home/sufocani/www/app.arssporttraining.ch/vendor/laravel/framework/src/Illuminate/Pipeline/Pipeline.php(219): Illuminate\\Foundation\\Http\\Middleware\\InvokeDeferredCallbacks->handle()
#64 /home/sufocani/www/app.arssporttraining.ch/vendor/laravel/framework/src/Illuminate/Http/Middleware/ValidatePathEncoding.php(26): Illuminate\\Pipeline\\Pipeline->{closure:{closure:Illuminate\\Pipeline\\Pipeline::carry():194}:195}()
#65 /home/sufocani/www/app.arssporttraining.ch/vendor/laravel/framework/src/Illuminate/Pipeline/Pipeline.php(219): Illuminate\\Http\\Middleware\\ValidatePathEncoding->handle()
#66 /home/sufocani/www/app.arssporttraining.ch/vendor/laravel/framework/src/Illuminate/Pipeline/Pipeline.php(137): Illuminate\\Pipeline\\Pipeline->{closure:{closure:Illuminate\\Pipeline\\Pipeline::carry():194}:195}()
#67 /home/sufocani/www/app.arssporttraining.ch/vendor/laravel/framework/src/Illuminate/Foundation/Http/Kernel.php(175): Illuminate\\Pipeline\\Pipeline->then()
#68 /home/sufocani/www/app.arssporttraining.ch/vendor/laravel/framework/src/Illuminate/Foundation/Http/Kernel.php(144): Illuminate\\Foundation\\Http\\Kernel->sendRequestThroughRouter()
#69 /home/sufocani/www/app.arssporttraining.ch/vendor/laravel/framework/src/Illuminate/Foundation/Application.php(1220): Illuminate\\Foundation\\Http\\Kernel->handle()
#70 /home/sufocani/www/app.arssporttraining.ch/public/index.php(20): Illuminate\\Foundation\\Application->handleRequest()
#71 {main}
"} 
